-- --------------------------------------------------------
-- Host:                         127.0.0.1
-- Server version:               8.0.30 - MySQL Community Server - GPL
-- Server OS:                    Win64
-- HeidiSQL Version:             12.1.0.6537
-- --------------------------------------------------------

/*!40101 SET @OLD_CHARACTER_SET_CLIENT=@@CHARACTER_SET_CLIENT */;
/*!40101 SET NAMES utf8 */;
/*!50503 SET NAMES utf8mb4 */;
/*!40103 SET @OLD_TIME_ZONE=@@TIME_ZONE */;
/*!40103 SET TIME_ZONE='+00:00' */;
/*!40014 SET @OLD_FOREIGN_KEY_CHECKS=@@FOREIGN_KEY_CHECKS, FOREIGN_KEY_CHECKS=0 */;
/*!40101 SET @OLD_SQL_MODE=@@SQL_MODE, SQL_MODE='NO_AUTO_VALUE_ON_ZERO' */;
/*!40111 SET @OLD_SQL_NOTES=@@SQL_NOTES, SQL_NOTES=0 */;


-- Dumping database structure for winboss_api_pipay
CREATE DATABASE IF NOT EXISTS `winboss_api_pipay` /*!40100 DEFAULT CHARACTER SET utf8mb4 COLLATE utf8mb4_0900_ai_ci */ /*!80016 DEFAULT ENCRYPTION='N' */;
USE `winboss_api_pipay`;

-- Dumping structure for table winboss_api_pipay.address_district
CREATE TABLE IF NOT EXISTS `address_district` (
  `id` int unsigned NOT NULL,
  `_name` varchar(100) COLLATE utf8mb3_unicode_ci DEFAULT NULL,
  `_prefix` varchar(20) COLLATE utf8mb3_unicode_ci DEFAULT NULL,
  `_province_id` int unsigned DEFAULT NULL
) ENGINE=InnoDB DEFAULT CHARSET=utf8mb3 COLLATE=utf8mb3_unicode_ci;

-- Dumping data for table winboss_api_pipay.address_district: ~709 rows (approximately)
INSERT INTO `address_district` (`id`, `_name`, `_prefix`, `_province_id`) VALUES
	(1, 'Bình Chánh', 'Huyện', 1),
	(2, 'Bình Tân', 'Quận', 1),
	(3, 'Bình Thạnh', 'Quận', 1),
	(4, 'Cần Giờ', 'Huyện', 1),
	(5, 'Củ Chi', 'Huyện', 1),
	(6, 'Gò Vấp', 'Quận', 1),
	(7, 'Hóc Môn', 'Huyện', 1),
	(8, 'Nhà Bè', 'Huyện', 1),
	(9, 'Phú Nhuận', 'Quận', 1),
	(10, 'Quận 1', '', 1),
	(11, 'Quận 10', '', 1),
	(12, 'Quận 11', '', 1),
	(13, 'Quận 12', '', 1),
	(14, 'Quận 2', '', 1),
	(15, 'Quận 3', '', 1),
	(16, 'Quận 4', '', 1),
	(17, 'Quận 5', '', 1),
	(18, 'Quận 6', '', 1),
	(19, 'Quận 7', '', 1),
	(20, 'Quận 8', '', 1),
	(21, 'Quận 9', '', 1),
	(22, 'Tân Bình', 'Quận', 1),
	(23, 'Tân Phú', 'Quận', 1),
	(24, 'Thủ Đức', 'Quận', 1),
	(25, 'Ba Đình', 'Quận', 2),
	(26, 'Ba Vì', 'Huyện', 2),
	(27, 'Bắc Từ Liêm', 'Quận', 2),
	(28, 'Cầu Giấy', 'Quận', 2),
	(29, 'Chương Mỹ', 'Huyện', 2),
	(30, 'Đan Phượng', 'Huyện', 2),
	(31, 'Đông Anh', 'Huyện', 2),
	(32, 'Đống Đa', 'Quận', 2),
	(33, 'Gia Lâm', 'Huyện', 2),
	(34, 'Hà Đông', 'Quận', 2),
	(35, 'Hai Bà Trưng', 'Quận', 2),
	(36, 'Hoài Đức', 'Huyện', 2),
	(37, 'Hoàn Kiếm', 'Quận', 2),
	(38, 'Hoàng Mai', 'Quận', 2),
	(39, 'Long Biên', 'Quận', 2),
	(40, 'Mê Linh', 'Huyện', 2),
	(41, 'Mỹ Đức', 'Huyện', 2),
	(42, 'Nam Từ Liêm', 'Quận', 2),
	(43, 'Phú Xuyên', 'Huyện', 2),
	(44, 'Phúc Thọ', 'Huyện', 2),
	(45, 'Quốc Oai', 'Huyện', 2),
	(46, 'Sóc Sơn', 'Huyện', 2),
	(47, 'Sơn Tây', 'Thị xã', 2),
	(48, 'Tây Hồ', 'Quận', 2),
	(49, 'Thạch Thất', 'Huyện', 2),
	(50, 'Thanh Oai', 'Huyện', 2),
	(51, 'Thanh Trì', 'Huyện', 2),
	(52, 'Thanh Xuân', 'Quận', 2),
	(53, 'Thường Tín', 'Huyện', 2),
	(54, 'Ứng Hòa', 'Huyện', 2),
	(55, 'Cẩm Lệ', 'Quận', 3),
	(56, 'Hải Châu', 'Quận', 3),
	(57, 'Hòa Vang', 'Huyện', 3),
	(58, 'Hoàng Sa', 'Huyện', 3),
	(59, 'Liên Chiểu', 'Quận', 3),
	(60, 'Ngũ Hành Sơn', 'Quận', 3),
	(61, 'Sơn Trà', 'Quận', 3),
	(62, 'Thanh Khê', 'Quận', 3),
	(63, 'Bàu Bàng', 'Huyện', 4),
	(64, 'Bến Cát', 'Thị xã', 4),
	(65, 'Dầu Tiếng', 'Huyện', 4),
	(66, 'Dĩ An', 'Thị xã', 4),
	(67, 'Phú Giáo', 'Huyện', 4),
	(68, 'Tân Uyên', 'Huyện', 4),
	(69, 'Thủ Dầu Một', 'Thị xã', 4),
	(70, 'Thuận An', 'Huyện', 4),
	(71, 'Biên Hòa', 'Thành phố', 5),
	(72, 'Cẩm Mỹ', 'Huyện', 5),
	(73, 'Định Quán', 'Huyện', 5),
	(74, 'Long Khánh', 'Thị xã', 5),
	(75, 'Long Thành', 'Huyện', 5),
	(76, 'Nhơn Trạch', 'Huyện', 5),
	(77, 'Tân Phú', 'Quận', 5),
	(78, 'Thống Nhất', 'Huyện', 5),
	(79, 'Trảng Bom', 'Huyện', 5),
	(80, 'Vĩnh Cửu', 'Huyện', 5),
	(81, 'Xuân Lộc', 'Huyện', 5),
	(82, 'Cam Lâm', 'Huyện', 6),
	(83, 'Cam Ranh', 'Thành phố', 6),
	(84, 'Diên Khánh', 'Huyện', 6),
	(85, 'Khánh Sơn', 'Huyện', 6),
	(86, 'Khánh Vĩnh', 'Huyện', 6),
	(87, 'Nha Trang', 'Thành phố', 6),
	(88, 'Ninh Hòa', 'Thị xã', 6),
	(89, 'Trường Sa', 'Huyện', 6),
	(90, 'Vạn Ninh', 'Huyện', 6),
	(91, 'An Dương', 'Huyện', 7),
	(92, 'An Lão', 'Huyện', 7),
	(93, 'Bạch Long Vĩ', 'Huyện', 7),
	(94, 'Cát Hải', 'Huyện', 7),
	(95, 'Đồ Sơn', 'Quận', 7),
	(96, 'Dương Kinh', 'Quận', 7),
	(97, 'Hải An', 'Quận', 7),
	(98, 'Hồng Bàng', 'Quận', 7),
	(99, 'Kiến An', 'Quận', 7),
	(100, 'Kiến Thụy', 'Huyện', 7),
	(101, 'Lê Chân', 'Quận', 7),
	(102, 'Ngô Quyền', 'Quận', 7),
	(103, 'Thủy Nguyên', 'Huyện', 7),
	(104, 'Tiên Lãng', 'Huyện', 7),
	(105, 'Vĩnh Bảo', 'Huyện', 7),
	(106, 'Bến Lức', 'Huyện', 8),
	(107, 'Cần Đước', 'Huyện', 8),
	(108, 'Cần Giuộc', 'Huyện', 8),
	(109, 'Châu Thành', 'Huyện', 8),
	(110, 'Đức Hòa', 'Huyện', 8),
	(111, 'Đức Huệ', 'Huyện', 8),
	(112, 'Kiến Tường', 'Thị xã', 8),
	(113, 'Mộc Hóa', 'Huyện', 8),
	(114, 'Tân An', 'Thành phố', 8),
	(115, 'Tân Hưng', 'Huyện', 8),
	(116, 'Tân Thạnh', 'Huyện', 8),
	(117, 'Tân Trụ', 'Huyện', 8),
	(118, 'Thạnh Hóa', 'Huyện', 8),
	(119, 'Thủ Thừa', 'Huyện', 8),
	(120, 'Vĩnh Hưng', 'Huyện', 8),
	(121, 'Bắc Trà My', 'Huyện', 9),
	(122, 'Đại Lộc', 'Huyện', 9),
	(123, 'Điện Bàn', 'Huyện', 9),
	(124, 'Đông Giang', 'Huyện', 9),
	(125, 'Duy Xuyên', 'Huyện', 9),
	(126, 'Hiệp Đức', 'Huyện', 9),
	(127, 'Hội An', 'Thành phố', 9),
	(128, 'Nam Giang', 'Huyện', 9),
	(129, 'Nam Trà My', 'Huyện', 9),
	(130, 'Nông Sơn', 'Huyện', 9),
	(131, 'Núi Thành', 'Huyện', 9),
	(132, 'Phú Ninh', 'Huyện', 9),
	(133, 'Phước Sơn', 'Huyện', 9),
	(134, 'Quế Sơn', 'Huyện', 9),
	(135, 'Tam Kỳ', 'Thành phố', 9),
	(136, 'Tây Giang', 'Huyện', 9),
	(137, 'Thăng Bình', 'Huyện', 9),
	(138, 'Tiên Phước', 'Huyện', 9),
	(139, 'Bà Rịa', 'Thị xã', 10),
	(140, 'Châu Đức', 'Huyện', 10),
	(141, 'Côn Đảo', 'Huyện', 10),
	(142, 'Đất Đỏ', 'Huyện', 10),
	(143, 'Long Điền', 'Huyện', 10),
	(144, 'Tân Thành', 'Huyện', 10),
	(145, 'Vũng Tàu', 'Thành phố', 10),
	(146, 'Xuyên Mộc', 'Huyện', 10),
	(147, 'Buôn Đôn', 'Huyện', 11),
	(148, 'Buôn Hồ', 'Thị xã', 11),
	(149, 'Buôn Ma Thuột', 'Thành phố', 11),
	(150, 'Cư Kuin', 'Huyện', 11),
	(151, 'Cư M\'gar', 'Huyện', 11),
	(152, 'Ea H\'Leo', 'Huyện', 11),
	(153, 'Ea Kar', 'Huyện', 11),
	(154, 'Ea Súp', 'Huyện', 11),
	(155, 'Krông Ana', 'Huyện', 11),
	(156, 'Krông Bông', 'Huyện', 11),
	(157, 'Krông Buk', 'Huyện', 11),
	(158, 'Krông Năng', 'Huyện', 11),
	(159, 'Krông Pắc', 'Huyện', 11),
	(160, 'Lăk', 'Huyện', 11),
	(161, 'M\'Đrăk', 'Huyện', 11),
	(162, ' Thới Lai', 'Huyện', 12),
	(163, 'Bình Thủy', 'Quận', 12),
	(164, 'Cái Răng', 'Quận', 12),
	(165, 'Cờ Đỏ', 'Huyện', 12),
	(166, 'Ninh Kiều', 'Quận', 12),
	(167, 'Ô Môn', 'Quận', 12),
	(168, 'Phong Điền', 'Huyện', 12),
	(169, 'Thốt Nốt', 'Quận', 12),
	(170, 'Vĩnh Thạnh', 'Huyện', 12),
	(171, 'Bắc Bình', 'Huyện', 13),
	(172, 'Đảo Phú Quý', 'Huyện', 13),
	(173, 'Đức Linh', 'Huyện', 13),
	(174, 'Hàm Tân', 'Huyện', 13),
	(175, 'Hàm Thuận Bắc', 'Huyện', 13),
	(176, 'Hàm Thuận Nam', 'Huyện', 13),
	(177, 'La Gi', 'Thị xã', 13),
	(178, 'Phan Thiết', 'Thành phố', 13),
	(179, 'Tánh Linh', 'Huyện', 13),
	(180, 'Tuy Phong', 'Huyện', 13),
	(181, 'Bảo Lâm', 'Huyện', 14),
	(182, 'Bảo Lộc', 'Thành phố', 14),
	(183, 'Cát Tiên', 'Huyện', 14),
	(184, 'Đạ Huoai', 'Huyện', 14),
	(185, 'Đà Lạt', 'Thành phố', 14),
	(186, 'Đạ Tẻh', 'Huyện', 14),
	(187, 'Đam Rông', 'Huyện', 14),
	(188, 'Di Linh', 'Huyện', 14),
	(189, 'Đơn Dương', 'Huyện', 14),
	(190, 'Đức Trọng', 'Huyện', 14),
	(191, 'Lạc Dương', 'Huyện', 14),
	(192, 'Lâm Hà', 'Huyện', 14),
	(193, 'A Lưới', 'Huyện', 15),
	(194, 'Huế', 'Thành phố', 15),
	(195, 'Hương Thủy', 'Thị xã', 15),
	(196, 'Hương Trà', 'Huyện', 15),
	(197, 'Nam Đông', 'Huyện', 15),
	(198, 'Phong Điền', 'Huyện', 15),
	(199, 'Phú Lộc', 'Huyện', 15),
	(200, 'Phú Vang', 'Huyện', 15),
	(201, 'Quảng Điền', 'Huyện', 15),
	(202, 'An Biên', 'Huyện', 16),
	(203, 'An Minh', 'Huyện', 16),
	(204, 'Châu Thành', 'Huyện', 16),
	(205, 'Giang Thành', 'Huyện', 16),
	(206, 'Giồng Riềng', 'Huyện', 16),
	(207, 'Gò Quao', 'Huyện', 16),
	(208, 'Hà Tiên', 'Thị xã', 16),
	(209, 'Hòn Đất', 'Huyện', 16),
	(210, 'Kiên Hải', 'Huyện', 16),
	(211, 'Kiên Lương', 'Huyện', 16),
	(212, 'Phú Quốc', 'Huyện', 16),
	(213, 'Rạch Giá', 'Thành phố', 16),
	(214, 'Tân Hiệp', 'Huyện', 16),
	(215, 'U minh Thượng', 'Huyện', 16),
	(216, 'Vĩnh Thuận', 'Huyện', 16),
	(217, 'Bắc Ninh', 'Thành phố', 17),
	(218, 'Gia Bình', 'Huyện', 17),
	(219, 'Lương Tài', 'Huyện', 17),
	(220, 'Quế Võ', 'Huyện', 17),
	(221, 'Thuận Thành', 'Huyện', 17),
	(222, 'Tiên Du', 'Huyện', 17),
	(223, 'Từ Sơn', 'Thị xã', 17),
	(224, 'Yên Phong', 'Huyện', 17),
	(225, 'Ba Chẽ', 'Huyện', 18),
	(226, 'Bình Liêu', 'Huyện', 18),
	(227, 'Cẩm Phả', 'Thành phố', 18),
	(228, 'Cô Tô', 'Huyện', 18),
	(229, 'Đầm Hà', 'Huyện', 18),
	(230, 'Đông Triều', 'Huyện', 18),
	(231, 'Hạ Long', 'Thành phố', 18),
	(232, 'Hải Hà', 'Huyện', 18),
	(233, 'Hoành Bồ', 'Huyện', 18),
	(234, 'Móng Cái', 'Thành phố', 18),
	(235, 'Quảng Yên', 'Huyện', 18),
	(236, 'Tiên Yên', 'Huyện', 18),
	(237, 'Uông Bí', 'Thị xã', 18),
	(238, 'Vân Đồn', 'Huyện', 18),
	(239, 'Bá Thước', 'Huyện', 19),
	(240, 'Bỉm Sơn', 'Thị xã', 19),
	(241, 'Cẩm Thủy', 'Huyện', 19),
	(242, 'Đông Sơn', 'Huyện', 19),
	(243, 'Hà Trung', 'Huyện', 19),
	(244, 'Hậu Lộc', 'Huyện', 19),
	(245, 'Hoằng Hóa', 'Huyện', 19),
	(246, 'Lang Chánh', 'Huyện', 19),
	(247, 'Mường Lát', 'Huyện', 19),
	(248, 'Nga Sơn', 'Huyện', 19),
	(249, 'Ngọc Lặc', 'Huyện', 19),
	(250, 'Như Thanh', 'Huyện', 19),
	(251, 'Như Xuân', 'Huyện', 19),
	(252, 'Nông Cống', 'Huyện', 19),
	(253, 'Quan Hóa', 'Huyện', 19),
	(254, 'Quan Sơn', 'Huyện', 19),
	(255, 'Quảng Xương', 'Huyện', 19),
	(256, 'Sầm Sơn', 'Thị xã', 19),
	(257, 'Thạch Thành', 'Huyện', 19),
	(258, 'Thanh Hóa', 'Thành phố', 19),
	(259, 'Thiệu Hóa', 'Huyện', 19),
	(260, 'Thọ Xuân', 'Huyện', 19),
	(261, 'Thường Xuân', 'Huyện', 19),
	(262, 'Tĩnh Gia', 'Huyện', 19),
	(263, 'Triệu Sơn', 'Huyện', 19),
	(264, 'Vĩnh Lộc', 'Huyện', 19),
	(265, 'Yên Định', 'Huyện', 19),
	(266, 'Anh Sơn', 'Huyện', 20),
	(267, 'Con Cuông', 'Huyện', 20),
	(268, 'Cửa Lò', 'Thị xã', 20),
	(269, 'Diễn Châu', 'Huyện', 20),
	(270, 'Đô Lương', 'Huyện', 20),
	(271, 'Hoàng Mai', 'Thị xã', 20),
	(272, 'Hưng Nguyên', 'Huyện', 20),
	(273, 'Kỳ Sơn', 'Huyện', 20),
	(274, 'Nam Đàn', 'Huyện', 20),
	(275, 'Nghi Lộc', 'Huyện', 20),
	(276, 'Nghĩa Đàn', 'Huyện', 20),
	(277, 'Quế Phong', 'Huyện', 20),
	(278, 'Quỳ Châu', 'Huyện', 20),
	(279, 'Quỳ Hợp', 'Huyện', 20),
	(280, 'Quỳnh Lưu', 'Huyện', 20),
	(281, 'Tân Kỳ', 'Huyện', 20),
	(282, 'Thái Hòa', 'Thị xã', 20),
	(283, 'Thanh Chương', 'Huyện', 20),
	(284, 'Tương Dương', 'Huyện', 20),
	(285, 'Vinh', 'Thành phố', 20),
	(286, 'Yên Thành', 'Huyện', 20),
	(287, 'Bình Giang', 'Huyện', 21),
	(288, 'Cẩm Giàng', 'Huyện', 21),
	(289, 'Chí Linh', 'Thị xã', 21),
	(290, 'Gia Lộc', 'Huyện', 21),
	(291, 'Hải Dương', 'Thành phố', 21),
	(292, 'Kim Thành', 'Huyện', 21),
	(293, 'Kinh Môn', 'Huyện', 21),
	(294, 'Nam Sách', 'Huyện', 21),
	(295, 'Ninh Giang', 'Huyện', 21),
	(296, 'Thanh Hà', 'Huyện', 21),
	(297, 'Thanh Miện', 'Huyện', 21),
	(298, 'Tứ Kỳ', 'Huyện', 21),
	(299, 'An Khê', 'Thị xã', 22),
	(300, 'AYun Pa', 'Thị xã', 22),
	(301, 'Chư Păh', 'Huyện', 22),
	(302, 'Chư Pưh', 'Huyện', 22),
	(303, 'Chư Sê', 'Huyện', 22),
	(304, 'ChưPRông', 'Huyện', 22),
	(305, 'Đăk Đoa', 'Huyện', 22),
	(306, 'Đăk Pơ', 'Huyện', 22),
	(307, 'Đức Cơ', 'Huyện', 22),
	(308, 'Ia Grai', 'Huyện', 22),
	(309, 'Ia Pa', 'Huyện', 22),
	(310, 'KBang', 'Huyện', 22),
	(311, 'Kông Chro', 'Huyện', 22),
	(312, 'Krông Pa', 'Huyện', 22),
	(313, 'Mang Yang', 'Huyện', 22),
	(314, 'Phú Thiện', 'Huyện', 22),
	(315, 'Plei Ku', 'Thành phố', 22),
	(316, 'Bình Long', 'Thị xã', 23),
	(317, 'Bù Đăng', 'Huyện', 23),
	(318, 'Bù Đốp', 'Huyện', 23),
	(319, 'Bù Gia Mập', 'Huyện', 23),
	(320, 'Chơn Thành', 'Huyện', 23),
	(321, 'Đồng Phú', 'Huyện', 23),
	(322, 'Đồng Xoài', 'Thị xã', 23),
	(323, 'Hớn Quản', 'Huyện', 23),
	(324, 'Lộc Ninh', 'Huyện', 23),
	(325, 'Phú Riềng', 'Huyện', 23),
	(326, 'Phước Long', 'Thị xã', 23),
	(327, 'Ân Thi', 'Huyện', 24),
	(328, 'Hưng Yên', 'Thành phố', 24),
	(329, 'Khoái Châu', 'Huyện', 24),
	(330, 'Kim Động', 'Huyện', 24),
	(331, 'Mỹ Hào', 'Huyện', 24),
	(332, 'Phù Cừ', 'Huyện', 24),
	(333, 'Tiên Lữ', 'Huyện', 24),
	(334, 'Văn Giang', 'Huyện', 24),
	(335, 'Văn Lâm', 'Huyện', 24),
	(336, 'Yên Mỹ', 'Huyện', 24),
	(337, 'An Lão', 'Huyện', 25),
	(338, 'An Nhơn', 'Huyện', 25),
	(339, 'Hoài Ân', 'Huyện', 25),
	(340, 'Hoài Nhơn', 'Huyện', 25),
	(341, 'Phù Cát', 'Huyện', 25),
	(342, 'Phù Mỹ', 'Huyện', 25),
	(343, 'Quy Nhơn', 'Thành phố', 25),
	(344, 'Tây Sơn', 'Huyện', 25),
	(345, 'Tuy Phước', 'Huyện', 25),
	(346, 'Vân Canh', 'Huyện', 25),
	(347, 'Vĩnh Thạnh', 'Huyện', 25),
	(348, 'Cái Bè', 'Huyện', 26),
	(349, 'Cai Lậy', 'Thị xã', 26),
	(350, 'Châu Thành', 'Huyện', 26),
	(351, 'Chợ Gạo', 'Huyện', 26),
	(352, 'Gò Công', 'Thị xã', 26),
	(353, 'Gò Công Đông', 'Huyện', 26),
	(354, 'Gò Công Tây', 'Huyện', 26),
	(355, 'Huyện Cai Lậy', 'Huyện', 26),
	(356, 'Mỹ Tho', 'Thành phố', 26),
	(357, 'Tân Phú Đông', 'Huyện', 26),
	(358, 'Tân Phước', 'Huyện', 26),
	(359, 'Đông Hưng', 'Huyện', 27),
	(360, 'Hưng Hà', 'Huyện', 27),
	(361, 'Kiến Xương', 'Huyện', 27),
	(362, 'Quỳnh Phụ', 'Huyện', 27),
	(363, 'Thái Bình', 'Thành phố', 27),
	(364, 'Thái Thuỵ', 'Huyện', 27),
	(365, 'Tiền Hải', 'Huyện', 27),
	(366, 'Vũ Thư', 'Huyện', 27),
	(367, 'Bắc Giang', 'Thành phố', 28),
	(368, 'Hiệp Hòa', 'Huyện', 28),
	(369, 'Lạng Giang', 'Huyện', 28),
	(370, 'Lục Nam', 'Huyện', 28),
	(371, 'Lục Ngạn', 'Huyện', 28),
	(372, 'Sơn Động', 'Huyện', 28),
	(373, 'Tân Yên', 'Huyện', 28),
	(374, 'Việt Yên', 'Huyện', 28),
	(375, 'Yên Dũng', 'Huyện', 28),
	(376, 'Yên Thế', 'Huyện', 28),
	(377, 'Cao Phong', 'Huyện', 29),
	(378, 'Đà Bắc', 'Huyện', 29),
	(379, 'Hòa Bình', 'Thành phố', 29),
	(380, 'Kim Bôi', 'Huyện', 29),
	(381, 'Kỳ Sơn', 'Huyện', 29),
	(382, 'Lạc Sơn', 'Huyện', 29),
	(383, 'Lạc Thủy', 'Huyện', 29),
	(384, 'Lương Sơn', 'Huyện', 29),
	(385, 'Mai Châu', 'Huyện', 29),
	(386, 'Tân Lạc', 'Huyện', 29),
	(387, 'Yên Thủy', 'Huyện', 29),
	(388, 'An Phú', 'Huyện', 30),
	(389, 'Châu Đốc', 'Thị xã', 30),
	(390, 'Châu Phú', 'Huyện', 30),
	(391, 'Châu Thành', 'Huyện', 30),
	(392, 'Chợ Mới', 'Huyện', 30),
	(393, 'Long Xuyên', 'Thành phố', 30),
	(394, 'Phú Tân', 'Huyện', 30),
	(395, 'Tân Châu', 'Thị xã', 30),
	(396, 'Thoại Sơn', 'Huyện', 30),
	(397, 'Tịnh Biên', 'Huyện', 30),
	(398, 'Tri Tôn', 'Huyện', 30),
	(399, 'Bình Xuyên', 'Huyện', 31),
	(400, 'Lập Thạch', 'Huyện', 31),
	(401, 'Phúc Yên', 'Thị xã', 31),
	(402, 'Sông Lô', 'Huyện', 31),
	(403, 'Tam Đảo', 'Huyện', 31),
	(404, 'Tam Dương', 'Huyện', 31),
	(405, 'Vĩnh Tường', 'Huyện', 31),
	(406, 'Vĩnh Yên', 'Thành phố', 31),
	(407, 'Yên Lạc', 'Huyện', 31),
	(408, 'Bến Cầu', 'Huyện', 32),
	(409, 'Châu Thành', 'Huyện', 32),
	(410, 'Dương Minh Châu', 'Huyện', 32),
	(411, 'Gò Dầu', 'Huyện', 32),
	(412, 'Hòa Thành', 'Huyện', 32),
	(413, 'Tân Biên', 'Huyện', 32),
	(414, 'Tân Châu', 'Huyện', 32),
	(415, 'Tây Ninh', 'Thị xã', 32),
	(416, 'Trảng Bàng', 'Huyện', 32),
	(417, 'Đại Từ', 'Huyện', 33),
	(418, 'Định Hóa', 'Huyện', 33),
	(419, 'Đồng Hỷ', 'Huyện', 33),
	(420, 'Phổ Yên', 'Huyện', 33),
	(421, 'Phú Bình', 'Huyện', 33),
	(422, 'Phú Lương', 'Huyện', 33),
	(423, 'Sông Công', 'Thị xã', 33),
	(424, 'Thái Nguyên', 'Thành phố', 33),
	(425, 'Võ Nhai', 'Huyện', 33),
	(426, 'Bắc Hà', 'Huyện', 34),
	(427, 'Bảo Thắng', 'Huyện', 34),
	(428, 'Bảo Yên', 'Huyện', 34),
	(429, 'Bát Xát', 'Huyện', 34),
	(430, 'Lào Cai', 'Thành phố', 34),
	(431, 'Mường Khương', 'Huyện', 34),
	(432, 'Sa Pa', 'Huyện', 34),
	(433, 'Văn Bàn', 'Huyện', 34),
	(434, 'Xi Ma Cai', 'Huyện', 34),
	(435, 'Giao Thủy', 'Huyện', 35),
	(436, 'Hải Hậu', 'Huyện', 35),
	(437, 'Mỹ Lộc', 'Huyện', 35),
	(438, 'Nam Định', 'Thành phố', 35),
	(439, 'Nam Trực', 'Huyện', 35),
	(440, 'Nghĩa Hưng', 'Huyện', 35),
	(441, 'Trực Ninh', 'Huyện', 35),
	(442, 'Vụ Bản', 'Huyện', 35),
	(443, 'Xuân Trường', 'Huyện', 35),
	(444, 'Ý Yên', 'Huyện', 35),
	(445, 'Ba Tơ', 'Huyện', 36),
	(446, 'Bình Sơn', 'Huyện', 36),
	(447, 'Đức Phổ', 'Huyện', 36),
	(448, 'Lý Sơn', 'Huyện', 36),
	(449, 'Minh Long', 'Huyện', 36),
	(450, 'Mộ Đức', 'Huyện', 36),
	(451, 'Nghĩa Hành', 'Huyện', 36),
	(452, 'Quảng Ngãi', 'Thành phố', 36),
	(453, 'Sơn Hà', 'Huyện', 36),
	(454, 'Sơn Tây', 'Huyện', 36),
	(455, 'Sơn Tịnh', 'Huyện', 36),
	(456, 'Tây Trà', 'Huyện', 36),
	(457, 'Trà Bồng', 'Huyện', 36),
	(458, 'Tư Nghĩa', 'Huyện', 36),
	(459, 'Ba Tri', 'Huyện', 37),
	(460, 'Bến Tre', 'Thành phố', 37),
	(461, 'Bình Đại', 'Huyện', 37),
	(462, 'Châu Thành', 'Huyện', 37),
	(463, 'Chợ Lách', 'Huyện', 37),
	(464, 'Giồng Trôm', 'Huyện', 37),
	(465, 'Mỏ Cày Bắc', 'Huyện', 37),
	(466, 'Mỏ Cày Nam', 'Huyện', 37),
	(467, 'Thạnh Phú', 'Huyện', 37),
	(468, 'Cư Jút', 'Huyện', 38),
	(469, 'Dăk GLong', 'Huyện', 38),
	(470, 'Dăk Mil', 'Huyện', 38),
	(471, 'Dăk R\'Lấp', 'Huyện', 38),
	(472, 'Dăk Song', 'Huyện', 38),
	(473, 'Gia Nghĩa', 'Thị xã', 38),
	(474, 'Krông Nô', 'Huyện', 38),
	(475, 'Tuy Đức', 'Huyện', 38),
	(476, 'Cà Mau', 'Thành phố', 39),
	(477, 'Cái Nước', 'Huyện', 39),
	(478, 'Đầm Dơi', 'Huyện', 39),
	(479, 'Năm Căn', 'Huyện', 39),
	(480, 'Ngọc Hiển', 'Huyện', 39),
	(481, 'Phú Tân', 'Huyện', 39),
	(482, 'Thới Bình', 'Huyện', 39),
	(483, 'Trần Văn Thời', 'Huyện', 39),
	(484, 'U Minh', 'Huyện', 39),
	(485, 'Bình Minh', 'Huyện', 40),
	(486, 'Bình Tân', 'Quận', 40),
	(487, 'Long Hồ', 'Huyện', 40),
	(488, 'Mang Thít', 'Huyện', 40),
	(489, 'Tam Bình', 'Huyện', 40),
	(490, 'Trà Ôn', 'Huyện', 40),
	(491, 'Vĩnh Long', 'Thành phố', 40),
	(492, 'Vũng Liêm', 'Huyện', 40),
	(493, 'Gia Viễn', 'Huyện', 41),
	(494, 'Hoa Lư', 'Huyện', 41),
	(495, 'Kim Sơn', 'Huyện', 41),
	(496, 'Nho Quan', 'Huyện', 41),
	(497, 'Ninh Bình', 'Thành phố', 41),
	(498, 'Tam Điệp', 'Thị xã', 41),
	(499, 'Yên Khánh', 'Huyện', 41),
	(500, 'Yên Mô', 'Huyện', 41),
	(501, 'Cẩm Khê', 'Huyện', 42),
	(502, 'Đoan Hùng', 'Huyện', 42),
	(503, 'Hạ Hòa', 'Huyện', 42),
	(504, 'Lâm Thao', 'Huyện', 42),
	(505, 'Phù Ninh', 'Huyện', 42),
	(506, 'Phú Thọ', 'Thị xã', 42),
	(507, 'Tam Nông', 'Huyện', 42),
	(508, 'Tân Sơn', 'Huyện', 42),
	(509, 'Thanh Ba', 'Huyện', 42),
	(510, 'Thanh Sơn', 'Huyện', 42),
	(511, 'Thanh Thủy', 'Huyện', 42),
	(512, 'Việt Trì', 'Thành phố', 42),
	(513, 'Yên Lập', 'Huyện', 42),
	(514, 'Bác Ái', 'Huyện', 43),
	(515, 'Ninh Hải', 'Huyện', 43),
	(516, 'Ninh Phước', 'Huyện', 43),
	(517, 'Ninh Sơn', 'Huyện', 43),
	(518, 'Phan Rang - Tháp Chàm', 'Thành phố', 43),
	(519, 'Thuận Bắc', 'Huyện', 43),
	(520, 'Thuận Nam', 'Huyện', 43),
	(521, 'Đông Hòa', 'Huyện', 44),
	(522, 'Đồng Xuân', 'Huyện', 44),
	(523, 'Phú Hòa', 'Huyện', 44),
	(524, 'Sơn Hòa', 'Huyện', 44),
	(525, 'Sông Cầu', 'Thị xã', 44),
	(526, 'Sông Hinh', 'Huyện', 44),
	(527, 'Tây Hòa', 'Huyện', 44),
	(528, 'Tuy An', 'Huyện', 44),
	(529, 'Tuy Hòa', 'Thành phố', 44),
	(530, 'Bình Lục', 'Huyện', 45),
	(531, 'Duy Tiên', 'Huyện', 45),
	(532, 'Kim Bảng', 'Huyện', 45),
	(533, 'Lý Nhân', 'Huyện', 45),
	(534, 'Phủ Lý', 'Thành phố', 45),
	(535, 'Thanh Liêm', 'Huyện', 45),
	(536, 'Cẩm Xuyên', 'Huyện', 46),
	(537, 'Can Lộc', 'Huyện', 46),
	(538, 'Đức Thọ', 'Huyện', 46),
	(539, 'Hà Tĩnh', 'Thành phố', 46),
	(540, 'Hồng Lĩnh', 'Thị xã', 46),
	(541, 'Hương Khê', 'Huyện', 46),
	(542, 'Hương Sơn', 'Huyện', 46),
	(543, 'Kỳ Anh', 'Huyện', 46),
	(544, 'Lộc Hà', 'Huyện', 46),
	(545, 'Nghi Xuân', 'Huyện', 46),
	(546, 'Thạch Hà', 'Huyện', 46),
	(547, 'Vũ Quang', 'Huyện', 46),
	(548, 'Cao Lãnh', 'Thành phố', 47),
	(549, 'Châu Thành', 'Huyện', 47),
	(550, 'Hồng Ngự', 'Thị xã', 47),
	(551, 'Huyện Cao Lãnh', 'Huyện', 47),
	(552, 'Huyện Hồng Ngự', 'Huyện', 47),
	(553, 'Lai Vung', 'Huyện', 47),
	(554, 'Lấp Vò', 'Huyện', 47),
	(555, 'Sa Đéc', 'Thị xã', 47),
	(556, 'Tam Nông', 'Huyện', 47),
	(557, 'Tân Hồng', 'Huyện', 47),
	(558, 'Thanh Bình', 'Huyện', 47),
	(559, 'Tháp Mười', 'Huyện', 47),
	(560, 'Châu Thành', 'Huyện', 48),
	(561, 'Cù Lao Dung', 'Huyện', 48),
	(562, 'Kế Sách', 'Huyện', 48),
	(563, 'Long Phú', 'Huyện', 48),
	(564, 'Mỹ Tú', 'Huyện', 48),
	(565, 'Mỹ Xuyên', 'Huyện', 48),
	(566, 'Ngã Năm', 'Huyện', 48),
	(567, 'Sóc Trăng', 'Thành phố', 48),
	(568, 'Thạnh Trị', 'Huyện', 48),
	(569, 'Trần Đề', 'Huyện', 48),
	(570, 'Vĩnh Châu', 'Huyện', 48),
	(571, 'Đăk Glei', 'Huyện', 49),
	(572, 'Đăk Hà', 'Huyện', 49),
	(573, 'Đăk Tô', 'Huyện', 49),
	(574, 'Ia H\'Drai', 'Huyện', 49),
	(575, 'Kon Plông', 'Huyện', 49),
	(576, 'Kon Rẫy', 'Huyện', 49),
	(577, 'KonTum', 'Thành phố', 49),
	(578, 'Ngọc Hồi', 'Huyện', 49),
	(579, 'Sa Thầy', 'Huyện', 49),
	(580, 'Tu Mơ Rông', 'Huyện', 49),
	(581, 'Ba Đồn', 'Thị xã', 50),
	(582, 'Bố Trạch', 'Huyện', 50),
	(583, 'Đồng Hới', 'Thành phố', 50),
	(584, 'Lệ Thủy', 'Huyện', 50),
	(585, 'Minh Hóa', 'Huyện', 50),
	(586, 'Quảng Ninh', 'Huyện', 50),
	(587, 'Quảng Trạch', 'Huyện', 50),
	(588, 'Tuyên Hóa', 'Huyện', 50),
	(589, 'Cam Lộ', 'Huyện', 51),
	(590, 'Đa Krông', 'Huyện', 51),
	(591, 'Đảo Cồn cỏ', 'Huyện', 51),
	(592, 'Đông Hà', 'Thành phố', 51),
	(593, 'Gio Linh', 'Huyện', 51),
	(594, 'Hải Lăng', 'Huyện', 51),
	(595, 'Hướng Hóa', 'Huyện', 51),
	(596, 'Quảng Trị', 'Thị xã', 51),
	(597, 'Triệu Phong', 'Huyện', 51),
	(598, 'Vĩnh Linh', 'Huyện', 51),
	(599, 'Càng Long', 'Huyện', 52),
	(600, 'Cầu Kè', 'Huyện', 52),
	(601, 'Cầu Ngang', 'Huyện', 52),
	(602, 'Châu Thành', 'Huyện', 52),
	(603, 'Duyên Hải', 'Huyện', 52),
	(604, 'Tiểu Cần', 'Huyện', 52),
	(605, 'Trà Cú', 'Huyện', 52),
	(606, 'Trà Vinh', 'Thành phố', 52),
	(607, 'Châu Thành', 'Huyện', 53),
	(608, 'Châu Thành A', 'Huyện', 53),
	(609, 'Long Mỹ', 'Huyện', 53),
	(610, 'Ngã Bảy', 'Thị xã', 53),
	(611, 'Phụng Hiệp', 'Huyện', 53),
	(612, 'Vị Thanh', 'Thành phố', 53),
	(613, 'Vị Thủy', 'Huyện', 53),
	(614, 'Bắc Yên', 'Huyện', 54),
	(615, 'Mai Sơn', 'Huyện', 54),
	(616, 'Mộc Châu', 'Huyện', 54),
	(617, 'Mường La', 'Huyện', 54),
	(618, 'Phù Yên', 'Huyện', 54),
	(619, 'Quỳnh Nhai', 'Huyện', 54),
	(620, 'Sơn La', 'Thành phố', 54),
	(621, 'Sông Mã', 'Huyện', 54),
	(622, 'Sốp Cộp', 'Huyện', 54),
	(623, 'Thuận Châu', 'Huyện', 54),
	(624, 'Vân Hồ', 'Huyện', 54),
	(625, 'Yên Châu', 'Huyện', 54),
	(626, 'Bạc Liêu', 'Thành phố', 55),
	(627, 'Đông Hải', 'Huyện', 55),
	(628, 'Giá Rai', 'Huyện', 55),
	(629, 'Hòa Bình', 'Huyện', 55),
	(630, 'Hồng Dân', 'Huyện', 55),
	(631, 'Phước Long', 'Huyện', 55),
	(632, 'Vĩnh Lợi', 'Huyện', 55),
	(633, 'Lục Yên', 'Huyện', 56),
	(634, 'Mù Cang Chải', 'Huyện', 56),
	(635, 'Nghĩa Lộ', 'Thị xã', 56),
	(636, 'Trạm Tấu', 'Huyện', 56),
	(637, 'Trấn Yên', 'Huyện', 56),
	(638, 'Văn Chấn', 'Huyện', 56),
	(639, 'Văn Yên', 'Huyện', 56),
	(640, 'Yên Bái', 'Thành phố', 56),
	(641, 'Yên Bình', 'Huyện', 56),
	(642, 'Chiêm Hóa', 'Huyện', 57),
	(643, 'Hàm Yên', 'Huyện', 57),
	(644, 'Lâm Bình', 'Huyện', 57),
	(645, 'Na Hang', 'Huyện', 57),
	(646, 'Sơn Dương', 'Huyện', 57),
	(647, 'Tuyên Quang', 'Thành phố', 57),
	(648, 'Yên Sơn', 'Huyện', 57),
	(649, 'Điện Biên', 'Huyện', 58),
	(650, 'Điện Biên Đông', 'Huyện', 58),
	(651, 'Điện Biên Phủ', 'Thành phố', 58),
	(652, 'Mường Ảng', 'Huyện', 58),
	(653, 'Mường Chà', 'Huyện', 58),
	(654, 'Mường Lay', 'Thị xã', 58),
	(655, 'Mường Nhé', 'Huyện', 58),
	(656, 'Nậm Pồ', 'Huyện', 58),
	(657, 'Tủa Chùa', 'Huyện', 58),
	(658, 'Tuần Giáo', 'Huyện', 58),
	(659, 'Lai Châu', 'Thị xã', 59),
	(660, 'Mường Tè', 'Huyện', 59),
	(661, 'Nậm Nhùn', 'Huyện', 59),
	(662, 'Phong Thổ', 'Huyện', 59),
	(663, 'Sìn Hồ', 'Huyện', 59),
	(664, 'Tam Đường', 'Huyện', 59),
	(665, 'Tân Uyên', 'Huyện', 59),
	(666, 'Than Uyên', 'Huyện', 59),
	(667, 'Bắc Sơn', 'Huyện', 60),
	(668, 'Bình Gia', 'Huyện', 60),
	(669, 'Cao Lộc', 'Huyện', 60),
	(670, 'Chi Lăng', 'Huyện', 60),
	(671, 'Đình Lập', 'Huyện', 60),
	(672, 'Hữu Lũng', 'Huyện', 60),
	(673, 'Lạng Sơn', 'Thành phố', 60),
	(674, 'Lộc Bình', 'Huyện', 60),
	(675, 'Tràng Định', 'Huyện', 60),
	(676, 'Văn Lãng', 'Huyện', 60),
	(677, 'Văn Quan', 'Huyện', 60),
	(678, 'Bắc Mê', 'Huyện', 61),
	(679, 'Bắc Quang', 'Huyện', 61),
	(680, 'Đồng Văn', 'Huyện', 61),
	(681, 'Hà Giang', 'Thành phố', 61),
	(682, 'Hoàng Su Phì', 'Huyện', 61),
	(683, 'Mèo Vạc', 'Huyện', 61),
	(684, 'Quản Bạ', 'Huyện', 61),
	(685, 'Quang Bình', 'Huyện', 61),
	(686, 'Vị Xuyên', 'Huyện', 61),
	(687, 'Xín Mần', 'Huyện', 61),
	(688, 'Yên Minh', 'Huyện', 61),
	(689, 'Ba Bể', 'Huyện', 62),
	(690, 'Bắc Kạn', 'Thị xã', 62),
	(691, 'Bạch Thông', 'Huyện', 62),
	(692, 'Chợ Đồn', 'Huyện', 62),
	(693, 'Chợ Mới', 'Huyện', 62),
	(694, 'Na Rì', 'Huyện', 62),
	(695, 'Ngân Sơn', 'Huyện', 62),
	(696, 'Pác Nặm', 'Huyện', 62),
	(697, 'Bảo Lạc', 'Huyện', 63),
	(698, 'Bảo Lâm', 'Huyện', 63),
	(699, 'Cao Bằng', 'Thị xã', 63),
	(700, 'Hạ Lang', 'Huyện', 63),
	(701, 'Hà Quảng', 'Huyện', 63),
	(702, 'Hòa An', 'Huyện', 63),
	(703, 'Nguyên Bình', 'Huyện', 63),
	(704, 'Phục Hòa', 'Huyện', 63),
	(705, 'Quảng Uyên', 'Huyện', 63),
	(706, 'Thạch An', 'Huyện', 63),
	(707, 'Thông Nông', 'Huyện', 63),
	(708, 'Trà Lĩnh', 'Huyện', 63),
	(709, 'Trùng Khánh', 'Huyện', 63);

-- Dumping structure for table winboss_api_pipay.address_province
CREATE TABLE IF NOT EXISTS `address_province` (
  `id` int unsigned NOT NULL,
  `_name` varchar(50) COLLATE utf8mb3_unicode_ci DEFAULT NULL,
  `_code` varchar(20) COLLATE utf8mb3_unicode_ci DEFAULT NULL
) ENGINE=InnoDB DEFAULT CHARSET=utf8mb3 COLLATE=utf8mb3_unicode_ci;

-- Dumping data for table winboss_api_pipay.address_province: ~63 rows (approximately)
INSERT INTO `address_province` (`id`, `_name`, `_code`) VALUES
	(1, 'Hồ Chí Minh', 'SG'),
	(2, 'Hà Nội', 'HN'),
	(3, 'Đà Nẵng', 'DDN'),
	(4, 'Bình Dương', 'BD'),
	(5, 'Đồng Nai', 'DNA'),
	(6, 'Khánh Hòa', 'KH'),
	(7, 'Hải Phòng', 'HP'),
	(8, 'Long An', 'LA'),
	(9, 'Quảng Nam', 'QNA'),
	(10, 'Bà Rịa Vũng Tàu', 'VT'),
	(11, 'Đắk Lắk', 'DDL'),
	(12, 'Cần Thơ', 'CT'),
	(13, 'Bình Thuận  ', 'BTH'),
	(14, 'Lâm Đồng', 'LDD'),
	(15, 'Thừa Thiên Huế', 'TTH'),
	(16, 'Kiên Giang', 'KG'),
	(17, 'Bắc Ninh', 'BN'),
	(18, 'Quảng Ninh', 'QNI'),
	(19, 'Thanh Hóa', 'TH'),
	(20, 'Nghệ An', 'NA'),
	(21, 'Hải Dương', 'HD'),
	(22, 'Gia Lai', 'GL'),
	(23, 'Bình Phước', 'BP'),
	(24, 'Hưng Yên', 'HY'),
	(25, 'Bình Định', 'BDD'),
	(26, 'Tiền Giang', 'TG'),
	(27, 'Thái Bình', 'TB'),
	(28, 'Bắc Giang', 'BG'),
	(29, 'Hòa Bình', 'HB'),
	(30, 'An Giang', 'AG'),
	(31, 'Vĩnh Phúc', 'VP'),
	(32, 'Tây Ninh', 'TNI'),
	(33, 'Thái Nguyên', 'TN'),
	(34, 'Lào Cai', 'LCA'),
	(35, 'Nam Định', 'NDD'),
	(36, 'Quảng Ngãi', 'QNG'),
	(37, 'Bến Tre', 'BTR'),
	(38, 'Đắk Nông', 'DNO'),
	(39, 'Cà Mau', 'CM'),
	(40, 'Vĩnh Long', 'VL'),
	(41, 'Ninh Bình', 'NB'),
	(42, 'Phú Thọ', 'PT'),
	(43, 'Ninh Thuận', 'NT'),
	(44, 'Phú Yên', 'PY'),
	(45, 'Hà Nam', 'HNA'),
	(46, 'Hà Tĩnh', 'HT'),
	(47, 'Đồng Tháp', 'DDT'),
	(48, 'Sóc Trăng', 'ST'),
	(49, 'Kon Tum', 'KT'),
	(50, 'Quảng Bình', 'QB'),
	(51, 'Quảng Trị', 'QT'),
	(52, 'Trà Vinh', 'TV'),
	(53, 'Hậu Giang', 'HGI'),
	(54, 'Sơn La', 'SL'),
	(55, 'Bạc Liêu', 'BL'),
	(56, 'Yên Bái', 'YB'),
	(57, 'Tuyên Quang', 'TQ'),
	(58, 'Điện Biên', 'DDB'),
	(59, 'Lai Châu', 'LCH'),
	(60, 'Lạng Sơn', 'LS'),
	(61, 'Hà Giang', 'HG'),
	(62, 'Bắc Kạn', 'BK'),
	(63, 'Cao Bằng', 'CB');

-- Dumping structure for table winboss_api_pipay.agency
CREATE TABLE IF NOT EXISTS `agency` (
  `id` int NOT NULL,
  `email` varchar(255) CHARACTER SET utf8mb3 COLLATE utf8mb3_general_ci NOT NULL,
  `country_id` int DEFAULT NULL,
  `phone_number` int DEFAULT NULL,
  `country_name` varchar(255) DEFAULT NULL,
  `name` varchar(255) NOT NULL,
  `birthday` datetime NOT NULL,
  `telegram_id` varchar(50) NOT NULL,
  `position` varchar(255) NOT NULL,
  `work` tinyint(1) NOT NULL,
  `resume` text CHARACTER SET utf8mb3 COLLATE utf8mb3_unicode_ci,
  `created_at` datetime NOT NULL
) ENGINE=InnoDB DEFAULT CHARSET=latin1;

-- Dumping data for table winboss_api_pipay.agency: ~0 rows (approximately)

-- Dumping structure for table winboss_api_pipay.balances
CREATE TABLE IF NOT EXISTS `balances` (
  `id` int NOT NULL AUTO_INCREMENT,
  `merchant_id` int DEFAULT NULL,
  `zalo` decimal(18,8) NOT NULL DEFAULT '0.00000000',
  `viettel` decimal(18,8) NOT NULL DEFAULT '0.00000000',
  `payout` decimal(18,8) NOT NULL DEFAULT '0.00000000',
  `momo` decimal(18,8) NOT NULL DEFAULT '0.00000000',
  `online` decimal(18,8) NOT NULL DEFAULT '0.00000000',
  `usdt` decimal(18,8) NOT NULL DEFAULT '0.00000000',
  `total_wallet` decimal(18,8) NOT NULL DEFAULT '0.00000000',
  `recharge` decimal(18,8) NOT NULL DEFAULT '0.00000000',
  `created_at` datetime NOT NULL DEFAULT CURRENT_TIMESTAMP,
  `updated_at` datetime DEFAULT NULL,
  PRIMARY KEY (`id`),
  KEY `fk_balances_merchant_id` (`merchant_id`),
  CONSTRAINT `fk_balances_merchant_id` FOREIGN KEY (`merchant_id`) REFERENCES `merchants` (`id`) ON DELETE SET NULL ON UPDATE SET NULL
) ENGINE=InnoDB AUTO_INCREMENT=17 DEFAULT CHARSET=utf8mb4 COLLATE=utf8mb4_unicode_ci;

-- Dumping data for table winboss_api_pipay.balances: ~11 rows (approximately)
INSERT INTO `balances` (`id`, `merchant_id`, `zalo`, `viettel`, `payout`, `momo`, `online`, `usdt`, `total_wallet`, `recharge`, `created_at`, `updated_at`) VALUES
	(3, NULL, 0.00000000, 0.00000000, 0.00000000, 0.00000000, 0.00000000, 0.00000000, 0.00000000, 0.00000000, '2024-03-30 09:02:09', '2024-03-30 09:02:09'),
	(4, NULL, 0.00000000, 0.00000000, 0.00000000, 0.00000000, 0.00000000, 0.00000000, 0.00000000, 0.00000000, '2024-03-30 09:05:36', '2024-03-30 09:05:36'),
	(5, NULL, 0.00000000, 0.00000000, 0.00000000, 0.00000000, 0.00000000, 0.00000000, 0.00000000, 0.00000000, '2024-03-30 09:21:25', '2024-03-30 09:21:25'),
	(6, NULL, 0.00000000, 0.00000000, 0.00000000, 0.00000000, 0.00000000, 0.00000000, 0.00000000, 0.00000000, '2024-03-30 09:24:06', '2024-03-30 09:24:06'),
	(7, NULL, 0.00000000, 0.00000000, 0.00000000, 0.00000000, 0.00000000, 0.00000000, 0.00000000, 0.00000000, '2024-03-30 09:35:44', '2024-03-30 09:35:44'),
	(8, 8, 0.00000000, 0.00000000, 0.00000000, 0.00000000, 0.00000000, 0.00000000, 0.00000000, 0.00000000, '2024-03-30 09:35:56', '2024-03-30 09:35:56'),
	(9, NULL, 0.00000000, 0.00000000, 0.00000000, 0.00000000, 0.00000000, 0.00000000, 0.00000000, 0.00000000, '2024-03-30 10:09:59', '2024-03-30 10:09:59'),
	(10, NULL, 0.00000000, 0.00000000, 0.00000000, 0.00000000, 0.00000000, 0.00000000, 0.00000000, 0.00000000, '2024-03-30 10:10:29', '2024-03-30 10:10:29'),
	(11, NULL, 0.00000000, 0.00000000, 0.00000000, 0.00000000, 0.00000000, 0.00000000, 0.00000000, 0.00000000, '2024-03-30 10:11:34', '2024-03-30 10:11:34'),
	(12, NULL, 0.00000000, 0.00000000, 0.00000000, 0.00000000, 0.00000000, 0.00000000, 0.00000000, 0.00000000, '2024-03-30 10:16:36', '2024-03-30 10:16:36'),
	(13, NULL, 0.00000000, 0.00000000, 0.00000000, 0.00000000, 0.00000000, 0.00000000, 0.00000000, 0.00000000, '2024-03-30 10:17:11', '2024-03-30 10:17:11'),
	(14, 2, 0.00000000, 0.00000000, 0.00000000, 219760.00000000, 0.00000000, 0.00000000, 0.00000000, 0.00000000, '2024-04-17 03:27:04', '2024-05-22 08:40:55'),
	(15, 26, 0.00000000, 0.00000000, 0.00000000, 0.00000000, 0.00000000, 0.00000000, 0.00000000, 0.00000000, '2024-04-26 03:30:11', '2024-04-26 03:31:04'),
	(16, 7, 0.00000000, 0.00000000, 0.00000000, 229640.00000000, 0.00000000, 0.00000000, 0.00000000, 0.00000000, '2024-04-27 02:34:12', '2024-04-27 03:54:29');

-- Dumping structure for table winboss_api_pipay.balance_logs
CREATE TABLE IF NOT EXISTS `balance_logs` (
  `id` int(10) unsigned zerofill NOT NULL AUTO_INCREMENT,
  `old_balance` int unsigned NOT NULL,
  `channel` varchar(50) CHARACTER SET utf8mb4 COLLATE utf8mb4_0900_ai_ci DEFAULT NULL,
  `new_balance` int unsigned NOT NULL,
  `order_id` varchar(255) CHARACTER SET utf8mb4 COLLATE utf8mb4_0900_ai_ci DEFAULT NULL,
  `type_change` varchar(50) CHARACTER SET utf8mb4 COLLATE utf8mb4_0900_ai_ci DEFAULT NULL,
  `amount` decimal(20,6) unsigned NOT NULL DEFAULT '0.000000',
  `wallet_type_id` int unsigned NOT NULL,
  `merchant_id` int DEFAULT NULL,
  `created_at` datetime DEFAULT NULL,
  `updated_at` datetime DEFAULT NULL,
  PRIMARY KEY (`id`)
) ENGINE=InnoDB AUTO_INCREMENT=229 DEFAULT CHARSET=utf8mb4 COLLATE=utf8mb4_0900_ai_ci;

-- Dumping data for table winboss_api_pipay.balance_logs: ~29 rows (approximately)
INSERT INTO `balance_logs` (`id`, `old_balance`, `channel`, `new_balance`, `order_id`, `type_change`, `amount`, `wallet_type_id`, `merchant_id`, `created_at`, `updated_at`) VALUES
	(0000000196, 200000, 'momo', 229640, '22', 'deposit', 29640.000000, 4, 7, '2024-04-27 03:54:29', '2024-04-27 03:54:29'),
	(0000000197, 200000, 'momo', 219760, '5f61cf4f41e2b411212mm15', 'deposit', 19760.000000, 4, 2, '2024-05-22 08:40:55', '2024-05-22 08:40:55'),
	(0000000198, 9970000, 'momo', 9960000, '000578_65538229-c11c-46e1-b447-aa4ce08c3026', 'create-voucher', 10000.000000, 4, 2, '2024-06-23 13:51:52', '2024-06-23 13:51:52'),
	(0000000199, 9960000, 'momo', 9950000, '000578_63de8d53-216e-45b8-9d6e-d2fbe487ff2e', 'create-voucher', 10000.000000, 4, 2, '2024-06-23 14:09:23', '2024-06-23 14:09:23'),
	(0000000200, 9950000, 'momo', 9940000, '000578_6780757e-2e0b-4846-9482-6a8ca6b5ec19', 'create-voucher', 10000.000000, 4, 2, '2024-06-23 14:09:53', '2024-06-23 14:09:53'),
	(0000000201, 9940000, 'momo', 9930000, '000578_03552b27-ea4f-400b-8839-22bacafe012d', 'create-voucher', 10000.000000, 4, 2, '2024-06-23 14:10:25', '2024-06-23 14:10:25'),
	(0000000202, 9930000, 'momo', 9920000, '000578_dc247321-49bf-4a02-b730-a1cab97fd999', 'create-voucher', 10000.000000, 4, 2, '2024-06-23 14:11:14', '2024-06-23 14:11:14'),
	(0000000203, 9920000, 'momo', 9910000, '000578_6a4c889a-6acf-4bf1-ab57-bd481aa295d7', 'create-voucher', 10000.000000, 4, 2, '2024-06-23 14:12:18', '2024-06-23 14:12:18'),
	(0000000204, 9910000, 'momo', 9900000, '000578_127cd624-e535-436e-a6a6-e48f31cc41f2', 'create-voucher', 10000.000000, 4, 2, '2024-06-23 14:13:14', '2024-06-23 14:13:14'),
	(0000000205, 9900000, 'momo', 9890000, '000578_31df1b4d-f6bd-4039-833b-ecc05b37a698', 'create-voucher', 10000.000000, 4, 2, '2024-06-23 14:13:49', '2024-06-23 14:13:49'),
	(0000000206, 9890000, 'momo', 9880000, '000578_882f0462-4f67-4e47-b1b1-d7249f3fbeec', 'create-voucher', 10000.000000, 4, 2, '2024-06-23 14:14:03', '2024-06-23 14:14:03'),
	(0000000207, 9880000, 'momo', 9870000, '000578_a3a00f37-0240-4fec-a5b4-f0c3decd12db', 'create-voucher', 10000.000000, 4, 2, '2024-06-23 14:15:07', '2024-06-23 14:15:07'),
	(0000000208, 9870000, 'momo', 9860000, '000578_7751c3d1-d7ba-4d51-9b8e-cc9480838950', 'create-voucher', 10000.000000, 4, 2, '2024-06-23 14:15:28', '2024-06-23 14:15:28'),
	(0000000209, 9860000, 'momo', 9850000, '000578_734637be-a30e-4673-b10b-5edc36ed0152', 'create-voucher', 10000.000000, 4, 2, '2024-06-23 14:16:24', '2024-06-23 14:16:24'),
	(0000000210, 9850000, 'momo', 9840000, '000578_bb0776ba-9ae0-411a-8a59-e36871737e77', 'create-voucher', 10000.000000, 4, 2, '2024-06-23 14:16:37', '2024-06-23 14:16:37'),
	(0000000211, 9840000, 'momo', 9839000, '000578_2783d20d-1bd2-46e4-ac36-27f8826b6812', 'create-voucher', 1000.000000, 4, 2, '2024-06-24 07:01:00', '2024-06-24 07:01:00'),
	(0000000212, 9839000, 'momo', 9829000, '000578_b8172d2c-3729-42fb-9b93-7d5ce7ffbdb3', 'create-voucher', 10000.000000, 4, 2, '2024-06-24 08:50:37', '2024-06-24 08:50:37'),
	(0000000213, 9829000, 'momo', 9819000, '000578_3f458a0f-d9a9-4f67-b8bb-8790ae2773d1', 'create-voucher', 10000.000000, 4, 2, '2024-06-24 08:51:41', '2024-06-24 08:51:41'),
	(0000000214, 9819000, 'momo', 9809000, '000578_84aedbb3-ea11-4103-b92e-ec93c521681b', 'create-voucher', 10000.000000, 4, 2, '2024-06-24 08:52:45', '2024-06-24 08:52:45'),
	(0000000215, 9809000, 'momo', 9799000, '000578_0e7b5c0c-73cd-4425-a63c-9415b3c41f4d', 'create-voucher', 10000.000000, 4, 2, '2024-06-24 08:58:09', '2024-06-24 08:58:09'),
	(0000000216, 9799000, 'momo', 9789000, '000578_a6f3e12d-1253-4963-aa56-d773a3744d2b', 'create-voucher', 10000.000000, 4, 2, '2024-06-24 09:05:04', '2024-06-24 09:05:04'),
	(0000000217, 9789000, 'momo', 9779000, '000578_08b79bf7-1611-4c38-899a-732eedd6582f', 'create-voucher', 10000.000000, 4, 2, '2024-06-24 09:08:38', '2024-06-24 09:08:38'),
	(0000000218, 9779000, 'momo', 9769000, '000578_debe152c-79cd-41a3-b40c-eb536dac7886', 'create-voucher', 10000.000000, 4, 2, '2024-06-24 09:08:56', '2024-06-24 09:08:56'),
	(0000000219, 9769000, 'momo', 9759000, '000578_855bb102-07bb-4e28-b8f6-005e63861db8', 'create-voucher', 10000.000000, 4, 2, '2024-06-24 09:10:21', '2024-06-24 09:10:21'),
	(0000000220, 9759000, 'momo', 9749000, '000578_0b7798c0-9d24-4342-a467-2a03937a8b5d', 'create-voucher', 10000.000000, 4, 2, '2024-06-24 09:11:19', '2024-06-24 09:11:19'),
	(0000000221, 9749000, 'momo', 9739000, '000578_a06a097b-7953-468f-8aa0-3bdba8be1db7', 'create-voucher', 10000.000000, 4, 2, '2024-06-24 09:12:36', '2024-06-24 09:12:36'),
	(0000000222, 9739000, 'momo', 9729000, '000578_a1c33170-1073-4315-95ff-bb54415c6f3b', 'create-voucher', 10000.000000, 4, 2, '2024-06-24 09:13:08', '2024-06-24 09:13:08'),
	(0000000223, 9729000, 'momo', 9719000, '000578_d42fec5b-457f-4f65-8942-ae3b29c33634', 'create-voucher', 10000.000000, 4, 2, '2024-06-24 09:14:32', '2024-06-24 09:14:32'),
	(0000000224, 9719000, 'momo', 9425001, '723009040-190510TD', 'pay-bill', 293999.000000, 4, 2, '2024-06-24 09:34:02', '2024-06-24 09:34:02'),
	(0000000225, 9425001, 'momo', 9131002, '723009040-190510TD', 'TN', 293999.000000, 4, 2, '2024-06-24 09:36:22', '2024-06-24 09:36:22'),
	(0000000226, 9131002, 'momo', 8837003, '723009040-190510TD', ' pay-bill-TD', 293999.000000, 4, 2, '2024-06-24 09:37:23', '2024-06-24 09:37:23'),
	(0000000227, 8837003, 'momo', 8543004, '723009040-TESTTD', ' pay-bill-TD', 293999.000000, 4, 2, '2024-06-25 04:33:26', '2024-06-25 04:33:26'),
	(0000000228, 8543004, 'momo', 8249005, '723009040-190510TD', ' pay-bill-TD', 293999.000000, 4, 2, '2024-06-25 04:58:31', '2024-06-25 04:58:31');

-- Dumping structure for table winboss_api_pipay.banks
CREATE TABLE IF NOT EXISTS `banks` (
  `id` int NOT NULL AUTO_INCREMENT,
  `name` varchar(256) CHARACTER SET utf8mb4 COLLATE utf8mb4_unicode_ci DEFAULT NULL,
  `bank_code` varchar(256) CHARACTER SET utf8mb4 COLLATE utf8mb4_unicode_ci DEFAULT NULL,
  `bank_qr` int NOT NULL DEFAULT '0',
  `bank_transfer` int NOT NULL DEFAULT '0',
  `upacp_pc` int NOT NULL DEFAULT '0',
  `created_at` datetime NOT NULL DEFAULT CURRENT_TIMESTAMP,
  `updated_at` datetime DEFAULT NULL,
  PRIMARY KEY (`id`)
) ENGINE=InnoDB AUTO_INCREMENT=14 DEFAULT CHARSET=utf8mb4 COLLATE=utf8mb4_unicode_ci;

-- Dumping data for table winboss_api_pipay.banks: ~13 rows (approximately)
INSERT INTO `banks` (`id`, `name`, `bank_code`, `bank_qr`, `bank_transfer`, `upacp_pc`, `created_at`, `updated_at`) VALUES
	(1, 'VP BANK', 'VP', 1, 1, 0, '2024-04-02 07:12:52', NULL),
	(2, 'ACB BANK', 'ACB', 1, 1, 1, '2024-04-02 07:13:05', NULL),
	(3, 'BIDV BANK', 'BIDV', 1, 1, 0, '2024-04-02 07:13:19', NULL),
	(4, 'VIETTIN BANK', 'VTB', 1, 1, 1, '2024-04-02 07:13:31', NULL),
	(5, 'MB BANK', 'MB', 1, 1, 1, '2024-04-02 07:13:49', NULL),
	(6, 'EXIM BANK', 'EXB', 1, 1, 1, '2024-04-02 07:14:02', NULL),
	(7, 'SACOM', 'SAC', 1, 1, 1, '2024-04-02 07:14:24', NULL),
	(8, 'TECHCOM BANK', 'TCB', 1, 1, 0, '2024-04-02 07:15:34', NULL),
	(9, 'VIETCOM BANK', 'VCB', 1, 1, 1, '2024-04-02 07:15:47', NULL),
	(10, 'DONGA BANK', 'DAB', 1, 1, 1, '2024-04-02 07:16:03', NULL),
	(11, 'VIB BANK', 'VIB', 1, 1, 0, '2024-04-02 07:16:17', NULL),
	(12, 'MSB BANK', 'MSB', 1, 1, 1, '2024-04-02 07:16:27', NULL),
	(13, 'SHB BANK', 'SHB', 1, 1, 1, '2024-04-02 07:16:39', NULL);

-- Dumping structure for table winboss_api_pipay.call_back_logs
CREATE TABLE IF NOT EXISTS `call_back_logs` (
  `id` int NOT NULL AUTO_INCREMENT,
  `callback_id` varchar(256) CHARACTER SET utf8mb4 COLLATE utf8mb4_unicode_ci DEFAULT NULL,
  `result_code` varchar(256) CHARACTER SET utf8mb4 COLLATE utf8mb4_unicode_ci DEFAULT NULL,
  `merchant_no` varchar(256) CHARACTER SET utf8mb4 COLLATE utf8mb4_unicode_ci DEFAULT NULL,
  `order_no` varchar(256) CHARACTER SET utf8mb4 COLLATE utf8mb4_unicode_ci DEFAULT NULL,
  `ylt_order_no` varchar(256) CHARACTER SET utf8mb4 COLLATE utf8mb4_unicode_ci DEFAULT NULL,
  `amount` varchar(256) CHARACTER SET utf8mb4 COLLATE utf8mb4_unicode_ci DEFAULT NULL,
  `channel` varchar(256) CHARACTER SET utf8mb4 COLLATE utf8mb4_unicode_ci DEFAULT NULL,
  `extra_param` longtext CHARACTER SET utf8mb4 COLLATE utf8mb4_unicode_ci,
  `payload` longtext CHARACTER SET utf8mb4 COLLATE utf8mb4_unicode_ci,
  `sign` varchar(256) CHARACTER SET utf8mb4 COLLATE utf8mb4_unicode_ci DEFAULT NULL,
  `user_amount` varchar(256) CHARACTER SET utf8mb4 COLLATE utf8mb4_unicode_ci DEFAULT NULL,
  `created_at` datetime NOT NULL DEFAULT CURRENT_TIMESTAMP,
  `updated_at` datetime DEFAULT NULL,
  PRIMARY KEY (`id`)
) ENGINE=InnoDB AUTO_INCREMENT=304 DEFAULT CHARSET=utf8mb4 COLLATE=utf8mb4_unicode_ci;

-- Dumping data for table winboss_api_pipay.call_back_logs: ~6 rows (approximately)
INSERT INTO `call_back_logs` (`id`, `callback_id`, `result_code`, `merchant_no`, `order_no`, `ylt_order_no`, `amount`, `channel`, `extra_param`, `payload`, `sign`, `user_amount`, `created_at`, `updated_at`) VALUES
	(297, NULL, NULL, NULL, NULL, NULL, NULL, NULL, NULL, '{"order_no":"22","merchant_no":"pipay923461","ylt_order_no":"10415162302007281257","amount":30000,"channel":"momo_qr","sign":"df81fb57bf83b447e205a59ae1780f12","result_code":"success"}', NULL, NULL, '2024-04-27 02:34:11', '2024-04-27 02:34:11'),
	(298, NULL, NULL, NULL, NULL, NULL, NULL, NULL, NULL, '{"order_no":"22","merchant_no":"pipay923461","ylt_order_no":"10415162302007281257","amount":30000,"channel":"momo_qr","sign":"df81fb57bf83b447e205a59ae1780f12","result_code":"success"}', NULL, NULL, '2024-04-27 02:38:41', '2024-04-27 02:38:41'),
	(299, NULL, NULL, NULL, NULL, NULL, NULL, NULL, NULL, '{"order_no":"22","merchant_no":"pipay923461","ylt_order_no":"10415162302007281257","amount":30000,"channel":"momo_qr","sign":"df81fb57bf83b447e205a59ae1780f12","result_code":"success"}', NULL, NULL, '2024-04-27 03:54:29', '2024-04-27 03:54:29'),
	(300, NULL, NULL, NULL, NULL, NULL, NULL, NULL, NULL, '{"order_no":"5f61cf4f41e2b411212mm15","merchant_no":"pipay418948","ylt_order_no":"10415162302007281257","amount":20000,"channel":"momo_qr","sign":"34ff12ac21016c2fd1694e04935bfbb6","result_code":"success"}', NULL, NULL, '2024-05-22 08:37:09', '2024-05-22 08:37:09'),
	(301, NULL, NULL, NULL, NULL, NULL, NULL, NULL, NULL, '{"order_no":"5f61cf4f41e2b411212mm15","merchant_no":"pipay418948","ylt_order_no":"10415162302007281257","amount":20000,"channel":"momo_qr","sign":"34ff12ac21016c2fd1694e04935bfbb6","result_code":"success"}', NULL, NULL, '2024-05-22 08:37:56', '2024-05-22 08:37:56'),
	(302, NULL, NULL, NULL, NULL, NULL, NULL, NULL, NULL, '{"order_no":"5f61cf4f41e2b411212mm15","merchant_no":"pipay418948","ylt_order_no":"10415162302007281257","amount":20000,"channel":"momo_qr","sign":"34ff12ac21016c2fd1694e04935bfbb6","result_code":"success"}', NULL, NULL, '2024-05-22 08:39:03', '2024-05-22 08:39:03'),
	(303, NULL, NULL, NULL, NULL, NULL, NULL, NULL, NULL, '{"order_no":"5f61cf4f41e2b411212mm15","merchant_no":"pipay418948","ylt_order_no":"10415162302007281257","amount":20000,"channel":"momo_qr","sign":"34ff12ac21016c2fd1694e04935bfbb6","result_code":"success"}', NULL, NULL, '2024-05-22 08:40:55', '2024-05-22 08:40:55');

-- Dumping structure for table winboss_api_pipay.channels
CREATE TABLE IF NOT EXISTS `channels` (
  `id` int NOT NULL AUTO_INCREMENT,
  `name` varchar(256) CHARACTER SET utf8mb4 COLLATE utf8mb4_unicode_ci DEFAULT NULL,
  `slug` varchar(256) CHARACTER SET utf8mb4 COLLATE utf8mb4_unicode_ci NOT NULL,
  `fee_deposit` float NOT NULL DEFAULT '0',
  `fee_withdraw` float NOT NULL DEFAULT '0',
  `description` text CHARACTER SET utf8mb4 COLLATE utf8mb4_unicode_ci,
  `is_online` int NOT NULL DEFAULT '1',
  `created_at` datetime NOT NULL DEFAULT CURRENT_TIMESTAMP,
  `updated_at` datetime DEFAULT NULL,
  PRIMARY KEY (`id`)
) ENGINE=InnoDB AUTO_INCREMENT=11 DEFAULT CHARSET=utf8mb4 COLLATE=utf8mb4_unicode_ci;

-- Dumping data for table winboss_api_pipay.channels: ~10 rows (approximately)
INSERT INTO `channels` (`id`, `name`, `slug`, `fee_deposit`, `fee_withdraw`, `description`, `is_online`, `created_at`, `updated_at`) VALUES
	(1, 'MOMO QR CODE', 'momo_qr', 1.2, 1, NULL, 1, '2024-04-02 06:58:19', NULL),
	(2, 'VIETTELPAY QR', 'viettel_qr', 1.2, 1, NULL, 1, '2024-04-02 06:58:19', NULL),
	(3, 'Bank Transfer', 'bank_transfer', 1.2, 1, NULL, 1, '2024-04-02 06:58:19', NULL),
	(4, 'Bank transfer qr', 'bank_qr', 0, 0, NULL, 1, '2024-04-02 07:05:22', NULL),
	(5, 'Bank', 'bank', 0, 0, NULL, 1, '2024-04-02 07:05:22', NULL),
	(6, 'VIP QR', 'vip_qr', 0, 0, NULL, 1, '2024-04-02 07:05:22', NULL),
	(7, 'Load card', 'rcgcard_pc', 0, 0, NULL, 1, '2024-04-02 07:06:55', NULL),
	(8, 'USDT', 'usdt_qr', 0.8, 1, NULL, 1, '2024-04-02 06:58:19', NULL),
	(9, 'Online Banking', 'upacp_pc', 0, 0, NULL, 1, '2024-04-02 07:08:05', NULL),
	(10, 'ZALO QR code', 'zalo_qr', 1.2, 1, NULL, 1, '2024-04-02 06:58:19', NULL);

-- Dumping structure for table winboss_api_pipay.deposit_transactions
CREATE TABLE IF NOT EXISTS `deposit_transactions` (
  `id` int NOT NULL AUTO_INCREMENT,
  `transaction_id` varchar(256) CHARACTER SET utf8mb4 COLLATE utf8mb4_unicode_ci DEFAULT NULL,
  `status` varchar(256) CHARACTER SET utf8mb4 COLLATE utf8mb4_unicode_ci DEFAULT NULL,
  `is_cancel` int NOT NULL DEFAULT '0',
  `is_refuse` int DEFAULT '0',
  `is_maintenance` int NOT NULL DEFAULT '0',
  `is_error` int NOT NULL DEFAULT '0',
  `channel` varchar(256) CHARACTER SET utf8mb4 COLLATE utf8mb4_unicode_ci DEFAULT NULL,
  `merchant_no` varchar(256) CHARACTER SET utf8mb4 COLLATE utf8mb4_unicode_ci DEFAULT NULL,
  `order_id` varchar(256) CHARACTER SET utf8mb4 COLLATE utf8mb4_unicode_ci DEFAULT NULL,
  `bank_code` varchar(256) CHARACTER SET utf8mb4 COLLATE utf8mb4_unicode_ci DEFAULT NULL,
  `amount` decimal(18,8) NOT NULL DEFAULT '0.00000000',
  `signature` varchar(256) CHARACTER SET utf8mb4 COLLATE utf8mb4_unicode_ci DEFAULT NULL,
  `order_description` text CHARACTER SET utf8mb4 COLLATE utf8mb4_unicode_ci,
  `url_merchant_notify` longtext CHARACTER SET utf8mb4 COLLATE utf8mb4_unicode_ci,
  `url_merchant_redirect` longtext CHARACTER SET utf8mb4 COLLATE utf8mb4_unicode_ci,
  `url_payment` longtext CHARACTER SET utf8mb4 COLLATE utf8mb4_unicode_ci,
  `url_vnpay_payment` longtext CHARACTER SET utf8mb4 COLLATE utf8mb4_unicode_ci,
  `params_merchant_data` longtext CHARACTER SET utf8mb4 COLLATE utf8mb4_bin,
  `params_vnpay_data` longtext CHARACTER SET utf8mb4 COLLATE utf8mb4_bin,
  `response_vnpay_data` longtext CHARACTER SET utf8mb4 COLLATE utf8mb4_bin,
  `created_at` datetime DEFAULT CURRENT_TIMESTAMP,
  `expired_at` datetime DEFAULT NULL,
  `updated_at` datetime DEFAULT NULL,
  PRIMARY KEY (`id`)
) ENGINE=InnoDB AUTO_INCREMENT=69 DEFAULT CHARSET=utf8mb4 COLLATE=utf8mb4_unicode_ci;

-- Dumping data for table winboss_api_pipay.deposit_transactions: ~1 rows (approximately)
INSERT INTO `deposit_transactions` (`id`, `transaction_id`, `status`, `is_cancel`, `is_refuse`, `is_maintenance`, `is_error`, `channel`, `merchant_no`, `order_id`, `bank_code`, `amount`, `signature`, `order_description`, `url_merchant_notify`, `url_merchant_redirect`, `url_payment`, `url_vnpay_payment`, `params_merchant_data`, `params_vnpay_data`, `response_vnpay_data`, `created_at`, `expired_at`, `updated_at`) VALUES
	(66, '8b180139-b3b1-42c1-9a27-7f7ac8056dcd', 'success', 0, 0, 1, 0, 'momo_qr', 'pipay923461', '22', 'VCB', 20000.00000000, '3c3626831a9acf00850bd3b0483720c3', 'test thanh toan zxczxczxc', 'https://devtool.vn/', NULL, 'http://localhost/api-pipay-new/api/v1/orders/payment/pipay923461/8b180139-b3b1-42c1-9a27-7f7ac8056dcd', NULL, '{"transaction":{"amount":20000,"bankCode":"VCB","channel":"momo_qr","signature":"3c3626831a9acf00850bd3b0483720c3"},"partnerReference":{"order":{"id":"22","description":"test thanh toan zxczxczxc"},"merchant":{"merchant_no":"pipay923461"}},"api_name":"orders\\/payment","order_id":"22"}', NULL, NULL, '2024-04-27 03:41:07', NULL, '2024-04-27 03:54:29'),
	(68, '6f6e3608-3bb3-427c-9691-b52c11d2cfcc', 'success', 1, 0, 1, 0, 'bank_qr', 'pipay792430', '5f61cf4f41e2b411212mm15', 'SAC', 1000010.00000000, 'e98346bd797bc5e5ab8b52a2f939085b', 'test thanh toan', 'https://devtool.vn/ipn', 'https://devtool.vn/redirect', 'http://api-pipay-new.test/api/v1/orders/payment/pipay792430/6f6e3608-3bb3-427c-9691-b52c11d2cfcc', NULL, '{"transaction":{"amount":1000010,"bankCode":"SAC","channel":"bank_qr","signature":"e98346bd797bc5e5ab8b52a2f939085b"},"partnerReference":{"order":{"id":"5f61cf4f41e2b411212mm5","description":"test thanh toan"},"notificationConfig":{"notifyUrl":"https:\\/\\/devtool.vn\\/ipn","redirectUrl":"https:\\/\\/devtool.vn\\/redirect"},"merchant":{"merchant_no":"pipay792430"}},"api_name":"orders\\/payment","order_id":"5f61cf4f41e2b411212mm5"}', NULL, NULL, '2024-05-22 03:14:49', NULL, '2024-05-22 08:40:55');

-- Dumping structure for table winboss_api_pipay.errors
CREATE TABLE IF NOT EXISTS `errors` (
  `id` int NOT NULL AUTO_INCREMENT,
  `slug` varchar(256) CHARACTER SET utf8mb4 COLLATE utf8mb4_unicode_ci DEFAULT NULL,
  `msg` text CHARACTER SET utf8mb4 COLLATE utf8mb4_unicode_ci,
  `created_at` datetime NOT NULL DEFAULT CURRENT_TIMESTAMP,
  `updated_at` datetime DEFAULT NULL,
  PRIMARY KEY (`id`)
) ENGINE=InnoDB AUTO_INCREMENT=35 DEFAULT CHARSET=utf8mb4 COLLATE=utf8mb4_unicode_ci;

-- Dumping data for table winboss_api_pipay.errors: ~23 rows (approximately)
INSERT INTO `errors` (`id`, `slug`, `msg`, `created_at`, `updated_at`) VALUES
	(1, 'require_valid', 'Thông tin yêu cầu thiếu hoặc không hợp lệ', '2024-04-04 11:37:31', NULL),
	(2, 'signature_not_valid', 'Chữ ký không hợp lệ!', '2024-04-04 11:37:39', NULL),
	(3, 'merchant_not_found', 'Merchant không tồn tại', '2024-04-04 11:37:52', NULL),
	(4, 'merchant_is_ban', 'Merchant đã bị khoá', '2024-04-04 11:37:58', NULL),
	(5, 'apikey_not_found', 'API Key ko tồn tại', '2024-04-04 11:38:02', NULL),
	(6, 'order_id_exist', 'Mã đơn hàng đã bị trùng, vui lòng thực hiện lại giao dịch với mã đơn hàng khác', '2024-04-04 11:38:08', NULL),
	(7, 'amount_not_valid', 'Số tiền không hợp lệ', '2024-04-04 11:39:28', NULL),
	(8, 'bankcode_not_valid', 'Mã ngân hàng không tồn tại', '2024-04-04 11:39:38', NULL),
	(9, 'channel_not_valid', 'Phương thức thanh toán không hợp lệ', '2024-04-04 11:39:50', NULL),
	(10, 'is_maintenance', 'Hệ thống đang bận, vui lòng thử lại sau', '2024-04-04 11:40:14', NULL),
	(11, 'error_not_found', 'Lỗi không xác định, vui lòng kiểm tra lại giao dịch sau', '2024-04-04 11:56:09', NULL),
	(12, 'require_merchant_no', 'Vui lòng nhập Merchant no', '2024-04-04 13:59:45', NULL),
	(13, 'require_order_id', 'Vui lòng nhập Order ID', '2024-04-04 13:59:45', NULL),
	(14, 'require_order_amount', 'Vui lòng nhập số tiền', '2024-04-04 13:59:45', NULL),
	(15, 'order_amount_not_valid', 'Số tiền không hợp lệ', '2024-04-04 13:59:45', NULL),
	(16, 'require_signature', 'Vui lòng nhập chữ ký giao dịch', '2024-04-04 13:59:45', NULL),
	(17, 'require_chanel', 'Chưa chọn cổng thanh toán', '2024-04-04 13:59:45', NULL),
	(18, 'number_request_max', 'Bạn đã giao dịch vượt quá giới hạn lỗi cho phép trong 1 phút, vui lòng thử lại sau', '2024-04-04 14:23:02', NULL),
	(19, 'require_merchant_name', 'Chưa nhập Merchant name!', '2024-04-04 13:59:45', NULL),
	(20, 'token_key_exist', 'Token key đã tồn tại!', '2024-04-04 11:38:08', NULL),
	(21, 'balance_not_valid', 'Balance không tồn tại!', '2024-04-04 15:21:00', NULL),
	(22, 'bank_code_not_valid', 'Bank Code không hợp lệ', '2024-04-04 15:21:00', NULL),
	(23, 'call_api_error', 'Lỗi từ hệ thống ngân hàng, vui lòng thực hiện lại giao dịch', '2024-04-04 15:21:00', NULL),
	(24, 'max_default', 'Giá trị lớn hơn giá trị mặc định ', '2024-04-20 08:55:26', NULL),
	(25, 'transaction_not_found', 'Không tìm thấy giao dịch này', '2024-04-22 10:05:47', NULL),
	(26, 'not_enough_balance', 'Số dư không đủ', '2024-04-22 13:50:07', NULL),
	(27, 'not_enough_minimun_balance', 'Số dư ít hơn số dư tối thiểu ', '2024-04-23 09:07:39', NULL),
	(28, 'require_token', 'Yêu cầu nhập token', '2024-04-23 15:45:31', NULL),
	(29, 'transaction_handled', 'Giao dịch đã được xử lý ', '2024-04-23 15:48:15', NULL),
	(30, 'status_not_found', 'Trạng thái không hợp lệ', '2024-04-26 10:11:48', NULL),
	(31, 'value_invalid', 'Giá trị nhập vào không hợp lệ', '2024-04-26 13:52:19', NULL),
	(32, 'url_callback_not_found', 'URL call back không tìm thấy ', '2024-04-26 15:07:40', NULL),
	(33, 'order_handled', 'Giao dịch đã được xử lý ', '2024-04-27 09:38:21', NULL);

-- Dumping structure for table winboss_api_pipay.error_logs
CREATE TABLE IF NOT EXISTS `error_logs` (
  `id` int NOT NULL AUTO_INCREMENT,
  `log_id` varchar(256) CHARACTER SET utf8mb4 COLLATE utf8mb4_unicode_ci DEFAULT NULL,
  `order_id` varchar(256) CHARACTER SET utf8mb4 COLLATE utf8mb4_unicode_ci DEFAULT NULL,
  `api_name` varchar(256) CHARACTER SET utf8mb4 COLLATE utf8mb4_unicode_ci DEFAULT NULL,
  `error_id` int DEFAULT NULL,
  `msg` text CHARACTER SET utf8mb4 COLLATE utf8mb4_unicode_ci,
  `data` longtext CHARACTER SET utf8mb4 COLLATE utf8mb4_bin,
  `created_at` datetime NOT NULL DEFAULT CURRENT_TIMESTAMP,
  `updated_at` datetime DEFAULT NULL,
  PRIMARY KEY (`id`)
) ENGINE=InnoDB AUTO_INCREMENT=325 DEFAULT CHARSET=utf8mb4 COLLATE=utf8mb4_unicode_ci;

-- Dumping data for table winboss_api_pipay.error_logs: ~317 rows (approximately)
INSERT INTO `error_logs` (`id`, `log_id`, `order_id`, `api_name`, `error_id`, `msg`, `data`, `created_at`, `updated_at`) VALUES
	(1, '835df06c-6681-4b5c-9ebe-defe1f586de0', '5f61cf4f41e2b41', 'orders/payment', 6, 'Mã đơn hàng đã bị trùng, vui lòng thực hiện lại giao dịch với mã đơn hàng khác', '{"api_name": "orders/payment", "order_id": "5f61cf4f41e2b41", "transaction": {"amount": 1000010, "channel": "momo_qr", "bankCode": "VCB", "signature": "8f324a2af687dfc9348ae55c35bbe78d"}, "partnerReference": {"order": {"id": "5f61cf4f41e2b41", "description": "test thanh toan"}, "merchant": {"merchant_no": "pipay792430"}, "notificationConfig": {"notifyUrl": "https://devtool.vn/ipn", "redirectUrl": "https://devtool.vn/redirect"}}}', '2024-04-04 07:30:21', '2024-04-04 07:30:21'),
	(2, '90efeee8-ccb9-413d-90d4-966a0cfdfb9c', '5f61cf4f41e2b41', 'orders/payment', 6, 'Mã đơn hàng đã bị trùng, vui lòng thực hiện lại giao dịch với mã đơn hàng khác', '{"api_name": "orders/payment", "order_id": "5f61cf4f41e2b41", "transaction": {"amount": 1000010, "channel": "momo_qr", "bankCode": "VCB", "signature": "8f324a2af687dfc9348ae55c35bbe78d"}, "partnerReference": {"order": {"id": "5f61cf4f41e2b41", "description": "test thanh toan"}, "merchant": {"merchant_no": "pipay792430"}, "notificationConfig": {"notifyUrl": "https://devtool.vn/ipn", "redirectUrl": "https://devtool.vn/redirect"}}}', '2024-04-04 07:30:25', '2024-04-04 07:30:25'),
	(3, '7d9110b0-750b-4052-9469-70db1bbf840b', '5f61cf4f41e2b41', 'orders/payment', 6, 'Mã đơn hàng đã bị trùng, vui lòng thực hiện lại giao dịch với mã đơn hàng khác', '{"api_name": "orders/payment", "order_id": "5f61cf4f41e2b41", "transaction": {"amount": 1000010, "channel": "momo_qr", "bankCode": "VCB", "signature": "8f324a2af687dfc9348ae55c35bbe78d"}, "partnerReference": {"order": {"id": "5f61cf4f41e2b41", "description": "test thanh toan"}, "merchant": {"merchant_no": "pipay792430"}, "notificationConfig": {"notifyUrl": "https://devtool.vn/ipn", "redirectUrl": "https://devtool.vn/redirect"}}}', '2024-04-04 07:30:26', '2024-04-04 07:30:26'),
	(4, 'd9e0caa8-c363-43ff-a549-d00d3db33068', '5f61cf4f41e2b41', 'orders/payment', 6, 'Mã đơn hàng đã bị trùng, vui lòng thực hiện lại giao dịch với mã đơn hàng khác', '{"api_name": "orders/payment", "order_id": "5f61cf4f41e2b41", "transaction": {"amount": 1000010, "channel": "momo_qr", "bankCode": "VCB", "signature": "8f324a2af687dfc9348ae55c35bbe78d"}, "partnerReference": {"order": {"id": "5f61cf4f41e2b41", "description": "test thanh toan"}, "merchant": {"merchant_no": "pipay792430"}, "notificationConfig": {"notifyUrl": "https://devtool.vn/ipn", "redirectUrl": "https://devtool.vn/redirect"}}}', '2024-04-04 07:30:27', '2024-04-04 07:30:27'),
	(5, '968ff22f-2791-410d-89a0-182bb580bcf3', '5f61cf4f41e2b41', 'orders/payment', 6, 'Mã đơn hàng đã bị trùng, vui lòng thực hiện lại giao dịch với mã đơn hàng khác', '{"api_name": "orders/payment", "order_id": "5f61cf4f41e2b41", "transaction": {"amount": 1000010, "channel": "momo_qr", "bankCode": "VCB", "signature": "8f324a2af687dfc9348ae55c35bbe78d"}, "partnerReference": {"order": {"id": "5f61cf4f41e2b41", "description": "test thanh toan"}, "merchant": {"merchant_no": "pipay792430"}, "notificationConfig": {"notifyUrl": "https://devtool.vn/ipn", "redirectUrl": "https://devtool.vn/redirect"}}}', '2024-04-04 07:30:28', '2024-04-04 07:30:28'),
	(6, 'd2d09dc5-5f68-4aee-ba2e-4067018986fb', '5f61cf4f41e2b41', 'orders/payment', 6, 'Mã đơn hàng đã bị trùng, vui lòng thực hiện lại giao dịch với mã đơn hàng khác', '{"api_name": "orders/payment", "order_id": "5f61cf4f41e2b41", "transaction": {"amount": 1000010, "channel": "momo_qr", "bankCode": "VCB", "signature": "8f324a2af687dfc9348ae55c35bbe78d"}, "partnerReference": {"order": {"id": "5f61cf4f41e2b41", "description": "test thanh toan"}, "merchant": {"merchant_no": "pipay792430"}, "notificationConfig": {"notifyUrl": "https://devtool.vn/ipn", "redirectUrl": "https://devtool.vn/redirect"}}}', '2024-04-04 07:30:29', '2024-04-04 07:30:29'),
	(7, '21fb0e0a-7e73-4f39-915c-bbdc17c34071', '5f61cf4f41e2b41', 'orders/payment', 6, 'Mã đơn hàng đã bị trùng, vui lòng thực hiện lại giao dịch với mã đơn hàng khác', '{"api_name": "orders/payment", "order_id": "5f61cf4f41e2b41", "transaction": {"amount": 1000010, "channel": "momo_qr", "bankCode": "VCB", "signature": "8f324a2af687dfc9348ae55c35bbe78d"}, "partnerReference": {"order": {"id": "5f61cf4f41e2b41", "description": "test thanh toan"}, "merchant": {"merchant_no": "pipay792430"}, "notificationConfig": {"notifyUrl": "https://devtool.vn/ipn", "redirectUrl": "https://devtool.vn/redirect"}}}', '2024-04-04 07:30:30', '2024-04-04 07:30:30'),
	(8, '3fd931b9-d1e5-425f-b25b-8369a1075b29', '5f61cf4f41e2b41', 'orders/payment', 6, 'Mã đơn hàng đã bị trùng, vui lòng thực hiện lại giao dịch với mã đơn hàng khác', '{"api_name": "orders/payment", "order_id": "5f61cf4f41e2b41", "transaction": {"amount": 1000010, "channel": "momo_qr", "bankCode": "VCB", "signature": "8f324a2af687dfc9348ae55c35bbe78d"}, "partnerReference": {"order": {"id": "5f61cf4f41e2b41", "description": "test thanh toan"}, "merchant": {"merchant_no": "pipay792430"}, "notificationConfig": {"notifyUrl": "https://devtool.vn/ipn", "redirectUrl": "https://devtool.vn/redirect"}}}', '2024-04-04 07:30:31', '2024-04-04 07:30:31'),
	(9, '8a321093-ca18-4f15-9aa6-e4ab1eaaa4aa', '5f61cf4f41e2b41', 'orders/payment', 6, 'Mã đơn hàng đã bị trùng, vui lòng thực hiện lại giao dịch với mã đơn hàng khác', '{"api_name": "orders/payment", "order_id": "5f61cf4f41e2b41", "transaction": {"amount": 1000010, "channel": "momo_qr", "bankCode": "VCB", "signature": "8f324a2af687dfc9348ae55c35bbe78d"}, "partnerReference": {"order": {"id": "5f61cf4f41e2b41", "description": "test thanh toan"}, "merchant": {"merchant_no": "pipay792430"}, "notificationConfig": {"notifyUrl": "https://devtool.vn/ipn", "redirectUrl": "https://devtool.vn/redirect"}}}', '2024-04-04 07:30:32', '2024-04-04 07:30:32'),
	(10, '91a2c111-0e9f-48ff-a589-672a3378a09a', '5f61cf4f41e2b41', 'orders/payment', 6, 'Mã đơn hàng đã bị trùng, vui lòng thực hiện lại giao dịch với mã đơn hàng khác', '{"api_name": "orders/payment", "order_id": "5f61cf4f41e2b41", "transaction": {"amount": 1000010, "channel": "momo_qr", "bankCode": "VCB", "signature": "8f324a2af687dfc9348ae55c35bbe78d"}, "partnerReference": {"order": {"id": "5f61cf4f41e2b41", "description": "test thanh toan"}, "merchant": {"merchant_no": "pipay792430"}, "notificationConfig": {"notifyUrl": "https://devtool.vn/ipn", "redirectUrl": "https://devtool.vn/redirect"}}}', '2024-04-04 07:30:33', '2024-04-04 07:30:33'),
	(11, 'cb0e9df0-6a56-40b1-87a6-271f4fa799a5', '5f61cf4f41e2b41', 'orders/payment', 6, 'Mã đơn hàng đã bị trùng, vui lòng thực hiện lại giao dịch với mã đơn hàng khác', '{"api_name": "orders/payment", "order_id": "5f61cf4f41e2b41", "transaction": {"amount": 1000010, "channel": "momo_qr", "bankCode": "VCB", "signature": "8f324a2af687dfc9348ae55c35bbe78d"}, "partnerReference": {"order": {"id": "5f61cf4f41e2b41", "description": "test thanh toan"}, "merchant": {"merchant_no": "pipay792430"}, "notificationConfig": {"notifyUrl": "https://devtool.vn/ipn", "redirectUrl": "https://devtool.vn/redirect"}}}', '2024-04-04 07:31:32', '2024-04-04 07:31:32'),
	(12, 'fc70a8c0-9bce-40d6-b2d5-506ca2b3fcb3', '5f61cf4f41e2b411', 'orders/payment', 6, 'Mã đơn hàng đã bị trùng, vui lòng thực hiện lại giao dịch với mã đơn hàng khác', '{"api_name": "orders/payment", "order_id": "5f61cf4f41e2b411", "transaction": {"amount": 1000010, "channel": "momo_qr", "bankCode": "VCB", "signature": "721fbc9072a8630a1ca366dcfbb3020b"}, "partnerReference": {"order": {"id": "5f61cf4f41e2b411", "description": "test thanh toan"}, "merchant": {"merchant_no": "pipay792430"}, "notificationConfig": {"notifyUrl": "https://devtool.vn/ipn", "redirectUrl": "https://devtool.vn/redirect"}}}', '2024-04-04 08:02:24', '2024-04-04 08:02:24'),
	(13, 'a9a08bcf-8524-4b3a-be6b-55b973f4b520', '5f61cf4f41e2b411', 'orders/payment', 6, 'Mã đơn hàng đã bị trùng, vui lòng thực hiện lại giao dịch với mã đơn hàng khác', '{"api_name": "orders/payment", "order_id": "5f61cf4f41e2b411", "transaction": {"amount": 1000010, "channel": "momo_qr", "bankCode": "VCB", "signature": "721fbc9072a8630a1ca366dcfbb3020b"}, "partnerReference": {"order": {"id": "5f61cf4f41e2b411", "description": "test thanh toan"}, "merchant": {"merchant_no": "pipay792430"}, "notificationConfig": {"notifyUrl": "https://devtool.vn/ipn", "redirectUrl": "https://devtool.vn/redirect"}}}', '2024-04-04 08:05:10', '2024-04-04 08:05:10'),
	(14, '12ad8307-d412-4e07-8b3e-b82a9acf2abe', NULL, NULL, 11, 'Lỗi không xác định, vui lòng kiểm tra lại giao dịch sau', '{"token_key": "2151251112111121211111212", "ip_whitelist": null, "merchant_name": "test"}', '2024-04-04 08:15:51', '2024-04-04 08:15:51'),
	(15, '7e401c9d-390b-4a8f-bd39-16fe09a54862', NULL, NULL, 11, 'Lỗi không xác định, vui lòng kiểm tra lại giao dịch sau', '{"token_key": "2151251112111121211111212", "ip_whitelist": null, "merchant_name": "test"}', '2024-04-04 08:17:04', '2024-04-04 08:17:04'),
	(16, '338f8fb4-6e6f-4cd2-a744-041f5e106c4e', NULL, NULL, 20, 'Token key đã tồn tại!', '{"token_key": "2151251112111121211111212", "ip_whitelist": null, "merchant_name": "test"}', '2024-04-04 08:18:43', '2024-04-04 08:18:43'),
	(17, '0deff87b-7023-4430-9e7d-821e468c7bbe', NULL, NULL, 2, 'Chữ ký không hợp lệ!', '{"signature": "d8c6c6edbc694cb229e9fa5612a74a4b1", "token_key": "2151251112"}', '2024-04-04 08:21:29', '2024-04-04 08:21:29'),
	(18, 'b4428cd2-8134-40f0-a63a-ee7869beab56', NULL, NULL, 20, 'Token key đã tồn tại!', '{"token_key": "215125111211112121111121212", "ip_whitelist": null, "merchant_name": "test"}', '2024-04-04 08:22:32', '2024-04-04 08:22:32'),
	(19, 'b4d9f73f-2341-44d1-ae17-4f272872592b', NULL, NULL, 20, 'Token key đã tồn tại!', '{"token_key": "215125111211112121111121212", "ip_whitelist": null, "merchant_name": "test"}', '2024-04-04 08:22:38', '2024-04-04 08:22:38'),
	(20, '887300d1-76c7-4154-b860-138cc072bc24', NULL, NULL, 20, 'Token key đã tồn tại!', '{"token_key":"215125111211112121111121212","merchant_name":"test","ip_whitelist":null}', '2024-04-05 07:50:41', '2024-04-05 07:50:41'),
	(21, '93844f4a-23c7-4fb3-8a0c-e59b1c56a7d0', '5f61cf4f41e2b411', 'orders/payment', 6, 'Mã đơn hàng đã bị trùng, vui lòng thực hiện lại giao dịch với mã đơn hàng khác', '{"transaction":{"amount":1000010,"bankCode":"VCB","channel":"momo_qr","signature":"721fbc9072a8630a1ca366dcfbb3020b"},"partnerReference":{"order":{"id":"5f61cf4f41e2b411","description":"test thanh toan"},"notificationConfig":{"notifyUrl":"https:\\/\\/devtool.vn\\/ipn","redirectUrl":"https:\\/\\/devtool.vn\\/redirect"},"merchant":{"merchant_no":"pipay792430"}},"api_name":"orders\\/payment","order_id":"5f61cf4f41e2b411"}', '2024-04-05 07:51:06', '2024-04-05 07:51:06'),
	(22, '7d30f6a3-aea7-4afb-b883-c3f5c4876f1c', NULL, NULL, 20, 'Token key đã tồn tại!', '{"token_key":"215125111211112121111121212","merchant_name":"test","ip_whitelist":null}', '2024-04-05 11:56:32', '2024-04-05 11:56:32'),
	(23, 'e3165823-d683-4880-a1b2-bc3e93fc2675', '5f61cf4f41e2b411', 'orders/payment', 6, 'Mã đơn hàng đã bị trùng, vui lòng thực hiện lại giao dịch với mã đơn hàng khác', '{"transaction":{"amount":1000010,"bankCode":"VCB","channel":"momo_qr","signature":"721fbc9072a8630a1ca366dcfbb3020b"},"partnerReference":{"order":{"id":"5f61cf4f41e2b411","description":"test thanh toan"},"notificationConfig":{"notifyUrl":"https:\\/\\/devtool.vn\\/ipn","redirectUrl":"https:\\/\\/devtool.vn\\/redirect"},"merchant":{"merchant_no":"pipay792430"}},"api_name":"orders\\/payment","order_id":"5f61cf4f41e2b411"}', '2024-04-05 14:23:42', '2024-04-05 14:23:42'),
	(24, '746c49d2-6542-4e86-be5a-05e60b516acb', NULL, NULL, 2, 'Chữ ký không hợp lệ!', '{"token_key":"2151251112","signature":"6428cade7974458df3b579bad93b36e9"}', '2024-04-05 15:46:59', '2024-04-05 15:46:59'),
	(25, '14fe3e33-0600-46c1-a0da-9d2fa2ddcd23', NULL, NULL, 19, 'Chưa nhập Merchant name!', '{"token_key":"2151251112111121211111212121","merchant_name":null,"ip_whitelist":null}', '2024-04-06 10:23:53', '2024-04-06 10:23:53'),
	(26, '6b2e97ee-a535-4af1-84f4-a2ee7caea369', NULL, NULL, 20, 'Token key đã tồn tại!', '{"token_key":"215125111211112121111121212","merchant_name":"test","ip_whitelist":null}', '2024-04-06 18:10:45', '2024-04-06 18:10:45'),
	(27, 'cced7b78-0c2e-4bb5-ae99-83919e1ef436', NULL, NULL, 20, 'Token key đã tồn tại!', '{"token_key":"123123","merchant_name":"test","ip_whitelist":null}', '2024-04-06 18:11:24', '2024-04-06 18:11:24'),
	(28, 'c066404b-d14d-4d9d-b0b2-ea52c3a8548d', NULL, 'orders/payment', 12, 'Vui lòng nhập Merchant no', '{"api_name":"orders\\/payment"}', '2024-04-07 05:56:35', '2024-04-07 05:56:35'),
	(29, '2d75b32b-8555-4ff7-9fce-689c7c48dbb8', NULL, 'orders/payment', 12, 'Vui lòng nhập Merchant no', '{"api_name":"orders\\/payment"}', '2024-04-07 05:57:15', '2024-04-07 05:57:15'),
	(30, 'a3e32752-dfef-401e-b09d-e5d1ca41a54d', NULL, 'orders/payment', 12, 'Vui lòng nhập Merchant no', '{"api_name":"orders\\/payment"}', '2024-04-07 05:57:46', '2024-04-07 05:57:46'),
	(31, 'aceddf88-6298-49d4-ac70-5fa0c4cf845c', NULL, 'orders/payment', 12, 'Vui lòng nhập Merchant no', '{"api_name":"orders\\/payment"}', '2024-04-07 06:02:51', '2024-04-07 06:02:51'),
	(32, 'c75fb748-4013-44f2-aaaa-851ed57b6420', NULL, 'orders/payment', 12, 'Vui lòng nhập Merchant no', '{"api_name":"orders\\/payment"}', '2024-04-07 06:11:16', '2024-04-07 06:11:16'),
	(33, '89336c41-0f99-4663-a8e0-fd22b9e9410c', '5f61cf4f41e2b3', 'orders/payment', 15, 'Số tiền không hợp lệ', '{"transaction":{"amount":"50000","bankCode":"VCB","channel":"momo_qr","signature":"xxxxx"},"partnerReference":{"order":{"id":"5f61cf4f41e2b3","description":"test thanh toan"},"notificationConfig":{"notifyUrl":"https:\\/\\/devtool.vn\\/ipn","redirectUrl":"https:\\/\\/devtool.vn\\/redirect"},"merchant":{"merchant_no":"pipay278485"}},"api_name":"orders\\/payment","order_id":"5f61cf4f41e2b3"}', '2024-04-07 06:13:05', '2024-04-07 06:13:05'),
	(34, '0b7e1fb7-088c-4171-b39f-81269b5f30b2', '5f61cf4f41e2b3', 'orders/payment', 15, 'Số tiền không hợp lệ', '{"transaction":{"amount":"50000","bankCode":"VCB","channel":"momo_qr","signature":"xxxxx"},"partnerReference":{"order":{"id":"5f61cf4f41e2b3","description":"test thanh toan"},"notificationConfig":{"notifyUrl":"https:\\/\\/devtool.vn\\/ipn","redirectUrl":"https:\\/\\/devtool.vn\\/redirect"},"merchant":{"merchant_no":"pipay278485"}},"api_name":"orders\\/payment","order_id":"5f61cf4f41e2b3"}', '2024-04-07 06:14:12', '2024-04-07 06:14:12'),
	(35, '0aa364b2-2d26-4119-8f19-4a5334f1a68f', NULL, 'orders/payment', 12, 'Vui lòng nhập Merchant no', '{"api_name":"orders\\/payment"}', '2024-04-07 06:26:27', '2024-04-07 06:26:27'),
	(36, '78fa80e1-4f65-48c6-b4b6-61f196413ce2', '5f61cf4f41e2b3', 'orders/payment', 2, 'Chữ ký không hợp lệ!', '{"transaction":{"amount":50000,"bankCode":"VCB","channel":"momo_qr","signature":"xxxxx"},"partnerReference":{"order":{"id":"5f61cf4f41e2b3","description":"test thanh toan"},"notificationConfig":{"notifyUrl":"https:\\/\\/devtool.vn\\/ipn","redirectUrl":"https:\\/\\/devtool.vn\\/redirect"},"merchant":{"merchant_no":"pipay278485"}},"api_name":"orders\\/payment","order_id":"5f61cf4f41e2b3"}', '2024-04-07 06:48:04', '2024-04-07 06:48:04'),
	(37, '6da3e04a-e384-45ca-830e-e4fcf325f5e7', '5f61cf4f41e2b3', 'orders/payment', 2, 'Chữ ký không hợp lệ!', '{"transaction":{"amount":50000,"bankCode":"VCB","channel":"momo_qr","signature":"2e05f8228b0cd906e0ca8bae97116a22"},"partnerReference":{"order":{"id":"5f61cf4f41e2b3","description":"test thanh toan"},"notificationConfig":{"notifyUrl":"https:\\/\\/devtool.vn\\/ipn","redirectUrl":"https:\\/\\/devtool.vn\\/redirect"},"merchant":{"merchant_no":"pipay278485"}},"api_name":"orders\\/payment","order_id":"5f61cf4f41e2b3"}', '2024-04-07 07:00:24', '2024-04-07 07:00:24'),
	(38, '3ef1c210-1894-4335-99db-d8c60df27fb6', '5f61cf4f41e2b3', 'orders/payment', 2, 'Chữ ký không hợp lệ!', '{"transaction":{"amount":50000,"bankCode":"VCB","channel":"momo_qr","signature":"7b1f14016310effdd84a9a518b5309d6"},"partnerReference":{"order":{"id":"5f61cf4f41e2b3","description":"test thanh toan"},"notificationConfig":{"notifyUrl":"https:\\/\\/devtool.vn\\/ipn","redirectUrl":"https:\\/\\/devtool.vn\\/redirect"},"merchant":{"merchant_no":"pipay278485"}},"api_name":"orders\\/payment","order_id":"5f61cf4f41e2b3"}', '2024-04-07 07:10:18', '2024-04-07 07:10:18'),
	(39, '72f0d0ec-674f-4a99-8706-30d592cf941f', '5f61cf4f41e2b3', 'orders/payment', 2, 'Chữ ký không hợp lệ!', '{"transaction":{"amount":50000,"bankCode":"VCB","channel":"momo_qr","signature":"2e05f8228b0cd906e0ca8bae97116a22"},"partnerReference":{"order":{"id":"5f61cf4f41e2b3","description":"test thanh toan"},"notificationConfig":{"notifyUrl":"https:\\/\\/devtool.vn\\/ipn","redirectUrl":"https:\\/\\/devtool.vn\\/redirect"},"merchant":{"merchant_no":"pipay278485"}},"api_name":"orders\\/payment","order_id":"5f61cf4f41e2b3"}', '2024-04-07 07:13:23', '2024-04-07 07:13:23'),
	(40, '085e72cc-2cde-42ca-8a21-49ac6cf9a98a', '5f61cf4f41e2b3', 'orders/payment', 2, 'Chữ ký không hợp lệ!', '{"transaction":{"amount":50000,"bankCode":"VCB","channel":"momo_qr","signature":"2e05f8228b0cd906e0ca8bae97116a22"},"partnerReference":{"order":{"id":"5f61cf4f41e2b3","description":"test thanh toan"},"notificationConfig":{"notifyUrl":"https:\\/\\/devtool.vn\\/ipn","redirectUrl":"https:\\/\\/devtool.vn\\/redirect"},"merchant":{"merchant_no":"pipay278485"}},"api_name":"orders\\/payment","order_id":"5f61cf4f41e2b3"}', '2024-04-07 08:02:31', '2024-04-07 08:02:31'),
	(41, '811b1ce9-5d14-47f7-96bc-b18b4b5f29d8', '1712476027', 'orders/payment', 2, 'Chữ ký không hợp lệ!', '{"transaction":{"amount":100000,"bankCode":"VCB","channel":"bank_qr","signature":"35eb074216121e72c3a1d7d41fdf5a90"},"partnerReference":{"order":{"id":"1712476027","description":"test thanh toan"},"notificationConfig":{"notifyUrl":"https:\\/\\/devtool.vn\\/ipn","redirectUrl":"https:\\/\\/devtool.vn\\/redirect"},"merchant":{"merchant_no":"pipay792430"}},"api_name":"orders\\/payment","order_id":"1712476027"}', '2024-04-07 08:04:21', '2024-04-07 08:04:21'),
	(42, '8e2c4561-6e22-4417-ae2e-758a64e38c2e', '1712476027', 'orders/payment', 2, 'Chữ ký không hợp lệ!', '{"transaction":{"amount":100000,"bankCode":"VCB","channel":"bank_qr","signature":"35eb074216121e72c3a1d7d41fdf5a90"},"partnerReference":{"order":{"id":"1712476027","description":"test thanh toan"},"notificationConfig":{"notifyUrl":"https:\\/\\/devtool.vn\\/ipn","redirectUrl":"https:\\/\\/devtool.vn\\/redirect"},"merchant":{"merchant_no":"pipay792430"}},"api_name":"orders\\/payment","order_id":"1712476027"}', '2024-04-07 08:04:29', '2024-04-07 08:04:29'),
	(43, '246f2137-7d5e-433a-9766-0fd988228194', '1712476027', 'orders/payment', 2, 'Chữ ký không hợp lệ!', '{"transaction":{"amount":100000,"bankCode":"VCB","channel":"bank_qr","signature":"35eb074216121e72c3a1d7d41fdf5a90"},"partnerReference":{"order":{"id":"1712476027","description":"test thanh toan"},"notificationConfig":{"notifyUrl":"https:\\/\\/devtool.vn\\/ipn","redirectUrl":"https:\\/\\/devtool.vn\\/redirect"},"merchant":{"merchant_no":"pipay792430"}},"api_name":"orders\\/payment","order_id":"1712476027"}', '2024-04-07 08:04:31', '2024-04-07 08:04:31'),
	(44, 'a93af3ad-6ae3-4356-b8da-e84ea3ee79a3', '1712476027', 'orders/payment', 2, 'Chữ ký không hợp lệ!', '{"transaction":{"amount":100000,"bankCode":"VCB","channel":"bank_qr","signature":"35eb074216121e72c3a1d7d41fdf5a90"},"partnerReference":{"order":{"id":"1712476027","description":"test thanh toan"},"notificationConfig":{"notifyUrl":"https:\\/\\/devtool.vn\\/ipn","redirectUrl":"https:\\/\\/devtool.vn\\/redirect"},"merchant":{"merchant_no":"pipay792430"}},"api_name":"orders\\/payment","order_id":"1712476027"}', '2024-04-07 08:04:51', '2024-04-07 08:04:51'),
	(45, '6ad906b1-8c5e-47d2-be61-1c4a02243d0e', '5f61cf4f41e2b3', 'orders/payment', 2, 'Chữ ký không hợp lệ!', '{"transaction":{"amount":50000,"bankCode":"VCB","channel":"momo_qr","signature":"2e05f8228b0cd906e0ca8bae97116a22"},"partnerReference":{"order":{"id":"5f61cf4f41e2b3","description":"test thanh toan"},"notificationConfig":{"notifyUrl":"https:\\/\\/devtool.vn\\/ipn","redirectUrl":"https:\\/\\/devtool.vn\\/redirect"},"merchant":{"merchant_no":"pipay278485"}},"api_name":"orders\\/payment","order_id":"5f61cf4f41e2b3"}', '2024-04-07 08:07:19', '2024-04-07 08:07:19'),
	(46, 'cd071ca5-1b59-4527-b7b6-ce61404ddced', '1712476028', 'orders/payment', 2, 'Chữ ký không hợp lệ!', '{"transaction":{"amount":100000,"bankCode":"VCB","channel":"bank_qr","signature":"a85c8f2649711f709a2f7f945aa44966"},"partnerReference":{"order":{"id":"1712476028","description":"test thanh toan"},"notificationConfig":{"notifyUrl":"https:\\/\\/devtool.vn\\/ipn","redirectUrl":"https:\\/\\/devtool.vn\\/redirect"},"merchant":{"merchant_no":"pipay614920"}},"api_name":"orders\\/payment","order_id":"1712476028"}', '2024-04-07 08:12:51', '2024-04-07 08:12:51'),
	(47, 'e22f0197-a19f-4ba0-8a14-8e1fb9fb67d0', '456', 'orders/payment', 2, 'Chữ ký không hợp lệ!', '{"transaction":{"amount":50000,"bankCode":"VCB","channel":"momo_qr","signature":"2e3fba7306ed87ec0e777de47324aa4e"},"partnerReference":{"order":{"id":"456","description":"test thanh toan"},"notificationConfig":{"notifyUrl":"https:\\/\\/devtool.vn\\/ipn","redirectUrl":"https:\\/\\/devtool.vn\\/redirect"},"merchant":{"merchant_no":"pipay278485"}},"api_name":"orders\\/payment","order_id":"456"}', '2024-04-07 08:45:15', '2024-04-07 08:45:15'),
	(48, '1efa8ab2-44be-47b3-903e-24eaae56f01a', '456', 'orders/payment', 2, 'Chữ ký không hợp lệ!', '{"transaction":{"amount":50000,"bankCode":"VCB","channel":"momo_qr","signature":"2e3fba7306ed87ec0e777de47324aa4e"},"partnerReference":{"order":{"id":"456","description":"test thanh toan"},"notificationConfig":{"notifyUrl":"https:\\/\\/devtool.vn\\/ipn","redirectUrl":"https:\\/\\/devtool.vn\\/redirect"},"merchant":{"merchant_no":"pipay278485"}},"api_name":"orders\\/payment","order_id":"456"}', '2024-04-07 08:45:45', '2024-04-07 08:45:45'),
	(49, '16554584-6c7a-44e7-8866-0dc7038079a0', '456', 'orders/payment', 2, 'Chữ ký không hợp lệ!', '{"transaction":{"amount":50000,"bankCode":"VCB","channel":"momo_qr","signature":"2e3fba7306ed87ec0e777de47324aa4e"},"partnerReference":{"order":{"id":"456","description":"test thanh toan"},"notificationConfig":{"notifyUrl":"https:\\/\\/devtool.vn\\/ipn","redirectUrl":"https:\\/\\/devtool.vn\\/redirect"},"merchant":{"merchant_no":"pipay278485"}},"api_name":"orders\\/payment","order_id":"456"}', '2024-04-07 08:49:11', '2024-04-07 08:49:11'),
	(50, '02fe7450-e7b5-423e-bfd7-7883cb92e2ee', '456', 'orders/payment', 2, 'Chữ ký không hợp lệ!', '{"transaction":{"amount":50000,"bankCode":"VCB","channel":"momo_qr","signature":"2e3fba7306ed87ec0e777de47324aa4e"},"partnerReference":{"order":{"id":"456","description":"test thanh toan"},"notificationConfig":{"notifyUrl":"https:\\/\\/devtool.vn\\/ipn","redirectUrl":"https:\\/\\/devtool.vn\\/redirect"},"merchant":{"merchant_no":"pipay278485"}},"api_name":"orders\\/payment","order_id":"456"}', '2024-04-07 08:49:30', '2024-04-07 08:49:30'),
	(51, 'cb819d08-a121-4702-8ab2-a81efd1d9011', '456', 'orders/payment', 2, 'Chữ ký không hợp lệ!', '{"transaction":{"amount":50000,"bankCode":"VCB","channel":"momo_qr","signature":"2e3fba7306ed87ec0e777de47324aa4e"},"partnerReference":{"order":{"id":"456","description":"test thanh toan"},"notificationConfig":{"notifyUrl":"https:\\/\\/devtool.vn\\/ipn","redirectUrl":"https:\\/\\/devtool.vn\\/redirect"},"merchant":{"merchant_no":"pipay278485"}},"api_name":"orders\\/payment","order_id":"456"}', '2024-04-07 08:50:10', '2024-04-07 08:50:10'),
	(52, '808dcd4f-f86a-4838-a0d1-86242436972c', '456', 'orders/payment', 6, 'Mã đơn hàng đã bị trùng, vui lòng thực hiện lại giao dịch với mã đơn hàng khác', '{"transaction":{"amount":6534000,"bankCode":"VCB","channel":"momo_qr","signature":"2e3fba7306ed87ec0e777de47324aa4e"},"partnerReference":{"order":{"id":"456","description":"test thanh toan"},"notificationConfig":{"notifyUrl":"https:\\/\\/devtool.vn\\/ipn","redirectUrl":"https:\\/\\/devtool.vn\\/redirect"},"merchant":{"merchant_no":"pipay278485"}},"api_name":"orders\\/payment","order_id":"456"}', '2024-04-07 08:51:08', '2024-04-07 08:51:08'),
	(53, '124b8f73-3794-4132-8d8d-47977f39158a', '456', 'orders/payment', 6, 'Mã đơn hàng đã bị trùng, vui lòng thực hiện lại giao dịch với mã đơn hàng khác', '{"transaction":{"amount":6534000,"bankCode":"VCB","channel":"momo_qr","signature":"2e3fba7306ed87ec0e777de47324aa4e"},"partnerReference":{"order":{"id":"456","description":"test thanh toan"},"notificationConfig":{"notifyUrl":"https:\\/\\/devtool.vn\\/ipn","redirectUrl":"https:\\/\\/devtool.vn\\/redirect"},"merchant":{"merchant_no":"pipay278485"}},"api_name":"orders\\/payment","order_id":"456"}', '2024-04-07 08:51:28', '2024-04-07 08:51:28'),
	(54, '28162da6-12a4-40bf-85d0-13f614425e79', '456', 'orders/payment', 6, 'Mã đơn hàng đã bị trùng, vui lòng thực hiện lại giao dịch với mã đơn hàng khác', '{"transaction":{"amount":6534000,"bankCode":"VCB","channel":"momo_qr","signature":"2e3fba7306ed87ec0e777de47324aa4e"},"partnerReference":{"order":{"id":"456","description":"test thanh toan"},"notificationConfig":{"notifyUrl":"https:\\/\\/devtool.vn\\/ipn","redirectUrl":"https:\\/\\/devtool.vn\\/redirect"},"merchant":{"merchant_no":"pipay278485"}},"api_name":"orders\\/payment","order_id":"456"}', '2024-04-07 08:52:04', '2024-04-07 08:52:04'),
	(55, 'd2de7552-a6a9-48d1-bfec-65fcfec1f1c8', '14', 'orders/payment', 6, 'Mã đơn hàng đã bị trùng, vui lòng thực hiện lại giao dịch với mã đơn hàng khác', '{"transaction":{"amount":6534000,"bankCode":"VCB","channel":"momo_qr","signature":"8266f2432d8c4604cbb352a6fa64bd03"},"partnerReference":{"order":{"id":"14","description":"test thanh toan"},"notificationConfig":{"notifyUrl":"https:\\/\\/devtool.vn\\/ipn","redirectUrl":"https:\\/\\/devtool.vn\\/redirect"},"merchant":{"merchant_no":"pipay278485"}},"api_name":"orders\\/payment","order_id":"14"}', '2024-04-07 08:56:36', '2024-04-07 08:56:36'),
	(56, '092969ce-81af-48ad-8126-4d79c9dccde5', '16', 'orders/payment', 6, 'Mã đơn hàng đã bị trùng, vui lòng thực hiện lại giao dịch với mã đơn hàng khác', '{"transaction":{"amount":6534000,"bankCode":"VCB","channel":"momo_qr","signature":"1140d570775138a5040f039950b45901"},"partnerReference":{"order":{"id":"16","description":"test thanh toan"},"notificationConfig":{"notifyUrl":"https:\\/\\/devtool.vn\\/ipn","redirectUrl":"https:\\/\\/devtool.vn\\/redirect"},"merchant":{"merchant_no":"pipay278485"}},"api_name":"orders\\/payment","order_id":"16"}', '2024-04-07 09:02:28', '2024-04-07 09:02:28'),
	(57, '48cff820-b2aa-4d56-815e-3c541ce46d42', '16', 'orders/payment', 6, 'Mã đơn hàng đã bị trùng, vui lòng thực hiện lại giao dịch với mã đơn hàng khác', '{"transaction":{"amount":6534000,"bankCode":"VCB","channel":"momo_qr","signature":"1140d570775138a5040f039950b45901"},"partnerReference":{"order":{"id":"16","description":"test thanh toan"},"notificationConfig":{"notifyUrl":"https:\\/\\/devtool.vn\\/ipn","redirectUrl":"https:\\/\\/devtool.vn\\/redirect"},"merchant":{"merchant_no":"pipay278485"}},"api_name":"orders\\/payment","order_id":"16"}', '2024-04-07 09:05:20', '2024-04-07 09:05:20'),
	(58, '6d372621-8710-43ae-bc5e-1c94a2703442', '16', 'orders/payment', 6, 'Mã đơn hàng đã bị trùng, vui lòng thực hiện lại giao dịch với mã đơn hàng khác', '{"transaction":{"amount":6534000,"bankCode":"VCB","channel":"momo_qr","signature":"1140d570775138a5040f039950b45901"},"partnerReference":{"order":{"id":"16","description":"test thanh toan"},"notificationConfig":{"notifyUrl":"https:\\/\\/devtool.vn\\/ipn","redirectUrl":"https:\\/\\/devtool.vn\\/redirect"},"merchant":{"merchant_no":"pipay278485"}},"api_name":"orders\\/payment","order_id":"16"}', '2024-04-07 09:07:09', '2024-04-07 09:07:09'),
	(59, '2f0674a2-d979-4839-8260-ffef9c4ad631', '16', 'orders/payment', 2, 'Chữ ký không hợp lệ!', '{"transaction":{"amount":6534000,"bankCode":"VCB","channel":"momo_qr","signature":"6d29ebaa9ff7611ba429ce686d785ab4"},"partnerReference":{"order":{"id":"16","description":"test thanh toan"},"notificationConfig":{"notifyUrl":"https:\\/\\/devtool.vn\\/ipn","redirectUrl":"https:\\/\\/devtool.vn\\/redirect"},"merchant":{"merchant_no":"pipay278485"}},"api_name":"orders\\/payment","order_id":"16"}', '2024-04-07 09:08:21', '2024-04-07 09:08:21'),
	(60, 'cf55c959-9822-40f5-914a-6f7b19035933', '5f61cf4f41e2b411', 'orders/payment', 2, 'Chữ ký không hợp lệ!', '{"transaction":{"amount":1000010,"bankCode":"VCB","channel":"bank_qr","signature":"721fbc9072a8630a1ca366dcfbb3020b"},"partnerReference":{"order":{"id":"5f61cf4f41e2b411","description":"test thanh toan"},"notificationConfig":{"notifyUrl":"https:\\/\\/devtool.vn\\/ipn","redirectUrl":"https:\\/\\/devtool.vn\\/redirect"},"merchant":{"merchant_no":"pipay792430"}},"api_name":"orders\\/payment","order_id":"5f61cf4f41e2b411"}', '2024-04-10 08:18:42', '2024-04-10 08:18:42'),
	(61, '87666eec-a0ae-4e31-86ad-bd23480c902b', '5f61cf4f41e2b411', 'orders/payment', 22, 'Bank Code không hợp lệ', '{"transaction":{"amount":1000010,"bankCode":"TCB","channel":"upacp_pc","signature":"721fbc9072a8630a1ca366dcfbb3020b"},"partnerReference":{"order":{"id":"5f61cf4f41e2b411","description":"test thanh toan"},"notificationConfig":{"notifyUrl":"https:\\/\\/devtool.vn\\/ipn","redirectUrl":"https:\\/\\/devtool.vn\\/redirect"},"merchant":{"merchant_no":"pipay792430"}},"api_name":"orders\\/payment","order_id":"5f61cf4f41e2b411"}', '2024-04-10 08:19:17', '2024-04-10 08:19:17'),
	(62, 'f8d0727e-c035-40c2-a8ef-5abeb0010536', '5f61cf4f41e2b411', 'orders/payment', 2, 'Chữ ký không hợp lệ!', '{"transaction":{"amount":1000010,"bankCode":"SAC","channel":"upacp_pc","signature":"721fbc9072a8630a1ca366dcfbb3020b"},"partnerReference":{"order":{"id":"5f61cf4f41e2b411","description":"test thanh toan"},"notificationConfig":{"notifyUrl":"https:\\/\\/devtool.vn\\/ipn","redirectUrl":"https:\\/\\/devtool.vn\\/redirect"},"merchant":{"merchant_no":"pipay792430"}},"api_name":"orders\\/payment","order_id":"5f61cf4f41e2b411"}', '2024-04-10 08:20:51', '2024-04-10 08:20:51'),
	(63, 'fc6044c0-9c87-4505-9cd2-207778ca1ea5', '5f61cf4f41e2b4112', 'orders/payment', 6, 'Mã đơn hàng đã bị trùng, vui lòng thực hiện lại giao dịch với mã đơn hàng khác', '{"transaction":{"amount":1000010,"bankCode":"SAC","channel":"upacp_pc","signature":"e0ee2ac5bb37729b4d09a8658ad514ac"},"partnerReference":{"order":{"id":"5f61cf4f41e2b4112","description":"test thanh toan"},"notificationConfig":{"notifyUrl":"https:\\/\\/devtool.vn\\/ipn","redirectUrl":"https:\\/\\/devtool.vn\\/redirect"},"merchant":{"merchant_no":"pipay792430"}},"api_name":"orders\\/payment","order_id":"5f61cf4f41e2b4112"}', '2024-04-10 09:01:10', '2024-04-10 09:01:10'),
	(64, 'c69bb66a-8491-4de4-8148-a8012e001e11', '5f61cf4f41e2b4112', 'orders/payment', 6, 'Mã đơn hàng đã bị trùng, vui lòng thực hiện lại giao dịch với mã đơn hàng khác', '{"transaction":{"amount":1000010,"bankCode":"SAC","channel":"upacp_pc","signature":"e0ee2ac5bb37729b4d09a8658ad514ac"},"partnerReference":{"order":{"id":"5f61cf4f41e2b4112","description":"test thanh toan"},"notificationConfig":{"notifyUrl":"https:\\/\\/devtool.vn\\/ipn","redirectUrl":"https:\\/\\/devtool.vn\\/redirect"},"merchant":{"merchant_no":"pipay792430"}},"api_name":"orders\\/payment","order_id":"5f61cf4f41e2b4112"}', '2024-04-10 09:03:01', '2024-04-10 09:03:01'),
	(65, 'bfb4a184-9bfd-4894-8a70-56778a7728a6', '5f61cf4f41e2b4112', 'orders/payment', 23, 'Lỗi từ hệ thống ngân hàng, vui lòng thực hiện lại giao dịch', '{"transaction":{"amount":1000010,"bankCode":"SAC","channel":"upacp_pc","signature":"e0ee2ac5bb37729b4d09a8658ad514ac"},"partnerReference":{"order":{"id":"5f61cf4f41e2b4112","description":"test thanh toan"},"notificationConfig":{"notifyUrl":"https:\\/\\/devtool.vn\\/ipn","redirectUrl":"https:\\/\\/devtool.vn\\/redirect"},"merchant":{"merchant_no":"pipay792430"}},"api_name":"orders\\/payment","order_id":"5f61cf4f41e2b4112"}', '2024-04-10 09:03:07', '2024-04-10 09:03:07'),
	(66, '7be73e8d-a278-4864-824b-74274d8f08b0', '5f61cf4f41e2b4112', 'orders/payment', 6, 'Mã đơn hàng đã bị trùng, vui lòng thực hiện lại giao dịch với mã đơn hàng khác', '{"transaction":{"amount":1000010,"bankCode":"SAC","channel":"upacp_pc","signature":"e0ee2ac5bb37729b4d09a8658ad514ac"},"partnerReference":{"order":{"id":"5f61cf4f41e2b4112","description":"test thanh toan"},"notificationConfig":{"notifyUrl":"https:\\/\\/devtool.vn\\/ipn","redirectUrl":"https:\\/\\/devtool.vn\\/redirect"},"merchant":{"merchant_no":"pipay792430"}},"api_name":"orders\\/payment","order_id":"5f61cf4f41e2b4112"}', '2024-04-10 09:04:07', '2024-04-10 09:04:07'),
	(67, 'cb291744-48c6-4e4f-92fa-445793850032', '5f61cf4f41e2b4112', 'orders/payment', 6, 'Mã đơn hàng đã bị trùng, vui lòng thực hiện lại giao dịch với mã đơn hàng khác', '{"transaction":{"amount":1000010,"bankCode":"SAC","channel":"upacp_pc","signature":"e0ee2ac5bb37729b4d09a8658ad514ac"},"partnerReference":{"order":{"id":"5f61cf4f41e2b4112","description":"test thanh toan"},"notificationConfig":{"notifyUrl":"https:\\/\\/devtool.vn\\/ipn","redirectUrl":"https:\\/\\/devtool.vn\\/redirect"},"merchant":{"merchant_no":"pipay792430"}},"api_name":"orders\\/payment","order_id":"5f61cf4f41e2b4112"}', '2024-04-10 09:08:36', '2024-04-10 09:08:36'),
	(68, '9de0191e-ac7f-4967-af18-6cc2268eb130', '5f61cf4f41e2b4112', 'orders/payment', 6, 'Mã đơn hàng đã bị trùng, vui lòng thực hiện lại giao dịch với mã đơn hàng khác', '{"transaction":{"amount":1000010,"bankCode":"SAC","channel":"upacp_pc","signature":"e0ee2ac5bb37729b4d09a8658ad514ac"},"partnerReference":{"order":{"id":"5f61cf4f41e2b4112","description":"test thanh toan"},"notificationConfig":{"notifyUrl":"https:\\/\\/devtool.vn\\/ipn","redirectUrl":"https:\\/\\/devtool.vn\\/redirect"},"merchant":{"merchant_no":"pipay792430"}},"api_name":"orders\\/payment","order_id":"5f61cf4f41e2b4112"}', '2024-04-10 09:10:58', '2024-04-10 09:10:58'),
	(69, '43d33449-27a9-4da6-83ff-30133ecbd025', '5f61cf4f41e2b4112', 'orders/payment', 23, 'Lỗi từ hệ thống ngân hàng, vui lòng thực hiện lại giao dịch', '{"transaction":{"amount":1000010,"bankCode":"SAC","channel":"upacp_pc","signature":"e0ee2ac5bb37729b4d09a8658ad514ac"},"partnerReference":{"order":{"id":"5f61cf4f41e2b4112","description":"test thanh toan"},"notificationConfig":{"notifyUrl":"https:\\/\\/devtool.vn\\/ipn","redirectUrl":"https:\\/\\/devtool.vn\\/redirect"},"merchant":{"merchant_no":"pipay792430"}},"api_name":"orders\\/payment","order_id":"5f61cf4f41e2b4112"}', '2024-04-10 09:21:16', '2024-04-10 09:21:16'),
	(70, 'be1f12b1-e0e1-4f9a-bc2e-689737c69230', '5f61cf4f41e2b411212mm', 'orders/payment', 2, 'Chữ ký không hợp lệ!', '{"transaction":{"amount":1000010,"bankCode":"SAC","channel":"momo_qr","signature":"f1acbdaf5ef3b6192e07e04a1fa22e68"},"partnerReference":{"order":{"id":"5f61cf4f41e2b411212mm","description":"test thanh toan"},"notificationConfig":{"notifyUrl":"https:\\/\\/devtool.vn\\/ipn","redirectUrl":"https:\\/\\/devtool.vn\\/redirect"},"merchant":{"merchant_no":"pipay792430"}},"api_name":"orders\\/payment","order_id":"5f61cf4f41e2b411212mm"}', '2024-04-10 09:24:41', '2024-04-10 09:24:41'),
	(71, 'da5f17f3-e986-4852-9698-6357dcd13020', '5f61cf4f41e2b411212mm1', 'orders/payment', 6, 'Mã đơn hàng đã bị trùng, vui lòng thực hiện lại giao dịch với mã đơn hàng khác', '{"transaction":{"amount":1000010,"bankCode":"SAC","channel":"momo_qr","signature":"ecf06db59e94c7bf5e14b78c672f9649"},"partnerReference":{"order":{"id":"5f61cf4f41e2b411212mm1","description":"test thanh toan"},"notificationConfig":{"notifyUrl":"https:\\/\\/devtool.vn\\/ipn","redirectUrl":"https:\\/\\/devtool.vn\\/redirect"},"merchant":{"merchant_no":"pipay792430"}},"api_name":"orders\\/payment","order_id":"5f61cf4f41e2b411212mm1"}', '2024-04-10 09:37:27', '2024-04-10 09:37:27'),
	(72, 'ae4c12e2-28f7-4363-85d3-05d38cd8b352', '5f61cf4f41e2b411212mm5', 'orders/payment', 2, 'Chữ ký không hợp lệ!', '{"transaction":{"amount":1000010,"bankCode":"SAC","channel":"vip_qr","signature":"b10076e67f1a5e00ace52da37994b16e"},"partnerReference":{"order":{"id":"5f61cf4f41e2b411212mm5","description":"test thanh toan"},"notificationConfig":{"notifyUrl":"https:\\/\\/devtool.vn\\/ipn","redirectUrl":"https:\\/\\/devtool.vn\\/redirect"},"merchant":{"merchant_no":"pipay792430"}},"api_name":"orders\\/payment","order_id":"5f61cf4f41e2b411212mm5"}', '2024-04-10 10:15:14', '2024-04-10 10:15:14'),
	(73, '4b2c7f29-a5a3-4819-a9f5-d469f88cfcf1', '5f61cf4f41e2b411212mm7', 'orders/payment', 2, 'Chữ ký không hợp lệ!', '{"transaction":{"amount":1000010,"bankCode":"MB","channel":"vip_qr","signature":"eac3646ac5931fa4cb5797faacfcbd29"},"partnerReference":{"order":{"id":"5f61cf4f41e2b411212mm7","description":"test thanh toan"},"notificationConfig":{"notifyUrl":"https:\\/\\/devtool.vn\\/ipn","redirectUrl":"https:\\/\\/devtool.vn\\/redirect"},"merchant":{"merchant_no":"pipay792430"}},"api_name":"orders\\/payment","order_id":"5f61cf4f41e2b411212mm7"}', '2024-04-12 08:14:26', '2024-04-12 08:14:26'),
	(74, 'ff44251d-7736-4742-b5f3-d39967215ba0', '5f61cf4f41e2b411212mm8', 'orders/payment', 2, 'Chữ ký không hợp lệ!', '{"transaction":{"amount":10000,"bankCode":"VCB","channel":"vip_qr","signature":"7b91ab8f87aa7499289b64670b064cdd"},"partnerReference":{"order":{"id":"5f61cf4f41e2b411212mm8","description":"test thanh toan"},"notificationConfig":{"notifyUrl":"https:\\/\\/devtool.vn\\/ipn","redirectUrl":"https:\\/\\/devtool.vn\\/redirect"},"merchant":{"merchant_no":"pipay792430"}},"api_name":"orders\\/payment","order_id":"5f61cf4f41e2b411212mm8"}', '2024-04-12 08:20:27', '2024-04-12 08:20:27'),
	(75, 'fc7b1a68-5e08-43cf-94f6-cc65a34c8f44', '5f61cf4f41e2b411212mm9', 'orders/payment', 6, 'Mã đơn hàng đã bị trùng, vui lòng thực hiện lại giao dịch với mã đơn hàng khác', '{"transaction":{"amount":10000,"bankCode":"VCB","channel":"momo_qr","signature":"6159c1b5e8976f2fb84935153ac225f0"},"partnerReference":{"order":{"id":"5f61cf4f41e2b411212mm9","description":"test thanh toan"},"notificationConfig":{"notifyUrl":"https:\\/\\/devtool.vn\\/ipn","redirectUrl":"https:\\/\\/devtool.vn\\/redirect"},"merchant":{"merchant_no":"pipay792430"}},"api_name":"orders\\/payment","order_id":"5f61cf4f41e2b411212mm9"}', '2024-04-12 08:20:55', '2024-04-12 08:20:55'),
	(76, '1dd97102-9fe8-44cf-826f-f9d4033fd93e', '5f61cf4f41e2b411212mm10', 'orders/payment', 23, 'Lỗi từ hệ thống ngân hàng, vui lòng thực hiện lại giao dịch', '{"transaction":{"amount":10000,"bankCode":"VCB","channel":"momo_qr","signature":"ee5d09cadc18f6b71935df5214da24ee"},"partnerReference":{"order":{"id":"5f61cf4f41e2b411212mm10","description":"test thanh toan"},"notificationConfig":{"notifyUrl":"https:\\/\\/devtool.vn\\/ipn","redirectUrl":"https:\\/\\/devtool.vn\\/redirect"},"merchant":{"merchant_no":"pipay792430"}},"api_name":"orders\\/payment","order_id":"5f61cf4f41e2b411212mm10"}', '2024-04-12 08:21:08', '2024-04-12 08:21:08'),
	(77, '2812a247-80d2-453f-9115-979ce6534e06', '5f61cf4f41e2b411212mm10', 'orders/payment', 6, 'Mã đơn hàng đã bị trùng, vui lòng thực hiện lại giao dịch với mã đơn hàng khác', '{"transaction":{"amount":10000,"bankCode":"VCB","channel":"momo_qr","signature":"ee5d09cadc18f6b71935df5214da24ee"},"partnerReference":{"order":{"id":"5f61cf4f41e2b411212mm10","description":"test thanh toan"},"notificationConfig":{"notifyUrl":"https:\\/\\/devtool.vn\\/ipn","redirectUrl":"https:\\/\\/devtool.vn\\/redirect"},"merchant":{"merchant_no":"pipay792430"}},"api_name":"orders\\/payment","order_id":"5f61cf4f41e2b411212mm10"}', '2024-04-12 08:21:52', '2024-04-12 08:21:52'),
	(78, '3f1daf89-c1ff-4dea-a582-29694e7a4602', '5f61cf4f41e2b411212mm10', 'orders/payment', 23, 'Lỗi từ hệ thống ngân hàng, vui lòng thực hiện lại giao dịch', '{"transaction":{"amount":10000,"bankCode":"VCB","channel":"momo_qr","signature":"ee5d09cadc18f6b71935df5214da24ee"},"partnerReference":{"order":{"id":"5f61cf4f41e2b411212mm10","description":"test thanh toan"},"notificationConfig":{"notifyUrl":"https:\\/\\/devtool.vn\\/ipn","redirectUrl":"https:\\/\\/devtool.vn\\/redirect"},"merchant":{"merchant_no":"pipay792430"}},"api_name":"orders\\/payment","order_id":"5f61cf4f41e2b411212mm10"}', '2024-04-12 08:22:01', '2024-04-12 08:22:01'),
	(79, '43fa259a-0000-4702-bba5-e94a8b2e6d70', NULL, NULL, 3, 'Merchant không tồn tại', '{"token_key":"0.00","signature":"e38bf7eab9a39c72d5e5f8f86b9bdb5b"}', '2024-04-13 12:30:42', '2024-04-13 12:30:42'),
	(80, '70e12711-2729-4cd9-a58e-5da045d67d9a', '5f61cf4f41e2b411212mm12', 'orders/payment', 2, 'Chữ ký không hợp lệ!', '{"transaction":{"amount":1000010,"bankCode":"SAC","channel":"momo_qr","signature":"fe83205f489fa27f158433c2a9aa30e9"},"partnerReference":{"order":{"id":"5f61cf4f41e2b411212mm12","description":"test thanh toan"},"notificationConfig":{"notifyUrl":"https:\\/\\/devtool.vn\\/ipn","redirectUrl":"https:\\/\\/devtool.vn\\/redirect"},"merchant":{"merchant_no":"pipay792430"}},"api_name":"orders\\/payment","order_id":"5f61cf4f41e2b411212mm12"}', '2024-04-15 09:12:09', '2024-04-15 09:12:09'),
	(81, '54886803-28c5-496f-ba13-6760df948e27', '5f61cf4f41e2b411212mm12', 'orders/payment', 23, 'Lỗi từ hệ thống ngân hàng, vui lòng thực hiện lại giao dịch', '{"transaction":{"amount":10000,"bankCode":"SAC","channel":"momo_qr","signature":"fe83205f489fa27f158433c2a9aa30e9"},"partnerReference":{"order":{"id":"5f61cf4f41e2b411212mm12","description":"test thanh toan"},"notificationConfig":{"notifyUrl":"https:\\/\\/devtool.vn\\/ipn","redirectUrl":"https:\\/\\/devtool.vn\\/redirect"},"merchant":{"merchant_no":"pipay792430"}},"api_name":"orders\\/payment","order_id":"5f61cf4f41e2b411212mm12"}', '2024-04-15 09:12:17', '2024-04-15 09:12:17'),
	(82, '312f6080-6891-4f14-9da5-50446d9195fb', '5f61cf4f41e2b411212mm12', 'orders/payment', 6, 'Mã đơn hàng đã bị trùng, vui lòng thực hiện lại giao dịch với mã đơn hàng khác', '{"transaction":{"amount":10000,"bankCode":null,"channel":"momo_qr","signature":"fe83205f489fa27f158433c2a9aa30e9"},"partnerReference":{"order":{"id":"5f61cf4f41e2b411212mm12","description":"test thanh toan"},"notificationConfig":{"notifyUrl":"https:\\/\\/devtool.vn\\/ipn","redirectUrl":"https:\\/\\/devtool.vn\\/redirect"},"merchant":{"merchant_no":"pipay792430"}},"api_name":"orders\\/payment","order_id":"5f61cf4f41e2b411212mm12"}', '2024-04-15 09:12:22', '2024-04-15 09:12:22'),
	(83, '46b7ffd7-0bff-4462-9b82-88b6612bf6a2', '5f61cf4f41e2b411212mm13', 'orders/payment', 23, 'Lỗi từ hệ thống ngân hàng, vui lòng thực hiện lại giao dịch', '{"transaction":{"amount":10000,"bankCode":null,"channel":"momo_qr","signature":"5e0de0bae215cbd6571d21802f23e8af"},"partnerReference":{"order":{"id":"5f61cf4f41e2b411212mm13","description":"test thanh toan"},"notificationConfig":{"notifyUrl":"https:\\/\\/devtool.vn\\/ipn","redirectUrl":"https:\\/\\/devtool.vn\\/redirect"},"merchant":{"merchant_no":"pipay792430"}},"api_name":"orders\\/payment","order_id":"5f61cf4f41e2b411212mm13"}', '2024-04-15 09:12:37', '2024-04-15 09:12:37'),
	(84, 'd9d56e9b-589b-43c5-aa2b-b7ace4405159', '5f61cf4f41e2b411212mm13', 'orders/payment', 6, 'Mã đơn hàng đã bị trùng, vui lòng thực hiện lại giao dịch với mã đơn hàng khác', '{"transaction":{"amount":20000,"bankCode":null,"channel":"momo_qr","signature":"fec9e7bdc4fc0b1b0389bb5dee317e42"},"partnerReference":{"order":{"id":"5f61cf4f41e2b411212mm13","description":"test thanh toan"},"notificationConfig":{"notifyUrl":"https:\\/\\/devtool.vn\\/ipn","redirectUrl":"https:\\/\\/devtool.vn\\/redirect"},"merchant":{"merchant_no":"pipay792430"}},"api_name":"orders\\/payment","order_id":"5f61cf4f41e2b411212mm13"}', '2024-04-15 09:12:58', '2024-04-15 09:12:58'),
	(85, 'fc30c389-ba2b-46f0-bdf0-9b1f2ceaf995', '20', 'orders/payment', 6, 'Mã đơn hàng đã bị trùng, vui lòng thực hiện lại giao dịch với mã đơn hàng khác', '{"transaction":{"amount":6534000,"bankCode":"VCB","channel":"momo_qr","signature":"42bbd0dd4aa21f72134cf9ce232e2711"},"partnerReference":{"order":{"id":"20","description":"test thanh toan"},"merchant":{"merchant_no":"pipay278485"},"notifyUrl":"http:\\/\\/127.0.0.1:8000\\/api\\/v1\\/notify","redirectUrl":"http:\\/\\/127.0.0.1:8000\\/api\\/v1\\/callback"},"api_name":"orders\\/payment","order_id":"20"}', '2024-04-15 09:37:52', '2024-04-15 09:37:52'),
	(86, '436bb117-d612-4b87-a23d-ef5ebf6e56b5', NULL, 'orders/payment', 12, 'Vui lòng nhập Merchant no', '{"order_no":"5f61cf4f41e2b411212mm17","merchant_no":"vnpay208534","ylt_order_no":"10415162302007281257","amount":"20000","channel":"momo_qr","sign":"34ff12ac21016c2fd1694e04935bfbb6","result_code":"success","api_name":"orders\\/payment"}', '2024-04-16 08:02:12', '2024-04-16 08:02:12'),
	(87, 'e9671f4d-beee-4074-81e1-6b9ab607780d', NULL, 'orders/payment', 12, 'Vui lòng nhập Merchant no', '{"order_no":"5f61cf4f41e2b411212mm17","merchant_no":"vnpay208534","ylt_order_no":"10415162302007281257","amount":"20000","channel":"momo_qr","sign":"34ff12ac21016c2fd1694e04935bfbb6","result_code":"success","api_name":"orders\\/payment"}', '2024-04-16 08:03:33', '2024-04-16 08:03:33'),
	(88, '549ad26a-0a8d-441a-9b69-67bcf439b885', NULL, 'orders/payment', 12, 'Vui lòng nhập Merchant no', '{"order_no":"5f61cf4f41e2b411212mm17","ylt_order_no":"10415162302007281257","amount":"20000","channel":"momo_qr","sign":"34ff12ac21016c2fd1694e04935bfbb6","result_code":"success","merchant_no":"vnpay208535","api_name":"orders\\/payment"}', '2024-04-16 08:03:43', '2024-04-16 08:03:43'),
	(89, '0689aba9-89d4-45f8-acc5-bb1b1b69028f', NULL, 'orders/payment', 12, 'Vui lòng nhập Merchant no', '{"order_no":"5f61cf4f41e2b411212mm17","ylt_order_no":"10415162302007281257","amount":"20000","channel":"momo_qr","sign":"34ff12ac21016c2fd1694e04935bfbb6","result_code":"success","merchant_no":"vnpay208535","api_name":"orders\\/payment"}', '2024-04-16 08:04:12', '2024-04-16 08:04:12'),
	(90, '9d3d96f4-fbb0-4ea7-9e57-b695bf89009d', NULL, 'orders/payment', 12, 'Vui lòng nhập Merchant no', '{"order_no":"5f61cf4f41e2b411212mm17","ylt_order_no":"10415162302007281257","amount":"20000","channel":"momo_qr","sign":"34ff12ac21016c2fd1694e04935bfbb6","result_code":"success","merchant_no":"vnpay208535","api_name":"orders\\/payment"}', '2024-04-16 08:06:13', '2024-04-16 08:06:13'),
	(91, '6a60ec04-31f5-4099-baca-88eed0fffaa3', NULL, 'orders/payment', 12, 'Vui lòng nhập Merchant no', '{"order_no":"5f61cf4f41e2b411212mm17","merchant_no":"vnpay208537","ylt_order_no":"10415162302007281257","amount":"20000","channel":"momo_qr","sign":"34ff12ac21016c2fd1694e04935bfbb6","result_code":"success","api_name":"orders\\/payment"}', '2024-04-16 08:06:23', '2024-04-16 08:06:23'),
	(92, '2c153137-af87-4177-bf03-5a0ef3cfd005', '5f61cf4f41e2b411212mm5', 'orders/payment', 6, 'Mã đơn hàng đã bị trùng, vui lòng thực hiện lại giao dịch với mã đơn hàng khác', '{"transaction":{"amount":1000010,"bankCode":"SAC","channel":"bank_qr","signature":"e98346bd797bc5e5ab8b52a2f939085b"},"partnerReference":{"order":{"id":"5f61cf4f41e2b411212mm5","description":"test thanh toan"},"notificationConfig":{"notifyUrl":"https:\\/\\/devtool.vn\\/ipn","redirectUrl":"https:\\/\\/devtool.vn\\/redirect"},"merchant":{"merchant_no":"pipay792430"}},"api_name":"orders\\/payment","order_id":"5f61cf4f41e2b411212mm5"}', '2024-04-16 08:07:20', '2024-04-16 08:07:20'),
	(93, '8492349d-cbf9-4bce-9b2c-33762ca35583', '5f61cf4f41e2b411212mm5j', 'orders/payment', 2, 'Chữ ký không hợp lệ!', '{"transaction":{"amount":1000010,"bankCode":"SAC","channel":"bank_qr","signature":"e98346bd797bc5e5ab8b52a2f939085b"},"partnerReference":{"order":{"id":"5f61cf4f41e2b411212mm5j","description":"test thanh toan"},"notificationConfig":{"notifyUrl":"https:\\/\\/devtool.vn\\/ipn","redirectUrl":"https:\\/\\/devtool.vn\\/redirect"},"merchant":{"merchant_no":"pipay792430"}},"api_name":"orders\\/payment","order_id":"5f61cf4f41e2b411212mm5j"}', '2024-04-16 08:07:29', '2024-04-16 08:07:29'),
	(94, 'cb32217a-6229-4275-935e-d75c0fb35982', '5f61cf4f41e2b411212mm5j', 'orders/payment', 2, 'Chữ ký không hợp lệ!', '{"transaction":{"amount":1000010,"bankCode":"SAC","channel":"bank_qr","signature":"20f807653bd2ec7e8f1ed711976d1cf6"},"partnerReference":{"order":{"id":"5f61cf4f41e2b411212mm5j","description":"test thanh toan"},"notificationConfig":{"notifyUrl":"https:\\/\\/devtool.vn\\/ipn","redirectUrl":"https:\\/\\/devtool.vn\\/redirect"},"merchant":{"merchant_no":"pipay792430"}},"api_name":"orders\\/payment","order_id":"5f61cf4f41e2b411212mm5j"}', '2024-04-16 08:07:46', '2024-04-16 08:07:46'),
	(95, 'e03a4ca4-6af5-455e-bdfd-3971c24f3484', '5f61cf4f41e2b411212mm', 'orders/payment', 2, 'Chữ ký không hợp lệ!', '{"transaction":{"amount":1000010,"bankCode":"SAC","channel":"bank_qr","signature":"e98346bd797bc5e5ab8b52a2f939085b"},"partnerReference":{"order":{"id":"5f61cf4f41e2b411212mm","description":"test thanh toan"},"notificationConfig":{"notifyUrl":"https:\\/\\/devtool.vn\\/ipn","redirectUrl":"https:\\/\\/devtool.vn\\/redirect"},"merchant":{"merchant_no":"pipay792430"}},"api_name":"orders\\/payment","order_id":"5f61cf4f41e2b411212mm"}', '2024-04-16 08:07:56', '2024-04-16 08:07:56'),
	(96, '9007da7e-8fd2-425d-b687-877a8df85f28', '5f61cf4f41e2b411212mm', 'orders/payment', 2, 'Chữ ký không hợp lệ!', '{"transaction":{"amount":1000010,"bankCode":"SAC","channel":"bank_qr","signature":"e98346bd797bc5e5ab8b52a2f939085b0"},"partnerReference":{"order":{"id":"5f61cf4f41e2b411212mm","description":"test thanh toan"},"notificationConfig":{"notifyUrl":"https:\\/\\/devtool.vn\\/ipn","redirectUrl":"https:\\/\\/devtool.vn\\/redirect"},"merchant":{"merchant_no":"pipay792430"}},"api_name":"orders\\/payment","order_id":"5f61cf4f41e2b411212mm"}', '2024-04-16 08:08:02', '2024-04-16 08:08:02'),
	(97, '1e4bc92c-630b-4f1f-a6d3-5d11eef9206a', '5f61cf4f41e2b411212mm', 'orders/payment', 2, 'Chữ ký không hợp lệ!', '{"transaction":{"amount":1000010,"bankCode":"SAC","channel":"bank_qr","signature":"e98346bd797bc5e5ab8b52a2f9390850"},"partnerReference":{"order":{"id":"5f61cf4f41e2b411212mm","description":"test thanh toan"},"notificationConfig":{"notifyUrl":"https:\\/\\/devtool.vn\\/ipn","redirectUrl":"https:\\/\\/devtool.vn\\/redirect"},"merchant":{"merchant_no":"pipay792430"}},"api_name":"orders\\/payment","order_id":"5f61cf4f41e2b411212mm"}', '2024-04-16 08:08:08', '2024-04-16 08:08:08'),
	(98, '8877d688-21e7-4287-bd2b-d5c2517ad6d4', '5f61cf4f41e2b411212mm', 'orders/payment', 2, 'Chữ ký không hợp lệ!', '{"transaction":{"amount":1000010,"bankCode":"SAC","channel":"bank_qr","signature":"3e89b1ea4cd6b235e3857ee17fe911639fa5bac8fcbaba814da05fd37a041591"},"partnerReference":{"order":{"id":"5f61cf4f41e2b411212mm","description":"test thanh toan"},"notificationConfig":{"notifyUrl":"https:\\/\\/devtool.vn\\/ipn","redirectUrl":"https:\\/\\/devtool.vn\\/redirect"},"merchant":{"merchant_no":"pipay792430"}},"api_name":"orders\\/payment","order_id":"5f61cf4f41e2b411212mm"}', '2024-04-16 08:09:01', '2024-04-16 08:09:01'),
	(99, 'dc243a96-f84e-402e-aa52-95ab7f9fe74f', '5f61cf4f41e2b411212mm5', 'orders/payment', 6, 'Mã đơn hàng đã bị trùng, vui lòng thực hiện lại giao dịch với mã đơn hàng khác', '{"transaction":{"amount":1000010,"bankCode":"SAC","channel":"bank_qr","signature":"e98346bd797bc5e5ab8b52a2f939085b"},"partnerReference":{"order":{"id":"5f61cf4f41e2b411212mm5","description":"test thanh toan"},"notificationConfig":{"notifyUrl":"https:\\/\\/devtool.vn\\/ipn","redirectUrl":"https:\\/\\/devtool.vn\\/redirect"},"merchant":{"merchant_no":"pipay792430"}},"api_name":"orders\\/payment","order_id":"5f61cf4f41e2b411212mm5"}', '2024-04-16 08:11:42', '2024-04-16 08:11:42'),
	(100, 'fdb34654-4c0e-4918-bba3-32ef581069bb', '5f61cf4f41e2b411212mm5a', 'orders/payment', 2, 'Chữ ký không hợp lệ!', '{"transaction":{"amount":1000010,"bankCode":"SAC","channel":"bank_qr","signature":"e98346bd797bc5e5ab8b52a2f939085b"},"partnerReference":{"order":{"id":"5f61cf4f41e2b411212mm5a","description":"test thanh toan"},"notificationConfig":{"notifyUrl":"https:\\/\\/devtool.vn\\/ipn","redirectUrl":"https:\\/\\/devtool.vn\\/redirect"},"merchant":{"merchant_no":"pipay792430"}},"api_name":"orders\\/payment","order_id":"5f61cf4f41e2b411212mm5a"}', '2024-04-16 08:11:49', '2024-04-16 08:11:49'),
	(101, '02584462-6aea-46ac-8ff9-62886b5dce3f', '5f61cf4f41e2b411212mm5a', 'orders/payment', 16, 'Vui lòng nhập chữ ký giao dịch', '{"transaction":{"amount":1000010,"bankCode":"SAC","channel":"bank_qr","signature":null},"partnerReference":{"order":{"id":"5f61cf4f41e2b411212mm5a","description":"test thanh toan"},"notificationConfig":{"notifyUrl":"https:\\/\\/devtool.vn\\/ipn","redirectUrl":"https:\\/\\/devtool.vn\\/redirect"},"merchant":{"merchant_no":"pipay792430"}},"api_name":"orders\\/payment","order_id":"5f61cf4f41e2b411212mm5a"}', '2024-04-16 08:12:54', '2024-04-16 08:12:54'),
	(102, '27d2261b-ccf4-4956-9c29-fafdf4667068', '5f61cf4f41e2b411212mm5a', 'orders/payment', 2, 'Chữ ký không hợp lệ!', '{"transaction":{"amount":1000010,"bankCode":"SAC","channel":"bank_qr","signature":"s"},"partnerReference":{"order":{"id":"5f61cf4f41e2b411212mm5a","description":"test thanh toan"},"notificationConfig":{"notifyUrl":"https:\\/\\/devtool.vn\\/ipn","redirectUrl":"https:\\/\\/devtool.vn\\/redirect"},"merchant":{"merchant_no":"pipay792430"}},"api_name":"orders\\/payment","order_id":"5f61cf4f41e2b411212mm5a"}', '2024-04-16 08:12:57', '2024-04-16 08:12:57'),
	(103, '9ca6013d-b74f-4ba5-900a-111a4083cf52', NULL, NULL, 3, 'Merchant không tồn tại', 'null', '2024-04-17 02:34:34', '2024-04-17 02:34:34'),
	(104, '418b3f8b-6e62-48d7-a928-f0b2192f868b', NULL, NULL, 3, 'Merchant không tồn tại', '"vnpay208534"', '2024-04-17 02:34:47', '2024-04-17 02:34:47'),
	(105, '30876971-c478-475f-978a-d81ae77264a9', NULL, NULL, 3, 'Merchant không tồn tại', '"vnpay208534"', '2024-04-17 02:34:55', '2024-04-17 02:34:55'),
	(106, '1f0d3576-d0d0-4f5b-a9c6-14b2233c21f5', NULL, NULL, 3, 'Merchant không tồn tại', '"vnpay208534"', '2024-04-17 02:35:49', '2024-04-17 02:35:49'),
	(107, '422fad4d-6ad5-4165-9f44-1a21abe46efe', NULL, NULL, 3, 'Merchant không tồn tại', '"vnpay208534"', '2024-04-17 02:35:51', '2024-04-17 02:35:51'),
	(108, 'fdeec236-2a33-4f23-8a52-e3cdd6ff0fda', NULL, NULL, 3, 'Merchant không tồn tại', '"vnpay208534"', '2024-04-17 02:36:17', '2024-04-17 02:36:17'),
	(109, '3ee55a5e-7b00-493f-b736-e43f9028f3b1', NULL, NULL, 3, 'Merchant không tồn tại', '"vnpay208534"', '2024-04-17 02:36:24', '2024-04-17 02:36:24'),
	(110, 'a71cfcc8-5f3e-42c4-b799-773f03fccc01', NULL, NULL, 3, 'Merchant không tồn tại', '"vnpay208534"', '2024-04-17 02:36:35', '2024-04-17 02:36:35'),
	(111, 'f506fa63-3941-4b47-809d-7949a7659984', NULL, NULL, 3, 'Merchant không tồn tại', '"vnpay208534"', '2024-04-17 02:37:06', '2024-04-17 02:37:06'),
	(112, '29940ea3-c0b3-4848-96bc-38ff8a9e886c', NULL, NULL, 3, 'Merchant không tồn tại', '"vnpay208534"', '2024-04-17 02:38:07', '2024-04-17 02:38:07'),
	(113, '29921da6-35f7-4e4c-8751-619f926ef6c5', NULL, NULL, 3, 'Merchant không tồn tại', '"vnpay208534"', '2024-04-17 02:39:09', '2024-04-17 02:39:09'),
	(114, '83ea174a-c756-41ec-b98a-89ea490721bb', NULL, NULL, 19, 'Chưa nhập Merchant name!', '"pipay418948"', '2024-04-17 04:55:58', '2024-04-17 04:55:58'),
	(115, '7e635efc-01d0-4704-aa9e-71b6c8fd0b93', NULL, NULL, 9, 'Phương thức thanh toán không hợp lệ', '"pipay418948"', '2024-04-17 04:59:42', '2024-04-17 04:59:42'),
	(116, '400ca0e0-f736-47c9-9c92-75aee4616887', NULL, NULL, 23, 'Lỗi từ hệ thống ngân hàng, vui lòng thực hiện lại giao dịch', '{"order_no":"5f61cf4f41e2b411212mm15","merchant_no":"pipay418948","ylt_order_no":"10415162302007281257","amount":"20000","channel":"momo_qr","sign":"34ff12ac21016c2fd1694e04935bfbb6","result_code":"success"}', '2024-04-19 02:24:23', '2024-04-19 02:24:23'),
	(117, '1da4890c-fb5b-4f0a-b933-ae858f5796ec', NULL, NULL, 23, 'Lỗi từ hệ thống ngân hàng, vui lòng thực hiện lại giao dịch', '{"order_no":"5f61cf4f41e2b411212mm15","merchant_no":"pipay418948","ylt_order_no":"10415162302007281257","amount":"20000","channel":"momo_qr","sign":"34ff12ac21016c2fd1694e04935bfbb6","result_code":"success"}', '2024-04-19 02:27:47', '2024-04-19 02:27:47'),
	(118, '6d804f86-9fe8-4d92-b71f-90023f1310cd', NULL, NULL, 23, 'Lỗi từ hệ thống ngân hàng, vui lòng thực hiện lại giao dịch', '{"order_no":"5f61cf4f41e2b411212mm15","merchant_no":"pipay418948","ylt_order_no":"10415162302007281257","amount":"20000","channel":"momo_qr","sign":"34ff12ac21016c2fd1694e04935bfbb6","result_code":"success"}', '2024-04-19 02:28:15', '2024-04-19 02:28:15'),
	(119, 'ee15883d-c3c8-444c-8843-a45e6d6428d9', NULL, NULL, 23, 'Lỗi từ hệ thống ngân hàng, vui lòng thực hiện lại giao dịch', '{"order_no":"5f61cf4f41e2b411212mm15","merchant_no":"pipay418948","ylt_order_no":"10415162302007281257","amount":"20000","channel":"momo_qr","sign":"34ff12ac21016c2fd1694e04935bfbb6","result_code":"success"}', '2024-04-19 02:28:19', '2024-04-19 02:28:19'),
	(120, 'e3ac92d2-f166-43b7-9e25-6ac808de32f6', NULL, NULL, 23, 'Lỗi từ hệ thống ngân hàng, vui lòng thực hiện lại giao dịch', '{"order_no":"5f61cf4f41e2b411212mm15","merchant_no":"pipay418948","ylt_order_no":"10415162302007281257","amount":"20000","channel":"momo_qr","sign":"34ff12ac21016c2fd1694e04935bfbb6","result_code":"success"}', '2024-04-19 02:29:14', '2024-04-19 02:29:14'),
	(121, '2f5f36d4-3459-4c14-9b85-c3eff5dc1ea2', NULL, NULL, 23, 'Lỗi từ hệ thống ngân hàng, vui lòng thực hiện lại giao dịch', '{"order_no":"5f61cf4f41e2b411212mm15","merchant_no":"pipay418948","ylt_order_no":"10415162302007281257","amount":"20000","channel":"momo_qr","sign":"34ff12ac21016c2fd1694e04935bfbb6","result_code":"success"}', '2024-04-19 02:30:13', '2024-04-19 02:30:13'),
	(122, '5e086f45-e4e8-48e2-9580-b90ec3d60e80', NULL, NULL, 23, 'Lỗi từ hệ thống ngân hàng, vui lòng thực hiện lại giao dịch', '{"order_no":"5f61cf4f41e2b411212mm15","merchant_no":"pipay418948","ylt_order_no":"10415162302007281257","amount":"20000","channel":"momo_qr","sign":"34ff12ac21016c2fd1694e04935bfbb6","result_code":"success"}', '2024-04-19 02:31:48', '2024-04-19 02:31:48'),
	(123, '23b030b9-b9c1-477e-8b86-49087d983e76', NULL, NULL, 23, 'Lỗi từ hệ thống ngân hàng, vui lòng thực hiện lại giao dịch', '{"order_no":"5f61cf4f41e2b411212mm15","merchant_no":"pipay418948","ylt_order_no":"10415162302007281257","amount":"20000","channel":"momo_qr","sign":"34ff12ac21016c2fd1694e04935bfbb6","result_code":"success"}', '2024-04-19 02:32:17', '2024-04-19 02:32:17'),
	(124, '9c581b27-0355-42ae-9197-aafcd54754bc', NULL, NULL, 23, 'Lỗi từ hệ thống ngân hàng, vui lòng thực hiện lại giao dịch', '{"order_no":"5f61cf4f41e2b411212mm15","merchant_no":"pipay418948","ylt_order_no":"10415162302007281257","amount":"20000","channel":"momo_qr","sign":"34ff12ac21016c2fd1694e04935bfbb6","result_code":"success"}', '2024-04-19 02:33:38', '2024-04-19 02:33:38'),
	(125, '247d9528-7540-49fc-b8e1-28404819ef45', '20', 'orders/payment', 6, 'Mã đơn hàng đã bị trùng, vui lòng thực hiện lại giao dịch với mã đơn hàng khác', '{"transaction":{"amount":6534000,"bankCode":"VCB","channel":"momo_qr","signature":"42bbd0dd4aa21f72134cf9ce232e2711"},"partnerReference":{"order":{"id":"20","description":"test thanh toan"},"merchant":{"merchant_no":"pipay278485"}},"merchant_id":"1","api_name":"orders\\/payment","order_id":"20"}', '2024-04-19 03:20:56', '2024-04-19 03:20:56'),
	(126, 'b9bc37de-29dc-4ef2-9ce0-eba3dc8bec87', '20', 'orders/payment', 2, 'Chữ ký không hợp lệ!', '{"transaction":{"amount":6534000,"bankCode":"VCB","channel":"momo_qr","signature":"42bbd0dd4aa21f72134cf9ce232e272"},"partnerReference":{"order":{"id":"20","description":"test thanh toan"},"merchant":{"merchant_no":"pipay278485"}},"merchant_id":"1","api_name":"orders\\/payment","order_id":"20"}', '2024-04-19 03:21:26', '2024-04-19 03:21:26'),
	(127, 'd6638531-48a5-4cc0-a904-29f1001350e2', '21', 'orders/payment', 2, 'Chữ ký không hợp lệ!', '{"transaction":{"amount":6534000,"bankCode":"VCB","channel":"momo_qr","signature":"42bbd0dd4aa21f72134cf9ce232e27"},"partnerReference":{"order":{"id":"21","description":"test thanh toan"},"merchant":{"merchant_no":"pipay278485"}},"merchant_id":"1","api_name":"orders\\/payment","order_id":"21"}', '2024-04-19 03:21:43', '2024-04-19 03:21:43'),
	(128, 'ed6a53d5-6f70-4ec1-b5ab-8380c197d098', '21', 'orders/payment', 2, 'Chữ ký không hợp lệ!', '{"transaction":{"amount":6534000,"bankCode":"VCB","channel":"momo_qr","signature":"42bbd0dd4aa21f72134cf9ce232e2711"},"partnerReference":{"order":{"id":"21","description":"test thanh toan"},"merchant":{"merchant_no":"pipay278485"}},"merchant_id":"1","api_name":"orders\\/payment","order_id":"21"}', '2024-04-19 03:21:54', '2024-04-19 03:21:54'),
	(129, '66a54514-c37c-499b-a0f6-9ea7cfb0db9b', '54', 'orders/payment', 2, 'Chữ ký không hợp lệ!', '{"transaction":{"amount":20000,"bankCode":null,"channel":"momo_qr","signature":"20f807653bd2ec7e8f1ed711976d1cf6"},"partnerReference":{"order":{"id":"54","description":"test thanh toan"},"merchant":{"merchant_no":"pipay278485"}},"merchant_id":"1","api_name":"orders\\/payment","order_id":"54"}', '2024-04-19 03:25:07', '2024-04-19 03:25:07'),
	(130, 'fe3b3d53-3cb5-4428-81b2-df67d9b6563f', NULL, NULL, 9, 'Phương thức thanh toán không hợp lệ', 'null', '2024-04-19 07:37:26', '2024-04-19 07:37:26'),
	(131, '1e71a94d-5eef-46a0-8960-f7fa7942609d', NULL, NULL, 1, 'Thông tin yêu cầu thiếu hoặc không hợp lệ', '{"channel":"momo_qr","fee_deposit":null,"fee_withdraw":null}', '2024-04-19 07:38:44', '2024-04-19 07:38:44'),
	(132, '320e3ae1-56dd-4f4e-9f84-9a28c729caba', NULL, NULL, 1, 'Thông tin yêu cầu thiếu hoặc không hợp lệ', '{"channel":"momo_qr","fee_deposit":"1","fee_withdraw":null}', '2024-04-19 07:38:52', '2024-04-19 07:38:52'),
	(133, 'f350f775-d8e3-43fb-9bbe-c579ea919ace', NULL, NULL, 9, 'Phương thức thanh toán không hợp lệ', 'null', '2024-04-19 07:39:57', '2024-04-19 07:39:57'),
	(134, 'fd15a211-4bff-4eaf-b18d-969950e0ad95', NULL, NULL, 9, 'Phương thức thanh toán không hợp lệ', 'null', '2024-04-19 07:41:31', '2024-04-19 07:41:31'),
	(135, '162cd97d-e18a-4d30-90a8-74c4484875c6', NULL, NULL, 9, 'Phương thức thanh toán không hợp lệ', 'null', '2024-04-19 07:43:24', '2024-04-19 07:43:24'),
	(136, '93b45ad3-25f6-444c-9b6d-154b84c2f8ed', NULL, NULL, 9, 'Phương thức thanh toán không hợp lệ', 'null', '2024-04-19 07:43:35', '2024-04-19 07:43:35'),
	(137, '32cf3c9f-2a22-4193-b3b9-a7550fda1bf1', NULL, NULL, 1, 'Thông tin yêu cầu thiếu hoặc không hợp lệ', '{"channel":"momo_qr","fee_deposit":null,"fee_withdraw":null}', '2024-04-19 07:44:04', '2024-04-19 07:44:04'),
	(138, '00212240-5c61-4df2-9e96-92264bd021d9', NULL, NULL, 1, 'Thông tin yêu cầu thiếu hoặc không hợp lệ', '{"channel":"momo_qr","fee_deposit":null,"fee_withdraw":null,"merchant_no":null}', '2024-04-19 07:52:53', '2024-04-19 07:52:53'),
	(139, '08a4b7f2-0b4d-4c75-83d0-a0b4a5bca7ea', NULL, NULL, 3, 'Merchant không tồn tại', '{"channel":"momo_qr","fee_deposit":"1","fee_withdraw":"1","merchant_no":null}', '2024-04-19 07:52:59', '2024-04-19 07:52:59'),
	(140, '439fdec0-3930-4fa0-abda-5ab40d84af8f', NULL, NULL, 3, 'Merchant không tồn tại', '{"channel":"momo_qr","fee_deposit":"1","fee_withdraw":"1","merchant_no":"\\u00e1das"}', '2024-04-19 07:53:05', '2024-04-19 07:53:05'),
	(141, '98ee9f23-796f-4068-b0b3-da1ce24d77a2', NULL, NULL, 3, 'Merchant không tồn tại', '{"channel":"momo_qr","fee_deposit":2,"fee_withdraw":1,"merchant_no":"pipay899310"}', '2024-04-19 08:58:59', '2024-04-19 08:58:59'),
	(142, '010c7ca2-af32-44e0-9d2f-a210ec5e8e3a', NULL, NULL, 3, 'Merchant không tồn tại', '{"channel":"momo_qr","fee_deposit":2,"fee_withdraw":1,"merchant_no":"a10a6bd4db4bd0ea3d820a1f1d09f2dfa48d8e044e4432dfca098402b0265f81"}', '2024-04-19 08:59:26', '2024-04-19 08:59:26'),
	(143, '0de14d84-61fa-49d0-a3ae-69e8921bc80c', NULL, NULL, 2, 'Chữ ký không hợp lệ!', '{"channel":"momo_qr","fee_deposit":2,"fee_withdraw":1,"token_key":"a10a6bd4db4bd0ea3d820a1f1d09f2dfa48d8e044e4432dfca098402b0265f81"}', '2024-04-19 08:59:55', '2024-04-19 08:59:55'),
	(144, '982b2fd4-a462-4477-936e-cd12f0c3153c', NULL, NULL, 2, 'Chữ ký không hợp lệ!', '{"channel":"momo_qr","fee_deposit":2,"fee_withdraw":1,"token_key":"a10a6bd4db4bd0ea3d820a1f1d09f2dfa48d8e044e4432dfca098402b0265f81","signature":null}', '2024-04-19 09:00:41', '2024-04-19 09:00:41'),
	(145, '9bc1e359-d7d3-4930-8453-6f29dd7343a3', NULL, NULL, 2, 'Chữ ký không hợp lệ!', '{"token_key":"a10a6bd4db4bd0ea3d820a1f1d09f2dfa48d8e044e4432dfca098402b0265f81","signature":null}', '2024-04-19 09:09:26', '2024-04-19 09:09:26'),
	(146, '56948d1d-5568-4685-a4e5-7127814eafdc', NULL, NULL, 2, 'Chữ ký không hợp lệ!', '{"token_key":"a10a6bd4db4bd0ea3d820a1f1d09f2dfa48d8e044e4432dfca098402b0265f81","signature":null}', '2024-04-19 09:12:34', '2024-04-19 09:12:34'),
	(147, '0cd5854e-2854-421f-9552-75135879b293', NULL, NULL, 3, 'Merchant không tồn tại', '{"channel":"momo_qr","fee_deposit":2,"fee_withdraw":1,"token_key":"Zf3qmY3oh3XSsurb8qMRG7WFZMSyNp","signature":"20f807653bd2ec7e8f1ed711976d1cf6"}', '2024-04-19 09:25:22', '2024-04-19 09:25:22'),
	(148, 'b828537a-f754-4255-a023-146a2a5f574f', NULL, NULL, 3, 'Merchant không tồn tại', '{"channel":"momo_qr","fee_deposit":2,"fee_withdraw":1,"token_key":"Zf3qmY3oh3XSsurb8qMRG7WFZMSyNp","signature":"20f807653bd2ec7e8f1ed711976d1cf6"}', '2024-04-19 09:26:09', '2024-04-19 09:26:09'),
	(149, '46fdaa0c-d77f-4b6d-b237-873c4ef0fe0b', NULL, NULL, 2, 'Chữ ký không hợp lệ!', '{"channel":"momo_qr","fee_deposit":2,"fee_withdraw":1,"token_key":"2151251112","signature":"20f807653bd2ec7e8f1ed711976d1cf6"}', '2024-04-19 09:27:13', '2024-04-19 09:27:13'),
	(150, '1717cc9e-f40f-4fd1-a964-4a4778e3cdea', NULL, NULL, 2, 'Chữ ký không hợp lệ!', '{"channel":"momo_qr","fee_deposit":2,"fee_withdraw":1,"token_key":"2151251112","signature":"20f807653bd2ec7e8f1ed711976d1cf6"}', '2024-04-19 09:28:34', '2024-04-19 09:28:34'),
	(151, '7f1c36c0-2c5e-4748-a077-c1cd6e1ecf94', NULL, NULL, 2, 'Chữ ký không hợp lệ!', '{"channel":"momo_qr","fee_deposit":1,"fee_withdraw":1,"token_key":"2151251112","signature":"20f807653bd2ec7e8f1ed711976d1cf6"}', '2024-04-19 09:28:52', '2024-04-19 09:28:52'),
	(152, '38ca905e-d16c-4d0c-92d3-931a97dad670', NULL, NULL, 1, 'Thông tin yêu cầu thiếu hoặc không hợp lệ', '{"channel":"momo_qr","fee_deposit":null,"fee_withdraw":null,"token_key":"2151251112","signature":"20f807653bd2ec7e8f1ed711976d1cf6"}', '2024-04-19 09:29:14', '2024-04-19 09:29:14'),
	(153, 'bb80992c-0a47-4fbd-958e-a30dbe36b665', NULL, NULL, 2, 'Chữ ký không hợp lệ!', '{"channel":"momo_qr","fee_deposit":2,"fee_withdraw":1,"token_key":"2151251112","signature":"20f807653bd2ec7e8f1ed711976d1cf6"}', '2024-04-19 09:30:52', '2024-04-19 09:30:52'),
	(154, 'a015a535-b6b5-4dcf-bb85-bb72e48952e1', NULL, NULL, 2, 'Chữ ký không hợp lệ!', '{"channel":"momo_qr","fee_deposit":2,"fee_withdraw":1,"token_key":"2151251112","signature":"B8xmggbnMGb6KsYPMp89CxzzNPcpSx"}', '2024-04-19 09:33:38', '2024-04-19 09:33:38'),
	(155, '531c3aa3-1461-4a7d-826f-37231c344f99', NULL, NULL, 2, 'Chữ ký không hợp lệ!', '{"channel":"momo_qr","fee_deposit":2,"fee_withdraw":1,"token_key":"2151251112","signature":null}', '2024-04-19 09:36:38', '2024-04-19 09:36:38'),
	(156, '1e578375-c6be-49d9-a202-2865b883a863', NULL, NULL, 2, 'Chữ ký không hợp lệ!', '{"channel":"momo_qr","fee_deposit":2,"fee_withdraw":1,"token_key":"2151251112","signature":"7d80c1f871bb8dd8e27a8ba040a22988"}', '2024-04-19 09:36:41', '2024-04-19 09:36:41'),
	(157, '3c953569-fdf8-4860-af8d-6465dfaf3805', NULL, NULL, 3, 'Merchant không tồn tại', '[]', '2024-04-19 09:51:13', '2024-04-19 09:51:13'),
	(158, '716ae36f-47da-4425-b676-1f6ca8436654', NULL, NULL, 5, 'API Key ko tồn tại', '[]', '2024-04-19 09:51:33', '2024-04-19 09:51:33'),
	(159, '1ff81fa9-b084-4290-96c5-2097f018a706', NULL, NULL, 2, 'Chữ ký không hợp lệ!', '{"channel":"momo_qr","fee_deposit":2,"fee_withdraw":1,"token_key":"d9b71b8744e50974396f7b17c544f838118bedb93de8bf1f270bb2143433e2cd","signature":"94bd82b431467f3de54d048aabab38b6"}', '2024-04-19 09:54:45', '2024-04-19 09:54:45'),
	(160, '201c7733-df19-4fd8-9142-f6032d6faa28', NULL, NULL, 2, 'Chữ ký không hợp lệ!', '{"channel":"momo_qr","fee_deposit":2,"fee_withdraw":1,"token_key":"d9b71b8744e50974396f7b17c544f838118bedb93de8bf1f270bb2143433e2cd","signature":"94bd82b431467f3de54d048aabab38b6"}', '2024-04-19 09:58:36', '2024-04-19 09:58:36'),
	(161, '734395ac-bf65-4c76-958c-e7ffee574623', NULL, NULL, 2, 'Chữ ký không hợp lệ!', '{"token_key":"d9b71b8744e50974396f7b17c544f838118bedb93de8bf1f270bb2143433e2cd","signature":"94bd82b431467f3de54d048aabab38b6"}', '2024-04-19 10:03:07', '2024-04-19 10:03:07'),
	(162, '8ed5b32a-103d-4577-b4cd-c13fb1d03cd1', NULL, NULL, 9, 'Phương thức thanh toán không hợp lệ', 'null', '2024-04-19 10:03:19', '2024-04-19 10:03:19'),
	(163, 'f1e36bd9-b285-419d-b28b-8da4375e8566', NULL, NULL, 2, 'Chữ ký không hợp lệ!', '{"token_key":"d9b71b8744e50974396f7b17c544f838118bedb93de8bf1f270bb2143433e2cd","signature":"94bd82b431467f3de54d048aabab38b6"}', '2024-04-19 10:04:15', '2024-04-19 10:04:15'),
	(164, '340f2f1d-b690-43b8-8ade-45b5900e802c', NULL, NULL, 2, 'Chữ ký không hợp lệ!', '{"token_key":"d9b71b8744e50974396f7b17c544f838118bedb93de8bf1f270bb2143433e2cd","signature":"94bd82b431467f3de54d048aabab38b6"}', '2024-04-19 10:04:33', '2024-04-19 10:04:33'),
	(165, 'c4ead5d0-74e4-4b4c-9a26-e8dc0bad8f3b', NULL, NULL, 2, 'Chữ ký không hợp lệ!', '{"token_key":"d9b71b8744e50974396f7b17c544f838118bedb93de8bf1f270bb2143433e2cd","signature":"94bd82b431467f3de54d048aabab38b6"}', '2024-04-19 10:04:43', '2024-04-19 10:04:43'),
	(166, 'bdcf70f1-f3cf-4d90-b637-2a041defd9b5', NULL, NULL, 2, 'Chữ ký không hợp lệ!', '{"token_key":"d9b71b8744e50974396f7b17c544f838118bedb93de8bf1f270bb2143433e2cd","signature":"d9b71b8744e50974396f7b17c544f838118bedb93de8bf1f270bb2143433e2cd"}', '2024-04-19 10:04:47', '2024-04-19 10:04:47'),
	(167, 'ce8cb91a-305e-4948-af62-854a1352af0b', NULL, NULL, 2, 'Chữ ký không hợp lệ!', '{"token_key":"d9b71b8744e50974396f7b17c544f838118bedb93de8bf1f270bb2143433e2cd","signature":null}', '2024-04-19 10:05:02', '2024-04-19 10:05:02'),
	(168, '71b8592f-06f3-4943-857d-a2c43d992d02', NULL, NULL, 2, 'Chữ ký không hợp lệ!', '{"token_key":"d9b71b8744e50974396f7b17c544f838118bedb93de8bf1f270bb2143433e2cd","signature":"94bd82b431467f3de54d048aabab38b6"}', '2024-04-19 10:05:07', '2024-04-19 10:05:07'),
	(169, '28fbe5c6-469a-4bdd-a9bf-183cec9528c8', NULL, NULL, 9, 'Phương thức thanh toán không hợp lệ', '{"channel":"momoa_qr","fee_deposit":2,"fee_withdraw":1}', '2024-04-20 01:45:47', '2024-04-20 01:45:47'),
	(170, 'b2d3295e-0500-4483-9b15-a6f2d5d68722', NULL, NULL, 1, 'Thông tin yêu cầu thiếu hoặc không hợp lệ', '{"channel":"zalo_qr","fee_deposit":1.12,"fee_withdraw":null}', '2024-04-20 01:53:27', '2024-04-20 01:53:27'),
	(171, '1d7cae4c-6334-4282-9854-5e61910c7bb0', NULL, NULL, 1, 'Thông tin yêu cầu thiếu hoặc không hợp lệ', '{"channel":"zalo_qr","fee_deposit":null,"fee_withdraw":null}', '2024-04-20 01:53:39', '2024-04-20 01:53:39'),
	(172, '68bff887-2787-452c-bbeb-06d00a563d4c', NULL, NULL, 24, 'Giá trị lớn hơn giá trị mặc định ', '{"channel":"zalo_qr","fee_deposit":5,"fee_withdraw":5}', '2024-04-20 01:56:16', '2024-04-20 01:56:16'),
	(173, '061b981c-4512-434c-ac7e-d3992ec68897', NULL, NULL, 1, 'Thông tin yêu cầu thiếu hoặc không hợp lệ', '{"channel":"zalo_qr","fee_deposit":null,"fee_withdraw":null}', '2024-04-20 01:58:19', '2024-04-20 01:58:19'),
	(174, '9dd80793-5534-466d-8311-bb92dd5fc85e', NULL, NULL, 1, 'Thông tin yêu cầu thiếu hoặc không hợp lệ', '{"channel":"zalo_qr","fee_deposit":1,"fee_withdraw":1}', '2024-04-20 01:59:07', '2024-04-20 01:59:07'),
	(175, '9d5c292e-dfcd-45f9-a166-41778f6dae95', NULL, NULL, 1, 'Thông tin yêu cầu thiếu hoặc không hợp lệ', '{"channel":"zalo_qr","fee_deposit":1,"fee_withdraw":1}', '2024-04-20 01:59:17', '2024-04-20 01:59:17'),
	(176, '3c987d2c-6edc-47ba-8ca0-d16e75396d12', NULL, NULL, 2, 'Chữ ký không hợp lệ!', '{"token_key":"d9b71b8744e50974396f7b17c544f838118bedb93de8bf1f270bb2143433e2cd","signature":null}', '2024-04-20 01:59:54', '2024-04-20 01:59:54'),
	(177, 'dca49931-ee49-49f7-abaa-599d102ed028', '5f61cf4f41e2b411212mm15', NULL, 3, 'Merchant không tồn tại', '{"amount":0,"merchant_no":"pipay418948s","order_id":"5f61cf4f41e2b411212mm15","channel":"momo_qr","wallet_type_id":4}', '2024-04-22 02:34:23', '2024-04-22 02:34:23'),
	(178, '90fb7da2-0034-4c43-be06-7d4bcb858073', '5f61cf4f41e2b411212mm15', NULL, 1, 'Thông tin yêu cầu thiếu hoặc không hợp lệ', '{"amount":500,"merchant_no":"pipay418948","order_id":"5f61cf4f41e2b411212mm15","channel":"momo_qr","wallet_type_id":null}', '2024-04-22 02:37:53', '2024-04-22 02:37:53'),
	(179, 'c859b5cc-fac4-40c9-becf-097864052d61', '5f61cf4f41e2b411212mm15', NULL, 1, 'Thông tin yêu cầu thiếu hoặc không hợp lệ', '{"amount":500,"merchant_no":"pipay418948","order_id":"5f61cf4f41e2b411212mm15","channel":"momo_qr","wallet_type_id":4}', '2024-04-22 02:38:06', '2024-04-22 02:38:06'),
	(180, 'd59be89a-0c8f-4b3e-9fe9-a991844f4e7b', '5f61cf4f41e2b411212mm15', NULL, 1, 'Thông tin yêu cầu thiếu hoặc không hợp lệ', '{"amount":500,"merchant_no":"pipay418948","order_id":"5f61cf4f41e2b411212mm15","channel":"momo_qr","wallet_type_id":4}', '2024-04-22 02:38:43', '2024-04-22 02:38:43'),
	(181, 'fc424eac-140e-4724-9411-47eefa2cdd51', '5f61cf4f41e2b411212mm15', NULL, 1, 'Thông tin yêu cầu thiếu hoặc không hợp lệ', '{"amount":500,"merchant_no":"pipay418948","order_id":"5f61cf4f41e2b411212mm15","channel":"momo_qr","wallet_type_id":4}', '2024-04-22 02:38:58', '2024-04-22 02:38:58'),
	(182, 'a8e330e8-7c57-40cf-ae72-d8d91d858d15', '5f61cf4f41e2b411212mm15', NULL, 1, 'Thông tin yêu cầu thiếu hoặc không hợp lệ', '{"amount":"500","merchant_no":"pipay418948","order_id":"5f61cf4f41e2b411212mm15","channel":"momo_qr","wallet_type_id":"4"}', '2024-04-22 02:39:13', '2024-04-22 02:39:13'),
	(183, 'fc00ba5d-847b-419d-bd60-a14eaa6a6714', '5f61cf4f41e2b411212mm15', NULL, 2, 'Chữ ký không hợp lệ!', '{"merchant_no":"pipay418948","order_id":"5f61cf4f41e2b411212mm15","amount":500,"channel":"momo_qr","api_key":"uNhngy9loxs1FyYVUXYOg8yremARcS"}', '2024-04-22 02:39:29', '2024-04-22 02:39:29'),
	(184, '8e833ee4-11f8-4348-9dfc-7b8ae4954895', '5f61cf4f41e2b411212mm15', NULL, 2, 'Chữ ký không hợp lệ!', '{"merchant_no":"pipay418948","order_id":"5f61cf4f41e2b411212mm15","amount":500,"channel":"momo_qr","api_key":"uNhngy9loxs1FyYVUXYOg8yremARcS"}', '2024-04-22 02:39:59', '2024-04-22 02:39:59'),
	(185, '02304d01-f5c1-45f7-89a8-a4151a739b06', NULL, NULL, 1, 'Thông tin yêu cầu thiếu hoặc không hợp lệ', '{"transaction":"9e457d3f-bcea-4d4d-8595-fea53a0eef29","status":null,"reject_reason":null}', '2024-04-22 04:08:02', '2024-04-22 04:08:02'),
	(186, 'e7e84a4c-c5e9-4066-860e-54f70aea24af', NULL, NULL, 1, 'Thông tin yêu cầu thiếu hoặc không hợp lệ', '{"transaction":"9e457d3f-bcea-4d4d-8595-fea53a0eef29","status":null,"reject_reason":null}', '2024-04-22 04:10:18', '2024-04-22 04:10:18'),
	(187, 'd22be516-0a70-402c-b143-25ca4d8ebd7c', NULL, NULL, 1, 'Thông tin yêu cầu thiếu hoặc không hợp lệ', '{"transaction":"9e457d3f-bcea-4d4d-8595-fea53a0eef29","status":"rejected","reject_reason":null}', '2024-04-22 04:10:40', '2024-04-22 04:10:40'),
	(188, 'c89d210c-a644-437e-bd4f-e24f7bdeb9bb', NULL, NULL, 26, 'Số dư không đủ', '[]', '2024-04-22 07:46:37', '2024-04-22 07:46:37'),
	(189, '47e0366c-9d37-417e-925d-d87553e7c1f0', '5f61cf4f41e2b411212mm15', NULL, 2, 'Chữ ký không hợp lệ!', '{"merchant_no":"pipay418948","order_id":"5f61cf4f41e2b411212mm15","amount":500,"channel":"momo_qr"}', '2024-04-22 07:53:46', '2024-04-22 07:53:46'),
	(190, 'cdb2bf14-b4c4-4556-a088-bd9328dfcc13', '5f61cf4f41e2b411212mm15', NULL, 2, 'Chữ ký không hợp lệ!', '{"merchant_no":"pipay418948","order_id":"5f61cf4f41e2b411212mm15","amount":500,"channel":"momo_qr"}', '2024-04-22 07:54:09', '2024-04-22 07:54:09'),
	(191, '5707658e-a351-4ed7-af30-4e9005811757', '5f61cf4f41e2b411212mm15', NULL, 2, 'Chữ ký không hợp lệ!', '{"merchant_no":"pipay418948","order_id":"5f61cf4f41e2b411212mm15","amount":500,"channel":"momo_qr"}', '2024-04-22 07:56:30', '2024-04-22 07:56:30'),
	(192, '8bfa85b6-1183-4ec8-a43b-9fa3c0ff3288', '5f61cf4f41e2b411212mm15', NULL, 2, 'Chữ ký không hợp lệ!', '{"merchant_no":"pipay418948","order_id":"5f61cf4f41e2b411212mm15","amount":500,"channel":"momo_qr"}', '2024-04-22 07:58:21', '2024-04-22 07:58:21'),
	(193, '61d0d11e-e7ae-4c0e-8698-0b2501856bab', NULL, NULL, 24, 'Giá trị lớn hơn giá trị mặc định ', '{"channel":"zalo_qr","fee_deposit":1,"fee_withdraw":1.5}', '2024-04-22 08:02:34', '2024-04-22 08:02:34'),
	(194, '13a67ab3-f67d-489c-bc9c-b5aa0abe0e9f', NULL, NULL, 26, 'Số dư không đủ', '[]', '2024-04-23 02:04:50', '2024-04-23 02:04:50'),
	(195, '8ca70026-ee98-43ab-b423-c043c99f0eb0', NULL, NULL, 26, 'Số dư không đủ', '[]', '2024-04-23 02:08:08', '2024-04-23 02:08:08'),
	(196, '843b2414-9108-493f-a84c-d1ab0924c94e', NULL, NULL, 26, 'Số dư không đủ', '[]', '2024-04-23 02:08:14', '2024-04-23 02:08:14'),
	(197, '3bb0ab86-a539-4143-b583-651a9f8c7d23', NULL, NULL, 27, 'Số dư ít hơn số dư tối thiểu ', '[]', '2024-04-23 02:08:27', '2024-04-23 02:08:27'),
	(198, 'bb1a7964-8900-47cf-a1cb-1b4ea02aef97', NULL, NULL, 27, 'Số dư ít hơn số dư tối thiểu ', '[]', '2024-04-23 02:16:46', '2024-04-23 02:16:46'),
	(199, '4aedde1d-15a0-4f09-af1f-e8274c59a3a2', NULL, NULL, 27, 'Số dư ít hơn số dư tối thiểu ', '[]', '2024-04-23 02:16:59', '2024-04-23 02:16:59'),
	(200, '8ac18b14-ae49-4539-8348-8c544cff1ce4', NULL, NULL, 27, 'Số dư ít hơn số dư tối thiểu ', '[]', '2024-04-23 02:17:03', '2024-04-23 02:17:03'),
	(201, '15ebf06f-fc38-42a3-9d1c-3bc8debc2f86', NULL, NULL, 25, 'Không tìm thấy giao dịch này', '{"transaction":"a1b61737-65c8-483a-b3d5-a2603ec57950","status":"accepted","reject_reason":null}', '2024-04-23 02:18:24', '2024-04-23 02:18:24'),
	(202, '7ac18868-6c52-4f48-a18e-e0c450b1ae0b', '5f61cf4f41e2b411212mm15', NULL, 2, 'Chữ ký không hợp lệ!', '{"merchant_no":"pipay418948","order_id":"5f61cf4f41e2b411212mm15","amount":50000,"channel":"momo_qr"}', '2024-04-23 02:28:50', '2024-04-23 02:28:50'),
	(203, 'd368d95c-76f2-427e-8db2-1d00f3d3e1f9', NULL, NULL, 28, 'Yêu cầu nhập token', '[]', '2024-04-23 08:45:47', '2024-04-23 08:45:47'),
	(204, '6116b7e6-3406-47d3-8fe2-2a58f88ab996', NULL, NULL, 5, 'API Key ko tồn tại', '[]', '2024-04-23 08:48:49', '2024-04-23 08:48:49'),
	(205, 'db802909-79d8-4cfe-b1ae-32f185f77603', NULL, NULL, 28, 'Yêu cầu nhập token', '{"token_key":null}', '2024-04-23 08:54:26', '2024-04-23 08:54:26'),
	(206, '7d6f6727-98ed-450a-9a93-89acc486046f', NULL, NULL, 1, 'Thông tin yêu cầu thiếu hoặc không hợp lệ', '{"token_key":"zxc","bank_code":null}', '2024-04-23 08:54:36', '2024-04-23 08:54:36'),
	(207, '96e3ec9b-419b-46f1-9393-bfcd4be57e2f', NULL, NULL, 5, 'API Key ko tồn tại', '{"token_key":"zxc","bank_code":"z"}', '2024-04-23 08:54:41', '2024-04-23 08:54:41'),
	(208, '9dbbbf8f-e2d6-4b6b-8944-e325435c8e34', NULL, NULL, 8, 'Mã ngân hàng không tồn tại', '{"token_key":"3e89b1ea4cd6b235e3857ee17fe911639fa5bac8fcbaba814da05fd37a041591","bank_code":"z"}', '2024-04-23 08:54:49', '2024-04-23 08:54:49'),
	(209, 'bc00afad-2b23-448a-abc6-9fd528210e9d', NULL, NULL, 1, 'Thông tin yêu cầu thiếu hoặc không hợp lệ', '{"transaction":"60f11ecd-88d4-4944-8090-8885d22497da","status":"accepted","reject_reason":null,"token_key":"d9b71b8744e50974396f7b17c544f838118bedb93de8bf1f270bb2143433e2cd","bank_code":null}', '2024-04-23 09:31:51', '2024-04-23 09:31:51'),
	(210, '4b992b93-f60a-4fde-9603-d9e9a50b8e07', NULL, NULL, 8, 'Mã ngân hàng không tồn tại', '{"transaction":"60f11ecd-88d4-4944-8090-8885d22497da","status":"accepted","reject_reason":null,"token_key":"d9b71b8744e50974396f7b17c544f838118bedb93de8bf1f270bb2143433e2cd","bank_code":"s"}', '2024-04-23 09:31:54', '2024-04-23 09:31:54'),
	(211, 'c71d37a4-03ce-4d35-882d-6f789dc9a0d7', NULL, NULL, 5, 'API Key ko tồn tại', '{"transaction":"60f11ecd-88d4-4944-8090-8885d22497da","status":"accepted","reject_reason":null,"token_key":"d9b71b8744e50974396f7b17c544f838118bedb93de8bf1f270bb2143433e2c","bank_code":"ACB"}', '2024-04-23 09:32:20', '2024-04-23 09:32:20'),
	(212, 'fda2a7f7-c55c-4409-9c67-7fd868f35e3f', NULL, NULL, 1, 'Thông tin yêu cầu thiếu hoặc không hợp lệ', 'null', '2024-04-24 02:14:13', '2024-04-24 02:14:13'),
	(213, 'c50f01a8-b158-4a8a-977f-4fc3db92df3b', NULL, NULL, 1, 'Thông tin yêu cầu thiếu hoặc không hợp lệ', '{"token_key":null,"transaction_id":null}', '2024-04-24 02:14:35', '2024-04-24 02:14:35'),
	(214, 'c7342eb4-ecbc-44a7-a21b-1a82057d5ef6', NULL, NULL, 1, 'Thông tin yêu cầu thiếu hoặc không hợp lệ', '{"token_key":"2151251112","transaction_id":null}', '2024-04-24 02:14:55', '2024-04-24 02:14:55'),
	(215, '2e4e1ca3-56eb-4837-910c-5d24d148a449', NULL, NULL, 2, 'Chữ ký không hợp lệ!', '{"transaction_id":"93dad868-9ed4-42c7-ba85-90c1307d193c","merchant_no":"pipay792430"}', '2024-04-24 02:15:02', '2024-04-24 02:15:02'),
	(216, '8ff3f1d9-5fa4-4381-bf0f-a3df2ed4cbf9', NULL, NULL, 2, 'Chữ ký không hợp lệ!', '{"transaction_id":"93dad868-9ed4-42c7-ba85-90c1307d193c","merchant_no":"pipay792430"}', '2024-04-24 02:15:39', '2024-04-24 02:15:39'),
	(217, '2149acea-f776-4b0d-9696-af3ebc96ce79', NULL, NULL, 2, 'Chữ ký không hợp lệ!', '{"transaction_id":"93dad868-9ed4-42c7-ba85-90c1307d193c","merchant_no":"pipay792430"}', '2024-04-24 02:15:57', '2024-04-24 02:15:57'),
	(218, 'c1290cf2-d936-4ad7-8bc6-5eba47f4c5e3', NULL, NULL, 2, 'Chữ ký không hợp lệ!', '{"transaction_id":"93dad868-9ed4-42c7-ba85-90c1307d193c","merchant_no":"pipay792430"}', '2024-04-24 02:16:17', '2024-04-24 02:16:17'),
	(219, 'bbdd28b6-33b4-4114-8c46-3799488e435f', NULL, NULL, 27, 'Số dư ít hơn số dư tối thiểu ', '[]', '2024-04-24 04:11:00', '2024-04-24 04:11:00'),
	(220, '6488defb-d6da-439d-8645-4afe63a8f511', NULL, NULL, 1, 'Thông tin yêu cầu thiếu hoặc không hợp lệ', '{"transaction":null,"status":null,"reject_reason":null}', '2024-04-24 07:21:38', '2024-04-24 07:21:38'),
	(221, 'b2ff385b-70d0-4793-af89-4125ae333005', NULL, NULL, 26, 'Số dư không đủ', '[]', '2024-04-24 07:48:39', '2024-04-24 07:48:39'),
	(222, '2b8bf7e6-e532-42ed-af21-521808af3dd8', NULL, NULL, 11, 'Lỗi không xác định, vui lòng kiểm tra lại giao dịch sau', '{"transaction_id":"2c665291-4747-4cfc-9f85-83888b2e4b1f","token_key":"71615e90f6ca9a9b83681e3185a31e6e23ef899f08395fa1fcd0086b58ac4c5a"}', '2024-04-24 09:34:06', '2024-04-24 09:34:06'),
	(223, '79a9ea50-2d4c-43b1-a434-315fe64c4fae', NULL, NULL, 2, 'Chữ ký không hợp lệ!', '{"merchant_no":"pipay245156","transaction_id":"2c665291-4747-4cfc-9f85-83888b2e4b1f"}', '2024-04-24 09:35:06', '2024-04-24 09:35:06'),
	(224, '5a09039b-ee18-4a8f-aa9e-32fe864e6174', NULL, NULL, 2, 'Chữ ký không hợp lệ!', '{"merchant_no":"pipay571773","transaction_id":"2c665291-4747-4cfc-9f85-83888b2e4b1f"}', '2024-04-24 09:36:06', '2024-04-24 09:36:06'),
	(225, '70833b5c-cf6a-46ba-b068-e7cf85ed764d', NULL, NULL, 2, 'Chữ ký không hợp lệ!', '{"merchant_no":"pipay504193","transaction_id":"696256ee-c8f4-4b8e-a538-513a76741a5e"}', '2024-04-24 09:38:04', '2024-04-24 09:38:04'),
	(226, '60eedcb7-ca44-41f3-b0ab-a0825fe5463d', NULL, NULL, 2, 'Chữ ký không hợp lệ!', '{"merchant_no":"pipay504193","transaction_id":"696256ee-c8f4-4b8e-a538-513a76741a5es"}', '2024-04-24 09:39:27', '2024-04-24 09:39:27'),
	(227, 'd88c57a0-662a-47d1-a8a6-5190dd391378', NULL, NULL, 2, 'Chữ ký không hợp lệ!', '{"merchant_no":"pipay504193","transaction_id":"696256ee-c8f4-4b8e-a538-513a76741a5es"}', '2024-04-24 09:39:35', '2024-04-24 09:39:35'),
	(228, '8f03230b-e98f-42dd-94eb-8f477c060416', NULL, NULL, 25, 'Không tìm thấy giao dịch này', '[]', '2024-04-24 09:39:45', '2024-04-24 09:39:45'),
	(229, 'c5c27206-4dee-4e99-b35c-9df7d077ecfe', NULL, NULL, 3, 'Merchant không tồn tại', '{"transaction":"60f11ecd-88d4-4944-8090-8885d22497da","status":"accepted","reject_reason":null,"token_key":"d9b71b8744e50974396f7b17c544f838118bedb93de8bf1f270bb2143433e2c","bank_code":"ACB"}', '2024-04-26 02:20:03', '2024-04-26 02:20:03'),
	(230, '15a0e405-af04-4f3b-b5ae-c5411c1750e5', NULL, NULL, 11, 'Lỗi không xác định, vui lòng kiểm tra lại giao dịch sau', '{"transaction":"2c665291-4747-4cfc-9f85-83888b2e4b1f","status":"accepted","reject_reason":null}', '2024-04-26 02:33:52', '2024-04-26 02:33:52'),
	(231, 'a689647e-1aa3-4e87-b180-c210e2a1bc42', NULL, NULL, 11, 'Lỗi không xác định, vui lòng kiểm tra lại giao dịch sau', '{"transaction":"2c665291-4747-4cfc-9f85-83888b2e4b1f","status":"accepted","reject_reason":null}', '2024-04-26 02:35:29', '2024-04-26 02:35:29'),
	(232, 'b6dcbb14-3b9e-48de-958e-c3d01db67bce', NULL, NULL, 29, 'Giao dịch đã được xử lý ', '{"transaction":"2c665291-4747-4cfc-9f85-83888b2e4b1f","status":"accepted","reject_reason":null}', '2024-04-26 02:35:40', '2024-04-26 02:35:40'),
	(233, '78ba7b4a-6795-4deb-a683-2858537312e7', '20', 'orders/payment', 23, 'Lỗi từ hệ thống ngân hàng, vui lòng thực hiện lại giao dịch', '{"transaction":{"amount":6534000,"bankCode":"VCB","channel":"momo_qr","signature":"42bbd0dd4aa21f72134cf9ce232e2711"},"partnerReference":{"order":{"id":"20","description":"test thanh toan"},"merchant":{"merchant_no":"pipay278485"}},"api_name":"orders\\/payment","order_id":"20"}', '2024-04-26 02:41:41', '2024-04-26 02:41:41'),
	(234, '4a3dce79-abb3-4212-8298-d7d1cb838257', '20', 'orders/payment', 6, 'Mã đơn hàng đã bị trùng, vui lòng thực hiện lại giao dịch với mã đơn hàng khác', '{"transaction":{"amount":6534000,"bankCode":"VCB","channel":"momo_qr","signature":"42bbd0dd4aa21f72134cf9ce232e2711"},"partnerReference":{"order":{"id":"20","description":"test thanh toan"},"merchant":{"merchant_no":"pipay278485"}},"api_name":"orders\\/payment","order_id":"20"}', '2024-04-26 02:42:17', '2024-04-26 02:42:17'),
	(235, 'ccc5e7ea-e7b5-4295-89a0-f4d09c681061', '5f61cf4f41e2b411212mm15', NULL, 2, 'Chữ ký không hợp lệ!', '{"merchant_no":"pipay418948","order_id":"5f61cf4f41e2b411212mm15","amount":50000,"channel":"momo_qr"}', '2024-04-26 02:55:28', '2024-04-26 02:55:28'),
	(236, 'f0218179-4dba-478a-a2a3-8040469f510b', '5f61cf4f41e2b411212mm15', NULL, 2, 'Chữ ký không hợp lệ!', '{"merchant_no":"pipay418948","order_id":"5f61cf4f41e2b411212mm15","amount":2000,"channel":"momo_qr"}', '2024-04-26 02:55:37', '2024-04-26 02:55:37'),
	(237, 'e42a7358-50a4-42bb-b8ab-bb92028be71e', NULL, NULL, 30, 'Trạng thái không hợp lệ', '{"transaction":"48c94f11-1b0f-4f54-8e80-40c7f87dec16","status":"accepteds","reject_reason":null}', '2024-04-26 03:11:59', '2024-04-26 03:11:59'),
	(238, 'af7afec6-5847-419f-8946-87f7a0032f57', NULL, NULL, 3, 'Merchant không tồn tại', '{"transaction":"60f11ecd-88d4-4944-8090-8885d22497da","status":"accepted","reject_reason":null,"token_key":"d9b71b8744e50974396f7b17c544f838118bedb93de8bf1f270bb2143433e2c","bank_code":"ACB"}', '2024-04-26 03:17:33', '2024-04-26 03:17:33'),
	(239, 'fae29efe-af5d-404d-98eb-5ceb2701cf3c', NULL, NULL, 25, 'Không tìm thấy giao dịch này', '[]', '2024-04-26 03:18:30', '2024-04-26 03:18:30'),
	(240, 'debe7f45-0fbc-49b3-a18c-54dfbc5eb5a6', '20', 'orders/payment', 6, 'Mã đơn hàng đã bị trùng, vui lòng thực hiện lại giao dịch với mã đơn hàng khác', '{"transaction":{"amount":6534000,"bankCode":"VCB","channel":"momo_qr","signature":"42bbd0dd4aa21f72134cf9ce232e2711"},"partnerReference":{"order":{"id":"20","description":"test thanh toan"},"merchant":{"merchant_no":"pipay278485"}},"api_name":"orders\\/payment","order_id":"20"}', '2024-04-26 03:25:04', '2024-04-26 03:25:04'),
	(241, 'ac4cebd4-d011-48dd-b138-854904f16007', '21', 'orders/payment', 2, 'Chữ ký không hợp lệ!', '{"transaction":{"amount":6534000,"bankCode":"VCB","channel":"momo_qr","signature":"42bbd0dd4aa21f72134cf9ce232e2711"},"partnerReference":{"order":{"id":"21","description":"test thanh toan"},"merchant":{"merchant_no":"pipay278485"}},"api_name":"orders\\/payment","order_id":"21"}', '2024-04-26 03:25:34', '2024-04-26 03:25:34'),
	(242, '9d3f3fff-c2d3-4186-bf5a-d90d06200093', '21', 'orders/payment', 23, 'Lỗi từ hệ thống ngân hàng, vui lòng thực hiện lại giao dịch', '{"transaction":{"amount":30000,"bankCode":"VCB","channel":"momo_qr","signature":"f964322837e3e60baa3312ee9fd55a7c"},"partnerReference":{"order":{"id":"21","description":"test thanh toan"},"merchant":{"merchant_no":"pipay278485"}},"api_name":"orders\\/payment","order_id":"21"}', '2024-04-26 03:27:21', '2024-04-26 03:27:21'),
	(243, '088a943d-4eff-4c5e-b2a3-986690403a65', '21', 'orders/payment', 6, 'Mã đơn hàng đã bị trùng, vui lòng thực hiện lại giao dịch với mã đơn hàng khác', '{"transaction":{"amount":30000,"bankCode":"VCB","channel":"momo_qr","signature":"f964322837e3e60baa3312ee9fd55a7c"},"partnerReference":{"order":{"id":"21","description":"test thanh toan"},"merchant":{"merchant_no":"pipay278485"}},"api_name":"orders\\/payment","order_id":"21"}', '2024-04-26 03:28:15', '2024-04-26 03:28:15'),
	(244, '11c4468c-8775-4dbd-911f-53fb32642976', NULL, NULL, 6, 'Mã đơn hàng đã bị trùng, vui lòng thực hiện lại giao dịch với mã đơn hàng khác', '{"order_no":"21","merchant_no":"pipay278485","ylt_order_no":"10415162302007281257","amount":20000,"channel":"momo_qr","sign":"34ff12ac21016c2fd1694e04935bfbb6","result_code":"success"}', '2024-04-26 03:34:20', '2024-04-26 03:34:20'),
	(245, 'c6a73dc0-fa62-452a-b1ce-f066092a3fd5', NULL, NULL, 6, 'Mã đơn hàng đã bị trùng, vui lòng thực hiện lại giao dịch với mã đơn hàng khác', '{"order_no":"21","merchant_no":"pipay418948","ylt_order_no":"10415162302007281257","amount":30000,"channel":"momo_qr","sign":"df81fb57bf83b447e205a59ae1780f12","result_code":"successs"}', '2024-04-26 03:50:33', '2024-04-26 03:50:33'),
	(246, 'b14ad33e-5408-4342-ae0a-88f30cd6dc6e', NULL, NULL, 25, 'Không tìm thấy giao dịch này', '{"order_no":"21s","merchant_no":"pipay418948","ylt_order_no":"10415162302007281257","amount":30000,"channel":"momo_qr","sign":"df81fb57bf83b447e205a59ae1780f12","result_code":"success"}', '2024-04-26 03:55:34', '2024-04-26 03:55:34'),
	(247, '2bf706f1-9d25-4fc6-95d8-c1a6cc14b437', '21', 'orders/payment', 6, 'Mã đơn hàng đã bị trùng, vui lòng thực hiện lại giao dịch với mã đơn hàng khác', '{"transaction":{"amount":30000,"bankCode":"VCB","channel":"momo_qr","signature":"df81fb57bf83b447e205a59ae1780f12"},"partnerReference":{"order":{"id":"21","description":"test thanh toan"},"merchant":{"merchant_no":"pipay418948"}},"api_name":"orders\\/payment","order_id":"21"}', '2024-04-26 06:40:38', '2024-04-26 06:40:38'),
	(248, 'beff1433-b7f1-4ea9-996d-e03f8d52d3d4', '21', 'orders/payment', 23, 'Lỗi từ hệ thống ngân hàng, vui lòng thực hiện lại giao dịch', '{"transaction":{"amount":30000,"bankCode":"VCB","channel":"momo_qr","signature":"df81fb57bf83b447e205a59ae1780f12"},"partnerReference":{"order":{"id":"21","description":"test thanh toan"},"merchant":{"merchant_no":"pipay418948"}},"api_name":"orders\\/payment","order_id":"21"}', '2024-04-26 06:41:02', '2024-04-26 06:41:02'),
	(249, '3f084d65-7004-44d5-8ea1-aaa19053e155', NULL, NULL, 27, 'Số dư ít hơn số dư tối thiểu ', '[]', '2024-04-26 06:41:28', '2024-04-26 06:41:28'),
	(250, '88fd527b-ef51-4cb1-8a82-d77cc0844616', '20', NULL, 31, 'Giá trị nhập vào không hợp lệ', '{"amount":-2000,"merchant_no":"pipay418948","order_id":"20","channel":"momo_qr","wallet_type_id":4,"signature":"04174d0ddedb9cac3c31f3a086aa85d2","note":null}', '2024-04-26 06:53:48', '2024-04-26 06:53:48'),
	(251, 'b145c1fa-0353-44c4-b737-646d5a45347e', '21', 'orders/payment', 23, 'Lỗi từ hệ thống ngân hàng, vui lòng thực hiện lại giao dịch', '{"transaction":{"amount":30000,"bankCode":"VCB","channel":"momo_qr","signature":"df81fb57bf83b447e205a59ae1780f12"},"partnerReference":{"order":{"id":"21","description":"test thanh toan"},"merchant":{"merchant_no":"pipay418948"}},"api_name":"orders\\/payment","order_id":"21"}', '2024-04-26 07:54:34', '2024-04-26 07:54:34'),
	(252, '3c8fb8a5-b73b-437f-a9aa-f9c7750153f5', '21', 'orders/payment', 23, 'Lỗi từ hệ thống ngân hàng, vui lòng thực hiện lại giao dịch', '{"transaction":{"amount":30000,"bankCode":"VCB","channel":"momo_qr","signature":"df81fb57bf83b447e205a59ae1780f12"},"partnerReference":{"order":{"id":"21","description":"test thanh toan"},"merchant":{"merchant_no":"pipay418948"}},"api_name":"orders\\/payment","order_id":"21"}', '2024-04-26 08:01:02', '2024-04-26 08:01:02'),
	(253, '11272655-8fa5-4728-afe0-997cc88e1b95', NULL, NULL, 32, 'URL call back không tìm thấy ', '{"order_no":"21","merchant_no":"pipay418948","ylt_order_no":"10415162302007281257","amount":30000,"channel":"momo_qr","sign":"df81fb57bf83b447e205a59ae1780f12","result_code":"success"}', '2024-04-26 08:08:30', '2024-04-26 08:08:30'),
	(254, 'c58f19f6-17f6-4d36-a3ba-82eda97d37fc', NULL, NULL, 32, 'URL call back không tìm thấy ', '{"order_no":"21","merchant_no":"pipay418948","ylt_order_no":"10415162302007281257","amount":30000,"channel":"momo_qr","sign":"df81fb57bf83b447e205a59ae1780f12","result_code":"success"}', '2024-04-26 08:16:55', '2024-04-26 08:16:55'),
	(255, '2dc956f2-655d-4ab1-8843-611285dee8c7', '21', 'orders/payment', 6, 'Mã đơn hàng đã bị trùng, vui lòng thực hiện lại giao dịch với mã đơn hàng khác', '{"transaction":{"amount":30000,"bankCode":"VCB","channel":"momo_qr","signature":"df81fb57bf83b447e205a59ae1780f12"},"partnerReference":{"order":{"id":"21","description":"test thanh toan"},"merchant":{"merchant_no":"pipay418948"}},"api_name":"orders\\/payment","order_id":"21"}', '2024-04-26 08:21:19', '2024-04-26 08:21:19'),
	(256, '492f73cd-0d43-4de2-8bf8-d53df100e04d', '22', 'orders/payment', 2, 'Chữ ký không hợp lệ!', '{"transaction":{"amount":-20000,"bankCode":"VCB","channel":"momo_qr","signature":"3c3626831a9acf00850bd3b0483720c3"},"partnerReference":{"order":{"id":"22","description":"test thanh toan zxczxczxc"},"merchant":{"merchant_no":"pipay923461"}},"api_name":"orders\\/payment","order_id":"22"}', '2024-04-26 08:25:57', '2024-04-26 08:25:57'),
	(257, 'a646ead1-960f-4e60-a74f-2ae938e6adda', '22', 'orders/payment', 31, 'Giá trị nhập vào không hợp lệ', '{"transaction":{"amount":-20000,"bankCode":"VCB","channel":"momo_qr","signature":"cd7e388478d15aa789fff272d855e72c"},"partnerReference":{"order":{"id":"22","description":"test thanh toan zxczxczxc"},"merchant":{"merchant_no":"pipay923461"}},"api_name":"orders\\/payment","order_id":"22"}', '2024-04-26 08:29:19', '2024-04-26 08:29:19'),
	(258, '86a47d6b-057d-4a3d-bf35-2163506cb807', '22', NULL, 33, 'Giao dịch đã được xử lý ', '{"id":65,"transaction_id":"62a15f31-a1a1-4267-b42c-e34939dc32e2","status":"success","is_cancel":0,"is_refuse":0,"is_maintenance":1,"is_error":0,"channel":"momo_qr","merchant_no":"pipay923461","order_id":"22","bank_code":"VCB","amount":"20000.00000000","signature":"3c3626831a9acf00850bd3b0483720c3","order_description":"test thanh toan zxczxczxc","url_merchant_notify":"https:\\/\\/devtool.vn\\/","url_merchant_redirect":null,"url_payment":"http:\\/\\/localhost\\/api-pipay-new\\/api\\/v1\\/orders\\/payment\\/pipay923461\\/62a15f31-a1a1-4267-b42c-e34939dc32e2","url_vnpay_payment":null,"params_merchant_data":"{\\"transaction\\":{\\"amount\\":20000,\\"bankCode\\":\\"VCB\\",\\"channel\\":\\"momo_qr\\",\\"signature\\":\\"3c3626831a9acf00850bd3b0483720c3\\"},\\"partnerReference\\":{\\"order\\":{\\"id\\":\\"22\\",\\"description\\":\\"test thanh toan zxczxczxc\\"},\\"merchant\\":{\\"merchant_no\\":\\"pipay923461\\"}},\\"api_name\\":\\"orders\\\\\\/payment\\",\\"order_id\\":\\"22\\"}","params_vnpay_data":null,"response_vnpay_data":null,"created_at":"2024-04-26 08:29:34","expired_at":null,"updated_at":"2024-04-27 02:34:12"}', '2024-04-27 02:38:42', '2024-04-27 02:38:42'),
	(259, '3a27ff69-df7c-4a8f-afe4-0ab2c2a8e815', NULL, NULL, 27, 'Số dư ít hơn số dư tối thiểu ', '[]', '2024-04-27 02:43:40', '2024-04-27 02:43:40'),
	(260, '7107a12b-8dc4-4050-93c7-18e366eff144', '22', 'orders/payment', 6, 'Mã đơn hàng đã bị trùng, vui lòng thực hiện lại giao dịch với mã đơn hàng khác', '{"transaction":{"amount":20000,"bankCode":"VCB","channel":"momo_qr","signature":"3c3626831a9acf00850bd3b0483720c3"},"partnerReference":{"order":{"id":"22","description":"test thanh toan zxczxczxc"},"merchant":{"merchant_no":"pipay923461"}},"api_name":"orders\\/payment","order_id":"22"}', '2024-04-27 03:40:49', '2024-04-27 03:40:49'),
	(261, '6ba9f354-ea7f-4574-8c1c-3bf3ceaedfd1', NULL, NULL, 27, 'Số dư ít hơn số dư tối thiểu ', '[]', '2024-04-27 03:47:57', '2024-04-27 03:47:57'),
	(262, '835a4c5c-8b57-4b47-8848-9b230fc087e0', NULL, NULL, 27, 'Số dư ít hơn số dư tối thiểu ', '[]', '2024-04-27 03:48:15', '2024-04-27 03:48:15'),
	(263, '920a2c71-947f-4dc4-ab9d-809431da0d98', NULL, NULL, 27, 'Số dư ít hơn số dư tối thiểu ', '[]', '2024-04-27 03:48:46', '2024-04-27 03:48:46'),
	(264, '63b81abb-34d8-465e-a71c-d67cadc7b2c8', NULL, NULL, 27, 'Số dư ít hơn số dư tối thiểu ', '[]', '2024-04-27 03:48:48', '2024-04-27 03:48:48'),
	(265, 'c7aff34f-8037-4681-bd8f-507b787d1c46', '5f61cf4f41e2b411212mm5', 'orders/payment', 6, 'Mã đơn hàng đã bị trùng, vui lòng thực hiện lại giao dịch với mã đơn hàng khác', '{"transaction":{"amount":1000010,"bankCode":"SAC","channel":"bank_qr","signature":"e98346bd797bc5e5ab8b52a2f939085b"},"partnerReference":{"order":{"id":"5f61cf4f41e2b411212mm5","description":"test thanh toan"},"notificationConfig":{"notifyUrl":"https:\\/\\/devtool.vn\\/ipn","redirectUrl":"https:\\/\\/devtool.vn\\/redirect"},"merchant":{"merchant_no":"pipay792430"}},"api_name":"orders\\/payment","order_id":"5f61cf4f41e2b411212mm5"}', '2024-05-22 03:02:54', '2024-05-22 03:02:54'),
	(266, 'cf222185-7db2-4ae8-946f-87c5fa7e49b0', '5f61cf4f41e2b411212mm5', 'orders/payment', 6, 'Mã đơn hàng đã bị trùng, vui lòng thực hiện lại giao dịch với mã đơn hàng khác', '{"transaction":{"amount":1000010,"bankCode":"SAC","channel":"bank_qr","signature":"e98346bd797bc5e5ab8b52a2f939085b"},"partnerReference":{"order":{"id":"5f61cf4f41e2b411212mm5","description":"test thanh toan"},"notificationConfig":{"notifyUrl":"https:\\/\\/devtool.vn\\/ipn","redirectUrl":"https:\\/\\/devtool.vn\\/redirect"},"merchant":{"merchant_no":"pipay792430"}},"api_name":"orders\\/payment","order_id":"5f61cf4f41e2b411212mm5"}', '2024-05-22 03:13:51', '2024-05-22 03:13:51'),
	(267, 'ccf881e9-7d2e-4102-88b1-d9618c412d1d', '5f61cf4f41e2b411212mm5', 'orders/payment', 6, 'Mã đơn hàng đã bị trùng, vui lòng thực hiện lại giao dịch với mã đơn hàng khác', '{"transaction":{"amount":1000010,"bankCode":"SAC","channel":"bank_qr","signature":"e98346bd797bc5e5ab8b52a2f939085b"},"partnerReference":{"order":{"id":"5f61cf4f41e2b411212mm5","description":"test thanh toan"},"notificationConfig":{"notifyUrl":"https:\\/\\/devtool.vn\\/ipn","redirectUrl":"https:\\/\\/devtool.vn\\/redirect"},"merchant":{"merchant_no":"pipay792430"}},"api_name":"orders\\/payment","order_id":"5f61cf4f41e2b411212mm5"}', '2024-05-22 03:14:31', '2024-05-22 03:14:31'),
	(268, 'cac19f86-1daf-41a3-a7f2-7b8926a55fb1', '5f61cf4f41e2b411212mm5s', 'orders/payment', 2, 'Chữ ký không hợp lệ!', '{"transaction":{"amount":1000010,"bankCode":"SAC","channel":"bank_qr","signature":"e98346bd797bc5e5ab8b52a2f939085b"},"partnerReference":{"order":{"id":"5f61cf4f41e2b411212mm5s","description":"test thanh toan"},"notificationConfig":{"notifyUrl":"https:\\/\\/devtool.vn\\/ipn","redirectUrl":"https:\\/\\/devtool.vn\\/redirect"},"merchant":{"merchant_no":"pipay792430"}},"api_name":"orders\\/payment","order_id":"5f61cf4f41e2b411212mm5s"}', '2024-05-22 03:14:37', '2024-05-22 03:14:37'),
	(269, '02a02b68-7a2b-47b6-acb5-0045164ce69b', '5f61cf4f41e2b411212mm5', 'orders/payment', 23, 'Lỗi từ hệ thống ngân hàng, vui lòng thực hiện lại giao dịch', '{"transaction":{"amount":1000010,"bankCode":"SAC","channel":"bank_qr","signature":"e98346bd797bc5e5ab8b52a2f939085b"},"partnerReference":{"order":{"id":"5f61cf4f41e2b411212mm5","description":"test thanh toan"},"notificationConfig":{"notifyUrl":"https:\\/\\/devtool.vn\\/ipn","redirectUrl":"https:\\/\\/devtool.vn\\/redirect"},"merchant":{"merchant_no":"pipay792430"}},"api_name":"orders\\/payment","order_id":"5f61cf4f41e2b411212mm5"}', '2024-05-22 03:14:53', '2024-05-22 03:14:53'),
	(270, 'd8a841fe-683d-46a6-9531-043e3aa33265', NULL, NULL, 25, 'Không tìm thấy giao dịch này', '[]', '2024-05-22 03:31:23', '2024-05-22 03:31:23'),
	(271, '068c3757-96cb-46e6-9bf6-3fb98760aef6', NULL, NULL, 24, 'Giá trị lớn hơn giá trị mặc định ', '{"fee_withdraw_default":1,"fee_deposit_default":1.2}', '2024-05-23 01:51:06', '2024-05-23 01:51:06'),
	(272, 'c673b263-fe8c-44ab-81eb-436c1195bb00', NULL, NULL, 3, 'Merchant không tồn tại', '{"token_key":"d8a135287135728a50b5e78474a5b9b3499ab465f9613ef657a09aa2b61592be","signature":"94bd82b431467f3de54d048aabab38b6"}', '2024-05-23 02:26:48', '2024-05-23 02:26:48'),
	(273, '68e8d304-83c9-4cd8-b82f-bc46ad94e630', NULL, NULL, 5, 'API Key ko tồn tại', '{"token_key":"d8a135287135728a50b5e78474a5b9b3499ab465f9613ef657a09aa2b61592be","signature":"94bd82b431467f3de54d048aabab38b6"}', '2024-05-23 02:27:38', '2024-05-23 02:27:38'),
	(274, '41f1d831-9921-457d-b310-869bdfbf5d3a', NULL, NULL, 9, 'Phương thức thanh toán không hợp lệ', 'null', '2024-05-23 02:28:11', '2024-05-23 02:28:11'),
	(275, 'cf6c42cd-2b36-46cf-a8b5-fbba536135f3', NULL, NULL, 9, 'Phương thức thanh toán không hợp lệ', 'null', '2024-05-23 02:28:36', '2024-05-23 02:28:36'),
	(276, '373c581e-df36-4a56-a3b3-57b1874f5163', NULL, NULL, 11, 'Lỗi không xác định, vui lòng kiểm tra lại giao dịch sau', '{"token_key":"d8a135287135728a50b5e78474a5b9b3499ab465f9613ef657a09aa2b61592be","api_key":"xWRMcWY9J5F2BIo0R8jbeEQCm7pFOn"}', '2024-05-23 02:41:39', '2024-05-23 02:41:39'),
	(277, 'e3440e20-267c-435d-8565-2af76c54e043', NULL, NULL, 3, 'Merchant không tồn tại', '""', '2024-06-14 08:27:18', '2024-06-14 08:27:18'),
	(278, 'ca2c1c78-3fd6-478b-bf20-65e0589eabc1', '723009040-190510TD', NULL, 2, 'Chữ ký không hợp lệ!', '{"merchant_no":"pipay418948","order_id":"723009040-190510TD","amount":293999}', '2024-06-14 08:35:38', '2024-06-14 08:35:38'),
	(279, '79f08257-fb6d-42fd-9f6b-9ce9cec65051', NULL, NULL, 3, 'Merchant không tồn tại', 'null', '2024-06-14 08:37:42', '2024-06-14 08:37:42'),
	(280, 'f7c111e2-4fbc-4f88-90ce-fc4c7b844905', NULL, NULL, 11, 'Lỗi không xác định, vui lòng kiểm tra lại giao dịch sau', '"the product price not found"', '2024-06-15 03:34:04', '2024-06-15 03:34:04'),
	(281, '3d76480d-52ad-4a72-b296-fc6483cd9010', NULL, NULL, 11, 'Lỗi không xác định, vui lòng kiểm tra lại giao dịch sau', '"the product price not found"', '2024-06-15 06:58:53', '2024-06-15 06:58:53'),
	(282, '8cec62c1-c136-4359-97eb-74adacb93e22', NULL, NULL, 11, 'Lỗi không xác định, vui lòng kiểm tra lại giao dịch sau', '"the product price not found"', '2024-06-15 06:59:02', '2024-06-15 06:59:02'),
	(283, '7279f6d5-770a-4e81-9a08-b8d23e3fa43a', NULL, NULL, 3, 'Merchant không tồn tại', '{"token_key":"bf885a9115ffa9c2d942ad39f3a609825e4ff6f8f1e5f254d8259c9af61b9501"}', '2024-06-19 10:25:11', '2024-06-19 10:25:11'),
	(284, '9034c5e6-2bff-4569-972d-6697da77600b', NULL, NULL, 1, 'Thông tin yêu cầu thiếu hoặc không hợp lệ', '""', '2024-06-22 15:36:26', '2024-06-22 15:36:26'),
	(285, '8ebc9301-35a3-4d1a-9b2e-5d3f7a175fc5', NULL, NULL, 3, 'Merchant không tồn tại', '"GhkpAFAqeMcHsLfOoKV4femPrclP0ds"', '2024-06-22 15:40:17', '2024-06-22 15:40:17'),
	(286, '202d424c-1995-40e5-8537-c4d7adefcc39', NULL, NULL, 23, 'Lỗi từ hệ thống ngân hàng, vui lòng thực hiện lại giao dịch', '[]', '2024-06-22 17:24:43', '2024-06-22 17:24:43'),
	(287, 'b86649c9-4f0d-4501-b866-1b3118d26c25', NULL, NULL, 23, 'Lỗi từ hệ thống ngân hàng, vui lòng thực hiện lại giao dịch', '[]', '2024-06-22 17:27:45', '2024-06-22 17:27:45'),
	(288, 'bf82d8e5-2e68-4bdd-983a-bac680b82af1', NULL, NULL, 23, 'Lỗi từ hệ thống ngân hàng, vui lòng thực hiện lại giao dịch', '[]', '2024-06-22 17:30:09', '2024-06-22 17:30:09'),
	(289, 'c954d7a6-67d7-489d-a89d-d9d442b34a96', NULL, NULL, 11, 'Lỗi không xác định, vui lòng kiểm tra lại giao dịch sau', '[]', '2024-06-22 17:32:25', '2024-06-22 17:32:25'),
	(290, '052d2519-ed1b-4516-a59b-2d70ea4a1cc5', NULL, NULL, 23, 'Lỗi từ hệ thống ngân hàng, vui lòng thực hiện lại giao dịch', '[]', '2024-06-22 17:34:06', '2024-06-22 17:34:06'),
	(291, 'd254d337-0c9c-4a5f-88ac-107d49b532a0', NULL, NULL, 11, 'Lỗi không xác định, vui lòng kiểm tra lại giao dịch sau', '[]', '2024-06-22 17:34:19', '2024-06-22 17:34:19'),
	(292, '1a9b0e69-6cfb-4831-9a46-c9cb69cd5e29', NULL, NULL, 1, 'Thông tin yêu cầu thiếu hoặc không hợp lệ', '""', '2024-06-22 17:42:39', '2024-06-22 17:42:39'),
	(293, '46522109-5402-4f70-a4c6-ba6e90b4f0aa', NULL, NULL, 1, 'Thông tin yêu cầu thiếu hoặc không hợp lệ', '{"productId":1408,"productPriceId":2754,"quantity":1,"expiryDate":"2024-12-31","orderName":"Test Got It From pipay- Jul 2024","isConvertToCoverLink":1,"phone":"0326642182"}', '2024-06-22 17:43:34', '2024-06-22 17:43:34'),
	(294, '980fe461-5bd9-402d-aad5-bc32068a7e7f', NULL, NULL, 1, 'Thông tin yêu cầu thiếu hoặc không hợp lệ', '{"productId":1408,"productPriceId":2754,"quantity":1,"expiryDate":"2024-12-31","orderName":"Test Got It From pipay- Jul 2024","isConvertToCoverLink":1,"phone":"0326642182","api_key":"uNhngy9loxs1FyYVUXYOg8yremARcS"}', '2024-06-22 17:52:26', '2024-06-22 17:52:26'),
	(295, 'b444826d-15a2-4fb4-ae77-839723b05504', NULL, NULL, 26, 'Số dư không đủ', '[]', '2024-06-22 18:26:40', '2024-06-22 18:26:40'),
	(296, '69d5281d-94eb-42f2-ae3d-2d6f402e61d7', NULL, NULL, 1, 'Thông tin yêu cầu thiếu hoặc không hợp lệ', '{"productId":1408,"productPriceId":2754,"quantity":1,"expiryDate":"2024-12-31","orderName":"Test Got It From pipay- Jul 2024","isConvertToCoverLink":1,"phone":"0326642182","priceValue":10000,"api_key":"HSz3Qqhie28PBGzCjeJnEUtqR2MQMu"}', '2024-06-23 13:10:42', '2024-06-23 13:10:42'),
	(297, 'd332066f-08b0-4292-aa75-599fe2ffb972', NULL, NULL, 2, 'Chữ ký không hợp lệ!', '{"merchant_no":"pipay372189","token_key":"2151251112111121211111212121","amount":10000}', '2024-06-23 13:13:12', '2024-06-23 13:13:12'),
	(298, '9b980841-1347-41af-950c-a99ac600a5ad', NULL, NULL, 2, 'Chữ ký không hợp lệ!', '{"merchant_no":"pipay372189","token_key":"2151251112111121211111212121","amount":10000}', '2024-06-23 13:15:35', '2024-06-23 13:15:35'),
	(299, '4fd5c035-4e06-435b-ac2e-4675229cc48d', NULL, NULL, 26, 'Số dư không đủ', '[]', '2024-06-23 13:18:57', '2024-06-23 13:18:57'),
	(300, '43f68816-83ed-4e81-bba4-6870e30db78e', NULL, NULL, 2, 'Chữ ký không hợp lệ!', '{"merchant_no":"pipay418948","token_key":"21512511121","amount":10000}', '2024-06-23 13:20:32', '2024-06-23 13:20:32'),
	(301, 'c34e0046-2ecc-4b6d-bedb-0201b1024b37', NULL, NULL, 1, 'Thông tin yêu cầu thiếu hoặc không hợp lệ', '""', '2024-06-23 14:19:45', '2024-06-23 14:19:45'),
	(302, '48acb018-0b32-4bbe-9fce-f334387db860', NULL, NULL, 1, 'Thông tin yêu cầu thiếu hoặc không hợp lệ', '{"productId":1408,"productPriceId":2754,"quantity":1,"expiryDate":"2024-12-31","orderName":"Test Got It From pipay- Jul 2024","isConvertToCoverLink":1,"phone":"0326642182","priceValue":10000,"api_key":"uNhngy9loxs1FyYVUXYOg8yremARcS"}', '2024-06-23 14:20:17', '2024-06-23 14:20:17'),
	(303, '639f19c4-eac1-4d9f-92e6-de08f937a5ff', NULL, NULL, 1, 'Thông tin yêu cầu thiếu hoặc không hợp lệ', '{"productId":1408,"productPriceId":2754,"quantity":1,"expiryDate":"2024-12-31","orderName":"Test Got It From pipay- Jul 2024","isConvertToCoverLink":1,"phone":"0326642182","priceValue":10000,"signature":"3727fed781096ba74950ebc13903ae8a"}', '2024-06-23 14:20:24', '2024-06-23 14:20:24'),
	(304, '9107f68d-938c-4ff7-9892-ef2f0311c091', NULL, NULL, 1, 'Thông tin yêu cầu thiếu hoặc không hợp lệ', '{"productId":1408,"productPriceId":2754,"quantity":1,"expiryDate":"2024-12-31","orderName":"Test Got It From pipay- Jul 2024","isConvertToCoverLink":1,"phone":"0326642182","priceValue":null,"api_key":"uNhngy9loxs1FyYVUXYOg8yremARcS","signature":"3727fed781096ba74950ebc13903ae8a"}', '2024-06-23 14:20:37', '2024-06-23 14:20:37'),
	(305, '916fa30a-1067-459f-81e2-08bde52274f6', NULL, NULL, 1, 'Thông tin yêu cầu thiếu hoặc không hợp lệ', '""', '2024-06-24 06:55:55', '2024-06-24 06:55:55'),
	(306, 'f239dbcc-71dc-4386-ab5c-76483325ec7e', NULL, NULL, 2, 'Chữ ký không hợp lệ!', '{"merchant_no":"pipay418948","token_key":"21512511121","amount":1000}', '2024-06-24 06:59:48', '2024-06-24 06:59:48'),
	(307, 'c42fadd9-b4e1-446d-bcc8-f941648cb50d', NULL, NULL, 1, 'Thông tin yêu cầu thiếu hoặc không hợp lệ', '{"attributes":{},"request":{},"query":{},"server":{},"files":{},"cookies":{},"headers":{}}', '2024-06-24 08:43:43', '2024-06-24 08:43:43'),
	(308, '6db2a657-b5e9-4e84-a121-2aa18ce051a4', NULL, NULL, 1, 'Thông tin yêu cầu thiếu hoặc không hợp lệ', '{"minPrice":"1","maxPrice":"100000"}', '2024-06-24 08:44:12', '2024-06-24 08:44:12'),
	(309, '3e14bf50-640d-426f-8a95-5843ee6ee614', NULL, NULL, 1, 'Thông tin yêu cầu thiếu hoặc không hợp lệ', '{"pageSize":"3","minPrice":"1","maxPrice":"100000"}', '2024-06-24 08:44:33', '2024-06-24 08:44:33'),
	(310, '36cfff84-6bca-4ef1-9a3f-031321c3cd2c', NULL, NULL, 11, 'Lỗi không xác định, vui lòng kiểm tra lại giao dịch sau', '"the product price not found"', '2024-06-24 09:33:32', '2024-06-24 09:33:32'),
	(311, 'b8ff0131-137e-4a57-bfab-9dbec60185a6', NULL, NULL, 11, 'Lỗi không xác định, vui lòng kiểm tra lại giao dịch sau', '"the parameter invalid"', '2024-06-25 04:33:45', '2024-06-25 04:33:45'),
	(312, 'fba86af7-7d8f-4f8b-b619-b48aa6d31baf', NULL, NULL, 11, 'Lỗi không xác định, vui lòng kiểm tra lại giao dịch sau', '"the parameter invalid"', '2024-06-25 04:34:22', '2024-06-25 04:34:22'),
	(313, 'b4f10c77-6a88-4a1b-90d6-07cfc3dda1e4', NULL, NULL, 11, 'Lỗi không xác định, vui lòng kiểm tra lại giao dịch sau', '"the parameter invalid"', '2024-06-25 04:39:24', '2024-06-25 04:39:24'),
	(314, 'b43c2a1f-ea9a-466e-aec3-139c3f92380d', NULL, NULL, 11, 'Lỗi không xác định, vui lòng kiểm tra lại giao dịch sau', '"Unknow error"', '2024-06-25 04:39:48', '2024-06-25 04:39:48'),
	(315, '9c876b44-b8c2-4f96-ab65-d1a0ebc75bc5', NULL, NULL, 11, 'Lỗi không xác định, vui lòng kiểm tra lại giao dịch sau', '"Unknow error"', '2024-06-25 04:39:59', '2024-06-25 04:39:59'),
	(316, 'd86661a4-7a17-4742-adc2-844a5b75f4f6', NULL, NULL, 11, 'Lỗi không xác định, vui lòng kiểm tra lại giao dịch sau', '"Unknow error"', '2024-06-25 04:41:04', '2024-06-25 04:41:04'),
	(317, 'f9fe968b-370f-4e28-a8e0-84e70de9484c', NULL, NULL, 11, 'Lỗi không xác định, vui lòng kiểm tra lại giao dịch sau', '"Unknow error"', '2024-06-25 04:41:58', '2024-06-25 04:41:58'),
	(318, 'dcd5981d-7c82-4807-bf20-a97fa046a764', NULL, NULL, 11, 'Lỗi không xác định, vui lòng kiểm tra lại giao dịch sau', '"Unknow error"', '2024-06-25 04:53:21', '2024-06-25 04:53:21'),
	(319, '20a3ef61-6b1c-4d90-96f3-c4dc66f792ed', NULL, NULL, 11, 'Lỗi không xác định, vui lòng kiểm tra lại giao dịch sau', '"the product price not found"', '2024-06-25 04:55:05', '2024-06-25 04:55:05'),
	(320, '6e952c79-6d01-4186-a614-c3a59d5769be', NULL, NULL, 11, 'Lỗi không xác định, vui lòng kiểm tra lại giao dịch sau', '"the product price not found"', '2024-06-25 04:55:42', '2024-06-25 04:55:42'),
	(321, '310df427-88ae-4a5f-a94c-3f8a4da91ad8', NULL, NULL, 11, 'Lỗi không xác định, vui lòng kiểm tra lại giao dịch sau', '"the product price not found"', '2024-06-25 04:56:12', '2024-06-25 04:56:12'),
	(322, '2a87028e-a2b6-4340-95a6-8b1116b571d4', NULL, NULL, 11, 'Lỗi không xác định, vui lòng kiểm tra lại giao dịch sau', '"the product price not found"', '2024-06-25 04:56:56', '2024-06-25 04:56:56'),
	(323, 'a1b52b09-5fa2-46e6-851a-a4d251b7f06a', NULL, NULL, 11, 'Lỗi không xác định, vui lòng kiểm tra lại giao dịch sau', '"the product price not found"', '2024-06-25 04:58:15', '2024-06-25 04:58:15'),
	(324, '89b88a7a-4ad3-4950-a5d5-fb1d9e7948bc', NULL, NULL, 11, 'Lỗi không xác định, vui lòng kiểm tra lại giao dịch sau', '"the product price not found"', '2024-06-25 04:58:28', '2024-06-25 04:58:28');

-- Dumping structure for table winboss_api_pipay.merchants
CREATE TABLE IF NOT EXISTS `merchants` (
  `id` int NOT NULL AUTO_INCREMENT,
  `merchant_no` varchar(256) CHARACTER SET utf8mb4 COLLATE utf8mb4_unicode_ci DEFAULT NULL,
  `name` varchar(256) CHARACTER SET utf8mb4 COLLATE utf8mb4_unicode_ci DEFAULT NULL,
  `token_key` varchar(256) CHARACTER SET utf8mb4 COLLATE utf8mb4_unicode_ci DEFAULT NULL,
  `api_key` varchar(256) CHARACTER SET utf8mb4 COLLATE utf8mb4_unicode_ci DEFAULT NULL,
  `webhook_url` varchar(256) CHARACTER SET utf8mb4 COLLATE utf8mb4_unicode_ci DEFAULT NULL,
  `ip_whitelist` varchar(256) CHARACTER SET utf8mb4 COLLATE utf8mb4_unicode_ci DEFAULT NULL,
  `is_ban` int NOT NULL DEFAULT '0',
  `max_number_transaction` int DEFAULT NULL,
  `max_deposit_amount` decimal(18,8) DEFAULT NULL,
  `max_withdraw_amount` decimal(18,8) DEFAULT NULL,
  `created_at` datetime DEFAULT CURRENT_TIMESTAMP,
  `updated_at` datetime DEFAULT NULL,
  PRIMARY KEY (`id`)
) ENGINE=InnoDB AUTO_INCREMENT=39 DEFAULT CHARSET=utf8mb4 COLLATE=utf8mb4_unicode_ci;

-- Dumping data for table winboss_api_pipay.merchants: ~34 rows (approximately)
INSERT INTO `merchants` (`id`, `merchant_no`, `name`, `token_key`, `api_key`, `webhook_url`, `ip_whitelist`, `is_ban`, `max_number_transaction`, `max_deposit_amount`, `max_withdraw_amount`, `created_at`, `updated_at`) VALUES
	(1, 'pipay792430', 'test', '2151251112', 'Zf3qmY3oh3XSsurb8qMRG7WFZMSyNp', NULL, '127.0.0.1', 0, NULL, NULL, NULL, '2024-04-01 05:08:48', '2024-04-01 05:08:48'),
	(2, 'pipay418948', 'test', '21512511121', 'uNhngy9loxs1FyYVUXYOg8yremARcS', NULL, '12512512', 0, NULL, NULL, NULL, '2024-04-04 04:45:08', '2024-04-04 04:45:08'),
	(7, 'pipay923461', 'test', '2151251112111121211111212', 'SsDX1r9DzbHO9NjGqRnkTdZdLqcxrt', NULL, NULL, 0, NULL, NULL, NULL, '2024-04-04 08:15:38', '2024-04-04 08:15:38'),
	(8, 'pipay567718', 'test', '215125111211112121111121212', 'ZmeHl9YEJhAJa2mjnpU9Mk7yo3DGbq', NULL, NULL, 0, NULL, NULL, NULL, '2024-04-04 08:19:17', '2024-04-04 08:19:17'),
	(9, 'pipay372189', 'test', '2151251112111121211111212121', 'HSz3Qqhie28PBGzCjeJnEUtqR2MQMu', NULL, NULL, 0, NULL, NULL, NULL, '2024-04-05 07:50:44', '2024-04-05 07:50:44'),
	(10, 'pipay819187', 'Cty abc', '722a8d97f6310a26d60ec36716be317c6ec5bdd54a004ffc89d2a126fd81a059', '68pMR8DsDhdaK8y7OcrTxTQaQzLQWA', NULL, '172.43.23.99', 0, NULL, NULL, NULL, '2024-04-05 13:13:36', '2024-04-05 13:13:36'),
	(11, 'pipay117728', 'Cty abc', 'e4b2b26ed72c5415ee839ad1d00ba57a2769c864b44764a885f661b7c950e5ea', 'GhkpAFAqeMcHsLfOoKV4femPrclP0d', NULL, '172.43.23.99', 0, NULL, NULL, NULL, '2024-04-05 13:14:38', '2024-04-05 13:14:38'),
	(12, 'pipay743848', 'Cty abc', '6d9b5da02ed7acd568275ae713a5b8089f696c54bd2d14f1bc2ac1a6dc4425f2', '8IDtTf6muDOqTsje2Zk19YZJPGfvGl', NULL, '172.43.23.99', 0, NULL, NULL, NULL, '2024-04-05 13:18:45', '2024-04-05 13:18:45'),
	(13, 'pipay516497', 'Cty abc', 'eb74229b33deb37014389a26823de4e7457dab0b8ebe73a78d8c7c96197d7556', 'pahvXFMGUGepc5RsTGWuGCy64k0S3G', NULL, '172.43.23.99', 0, NULL, NULL, NULL, '2024-04-05 13:19:00', '2024-04-05 13:19:00'),
	(14, 'pipay227442', 'Cty abc', 'e855c605ada45f48df1d0ac0ecf8f14b999078cb043fec87ebad1d7d1ab7e004', 'O2PefufIr6zzBdQPFZccDivA739tRg', NULL, '172.43.23.99', 0, NULL, NULL, NULL, '2024-04-05 13:58:00', '2024-04-05 13:58:00'),
	(15, 'pipay387986', 'Cty abc', '3e89b1ea4cd6b235e3857ee17fe911639fa5bac8fcbaba814da05fd37a041591', 'jTIbLa4frNJatPs4WxIIwgAogxmw9h', NULL, '172.43.23.99', 0, NULL, NULL, NULL, '2024-04-05 13:58:19', '2024-04-05 13:58:19'),
	(16, 'pipay355432', 'Cty abc', '36c5d59ba4beb5ef9b8f8e92d0617544f0f0ceffd5d4ff44465c6350673946f3', '8E4jsgfZh1HybwotixHBfez43y3mPW', NULL, '172.43.23.99', 0, NULL, NULL, NULL, '2024-04-05 13:58:25', '2024-04-05 13:58:25'),
	(17, 'pipay587975', 'Cty abc', '73764bb8ad29e3fee66cab0cccb82f38c2a36c8501ecd892995ef7488359c92e', '0KjPvHwmYSwfaWBzPWZ50XppSIokJT', NULL, '172.43.23.99', 0, NULL, NULL, NULL, '2024-04-05 14:00:55', '2024-04-05 14:00:55'),
	(18, 'pipay245156', 'Cty abc', '71615e90f6ca9a9b83681e3185a31e6e23ef899f08395fa1fcd0086b58ac4c5a', 'yZYTuo2sI0X0SolaIqTv3LFSU1wJsK', NULL, '172.43.23.99', 0, NULL, NULL, NULL, '2024-04-05 14:01:18', '2024-04-05 14:01:18'),
	(19, 'pipay102575', 'Cty abc', 'c16a3309890eedce9fa15c5b1b757b42abe6e178b540edd5dd99f338e8695aa3', 'ugdLbdgAAz9BYyOEvXt7G1kTm5oUqU', NULL, '172.43.23.99', 0, NULL, NULL, NULL, '2024-04-05 14:33:07', '2024-04-05 14:33:07'),
	(20, 'pipay922902', 'Cty abc', '2c9a0dd0356449ad1e713b31b68c0d208798da9a3a0f1f7db15cedf0727c07b2', 'nUpUKRYhkwClOyPx5rIdAIXt1q63xY', NULL, '172.43.23.99', 0, NULL, NULL, NULL, '2024-04-05 14:35:04', '2024-04-05 14:35:04'),
	(21, 'pipay755180', 'Cty nôn nôn', '1bfebfa82c63f200f3442f8bd62f288d738bb9a633d779d287cf0f336c6c3f1e', 'QYuDFbEGPIOq2DC2LEGTi53vADOaAh', NULL, NULL, 0, NULL, NULL, NULL, '2024-04-06 16:59:39', '2024-04-06 16:59:39'),
	(22, 'pipay700197', 'test', '123123', '3NKTltqSc75nj3Kq5f1QY56sYihzMH', NULL, NULL, 0, NULL, NULL, NULL, '2024-04-06 18:10:58', '2024-04-06 18:10:58'),
	(23, 'pipay468611', 'test', '12312323423', 'nKwueYdIEpjZIkobbkKp1elNl81F8W', NULL, NULL, 0, NULL, NULL, NULL, '2024-04-06 18:11:38', '2024-04-06 18:11:38'),
	(24, 'pipay899310', 'Cty nôn nôn', 'fb338eb80dee97aeb447e10addd3d0d3211acc0758f2e465f5d5ee33ebbb810c', 'x7FIMTsvFgU7UqA8vxSlCPeTXQXwMe', NULL, NULL, 0, NULL, NULL, NULL, '2024-04-07 02:53:42', '2024-04-07 02:53:42'),
	(25, 'pipay092932', 'Cty nôn nôn', '285257c68367e38222575dbaf26fefffb98548bd9e978ffbc7d0e85866692e61', '33HtXjpKnTsP6HxYnlKBlU75dOaici', NULL, '127.0.0.1', 0, NULL, NULL, NULL, '2024-04-07 03:22:51', '2024-04-07 03:22:51'),
	(26, 'pipay278485', 'Cty nôn nôn', 'bdad50da99787f9a7ed2c25a97fd69c15c74e19af67b0b659ad9f3fc1e761c05', 'Mfk5fqLGocTI5K3tOIz0tuawXiqfBw', NULL, '127.0.0.1', 0, NULL, NULL, NULL, '2024-04-07 03:25:29', '2024-04-07 03:25:29'),
	(27, 'pipay614920', 'shop', '36afad61c6425d951abd41c0b54b204ff87fc2d40f063520b00a3fa04dc30abb', '2xfCA38959Uc2VUBUVLEJz8Q5KH9vY', NULL, '192.168.1.1', 0, NULL, NULL, NULL, '2024-04-07 03:27:51', '2024-04-07 03:27:51'),
	(28, 'pipay787713', 'Công ty SH', '473baa8b6da1a2ee3c2265a3f471057ab7a75bf971492567053db01c4165ae6d', 'qIAN4sRYTskSvvYkF3iOgvOyCGWHli', NULL, '172.0.9.2', 0, NULL, NULL, NULL, '2024-04-07 09:40:39', '2024-04-07 09:40:39'),
	(29, 'pipay006536', 'Test Merchant', 'c6d26e40baf69ef8e9a73685cc24bdda4baf85097b0681ba7acd75f58efad8fd', 'B8xmggbnMGb6KsYPMp89CxzzNPcpSx', NULL, NULL, 0, NULL, NULL, NULL, '2024-04-12 03:17:48', '2024-04-12 03:17:48'),
	(30, 'pipay096762', 'Test Merchant', 'd9b71b8744e50974396f7b17c544f838118bedb93de8bf1f270bb2143433e2cd', 'DidEcb9HtwVW70CCQcdBpLntBPu1i6', NULL, NULL, 0, NULL, NULL, NULL, '2024-04-12 03:18:35', '2024-04-12 03:18:35'),
	(31, 'pipay571773', 'Test Merchant', '5985e3db24f2cf3b2652c95e7738503cee6e090c61db192b74b78bcbbee5731f', 'vuCzq2O9NyaGRrmCqG5wbmtv8O251k', NULL, NULL, 0, NULL, NULL, NULL, '2024-04-12 03:20:49', '2024-04-12 03:20:49'),
	(32, 'pipay697797', 'Test Merchant', 'f52c118bcd1e05c688c936b4dfc46c18b5a770f6526f8ddaff6b11fff7e7b7fd', 'CZpOSA6n1XO30z5hnMjjznwavSr4zb', NULL, NULL, 0, NULL, NULL, NULL, '2024-04-12 03:20:51', '2024-04-12 03:20:51'),
	(33, 'pipay544320', 'Test Merchant', '1ca8699d94f1cb615e2e9e5764ec3861ce3962bd9f0ba25b35262dd209f4a99b', 'rIMEhtYBsXaiqGj55VtCOsDdcHaKeM', NULL, NULL, 0, NULL, NULL, NULL, '2024-04-12 03:20:56', '2024-04-12 03:20:56'),
	(34, 'pipay680167', 'Test Merchant', 'ef26630a00ccbe2b9eb591afd1970ddc98ca07e7efdb945f081dca39d4815dac', 'lbVnMCcLqfwuZj4Xcu8HVVEO5rPtCE', NULL, NULL, 0, NULL, NULL, NULL, '2024-04-13 07:23:24', '2024-04-13 07:23:24'),
	(35, 'pipay280529', 'admincp09', '87a8e727d1a94ff70b785f38be4c015e0efbe38f4c079e27002c09bdb97b4bf4', 'JtGThSNBQrUohBtx8vq83YYxFPkmaJ', NULL, '127.0.0.1', 0, NULL, NULL, NULL, '2024-04-13 12:31:16', '2024-04-13 12:31:16'),
	(36, 'pipay860026', 'Cty nôn nôn', '12b49650bb57e9d3581030c0c0a7cdfe4cf90f6a597805ff2e2d48fba575cb17', '2jok4xSXrVQloybQteWBb9R9KU7Ssa', NULL, '127.0.0.1', 0, NULL, NULL, NULL, '2024-04-15 09:31:35', '2024-04-15 09:31:35'),
	(37, 'pipay589475', 'Cty nôn nôn', '008178356a1de0ed6b260df6c70c846464b78041e6d66b463f7c42ae98c1e18f', '2EWfzwxJbQUf1dwchzKN412pRPluZW', NULL, '127.0.0.1', 0, NULL, NULL, NULL, '2024-04-15 10:01:47', '2024-04-15 10:01:47'),
	(38, 'pipay504193', 'Cty nôn nôn', 'a10a6bd4db4bd0ea3d820a1f1d09f2dfa48d8e044e4432dfca098402b0265f81', 'DvjKTucz6mREAVKHwLyCGbA0H4Jq22', NULL, '127.0.0.1', 0, NULL, NULL, NULL, '2024-04-15 10:01:50', '2024-04-15 10:01:50');

-- Dumping structure for table winboss_api_pipay.merchant_channels
CREATE TABLE IF NOT EXISTS `merchant_channels` (
  `id` int NOT NULL AUTO_INCREMENT,
  `merchant_id` int DEFAULT NULL,
  `channel_id` int DEFAULT NULL,
  `fee_deposit` float NOT NULL DEFAULT '0',
  `fee_withdraw` float NOT NULL DEFAULT '0',
  `created_at` datetime NOT NULL DEFAULT CURRENT_TIMESTAMP,
  `updated_at` datetime DEFAULT NULL,
  `slug` varchar(255) COLLATE utf8mb4_unicode_ci DEFAULT NULL,
  `name` varchar(255) COLLATE utf8mb4_unicode_ci DEFAULT NULL,
  PRIMARY KEY (`id`),
  KEY `FK_merchant_channels_channelss` (`channel_id`),
  KEY `FK_merchant_channels_merchants` (`merchant_id`),
  CONSTRAINT `FK_merchant_channels_channelss` FOREIGN KEY (`channel_id`) REFERENCES `channels` (`id`) ON DELETE CASCADE ON UPDATE CASCADE,
  CONSTRAINT `FK_merchant_channels_merchants` FOREIGN KEY (`merchant_id`) REFERENCES `merchants` (`id`) ON DELETE CASCADE ON UPDATE CASCADE
) ENGINE=InnoDB AUTO_INCREMENT=13 DEFAULT CHARSET=utf8mb4 COLLATE=utf8mb4_unicode_ci;

-- Dumping data for table winboss_api_pipay.merchant_channels: ~7 rows (approximately)
INSERT INTO `merchant_channels` (`id`, `merchant_id`, `channel_id`, `fee_deposit`, `fee_withdraw`, `created_at`, `updated_at`, `slug`, `name`) VALUES
	(6, 30, 1, 2, 1, '2024-04-20 01:45:28', '2024-04-20 01:45:28', 'momo_qr', NULL),
	(7, 30, 2, 1, 1, '2024-04-20 01:46:07', '2024-04-20 01:46:07', 'viettel_qr', NULL),
	(8, 30, 4, 0, 0.1, '2024-04-20 01:46:23', '2024-04-20 01:46:23', 'bank_qr', NULL),
	(9, 30, 6, 0, 0.1, '2024-04-20 01:46:33', '2024-04-20 01:46:33', 'vip_qr', NULL),
	(10, 30, 7, 0, 0.1, '2024-04-20 01:46:40', '2024-04-20 01:46:40', 'rcgcard_pc', NULL),
	(11, 30, 8, 0, 0.12, '2024-04-20 01:46:50', '2024-04-20 01:46:50', 'usdt_qr', NULL),
	(12, 30, 10, 1, 1, '2024-04-20 01:47:06', '2024-04-20 02:00:09', 'zalo_qr', NULL);

-- Dumping structure for table winboss_api_pipay.paybill_logs
CREATE TABLE IF NOT EXISTS `paybill_logs` (
  `id` int NOT NULL AUTO_INCREMENT,
  `transaction_id` varchar(255) CHARACTER SET utf8mb4 COLLATE utf8mb4_0900_ai_ci DEFAULT NULL,
  `merchant_id` int DEFAULT NULL,
  `bill_number` varchar(255) DEFAULT NULL,
  `amount` float DEFAULT NULL,
  `type_bill` varchar(255) DEFAULT NULL,
  `signature` varchar(255) DEFAULT NULL,
  `customer_code` varchar(255) DEFAULT NULL,
  `created_at` datetime DEFAULT NULL,
  `updated_at` datetime DEFAULT NULL,
  PRIMARY KEY (`id`)
) ENGINE=InnoDB AUTO_INCREMENT=40 DEFAULT CHARSET=utf8mb4 COLLATE=utf8mb4_0900_ai_ci;

-- Dumping data for table winboss_api_pipay.paybill_logs: ~30 rows (approximately)
INSERT INTO `paybill_logs` (`id`, `transaction_id`, `merchant_id`, `bill_number`, `amount`, `type_bill`, `signature`, `customer_code`, `created_at`, `updated_at`) VALUES
	(10, '5cab8005-26ab-4286-bb2f-202d849dad87', 2, '723009040-190510TD', 293999, 'TD', '28a41ea0a9621d39a214ec3733a165a0', 'PE09050122774', '2024-06-14 09:13:07', '2024-06-14 09:13:07'),
	(11, '4c3f4692-0d61-42ce-8ad8-5b17ed975bd6', 2, '723009040-190510TD', 293999, 'TD', '28a41ea0a9621d39a214ec3733a165a0', 'PE09050122774', '2024-06-15 03:27:53', '2024-06-15 03:27:53'),
	(12, '41d340d7-a240-4fe8-addd-9c57594469f6', 2, '723009040-190510TD', 293999, 'TD', '28a41ea0a9621d39a214ec3733a165a0', 'PE09050122774', '2024-06-15 03:28:11', '2024-06-15 03:28:11'),
	(13, '50b65bba-5cb1-406a-a307-acff7b6d629a', 2, '723009040-190510TD', 293999, 'TD', '28a41ea0a9621d39a214ec3733a165a0', 'PE09050122774', '2024-06-15 03:30:57', '2024-06-15 03:30:57'),
	(14, '18f031b0-654f-433c-9921-185e533fa8f6', 2, '723009040-190510TD', 293999, 'TD', '28a41ea0a9621d39a214ec3733a165a0', 'PE09050122774', '2024-06-15 03:31:45', '2024-06-15 03:31:45'),
	(15, '22a29616-00d9-4dcc-86fc-5809c40c637c', 2, '723009040-190510TD', 293999, 'TD', '28a41ea0a9621d39a214ec3733a165a0', 'PE09050122774', '2024-06-15 03:34:04', '2024-06-15 03:34:04'),
	(16, 'f354b1b1-3413-44dc-ba85-c1f3fdf959ed', 2, '723009040-190510TD', 293999, 'TD', '28a41ea0a9621d39a214ec3733a165a0', 'PE09050122774', '2024-06-15 06:58:53', '2024-06-15 06:58:53'),
	(17, '92a6932a-d1dc-4862-be27-18ac47237600', 2, '723009040-190510TD', 293999, 'TD', '28a41ea0a9621d39a214ec3733a165a0', 'PE09050122774', '2024-06-15 06:59:02', '2024-06-15 06:59:02'),
	(18, 'c938817e-c8ae-4564-b1ad-041d51e8418a', 2, '723009040-190510TD', 293999, 'TD', '28a41ea0a9621d39a214ec3733a165a0', 'PE09050122774', '2024-06-15 07:00:17', '2024-06-15 07:00:17'),
	(19, 'ebc65137-42cd-4037-bc65-59612638d1e3', 2, '723009040-190510TD', 293999, 'TD', '28a41ea0a9621d39a214ec3733a165a0', 'PE09050122774', '2024-06-24 09:33:32', '2024-06-24 09:33:32'),
	(20, '4f9d2dd7-8219-4793-ace7-3ba4ed1781dc', 2, '723009040-190510TD', 293999, 'TD', '28a41ea0a9621d39a214ec3733a165a0', 'PE09050122774', '2024-06-24 09:33:41', '2024-06-24 09:33:41'),
	(21, '31c9108c-9e08-4b15-ac3f-1ac61ac9e8af', 2, '723009040-190510TD', 293999, 'TD', '28a41ea0a9621d39a214ec3733a165a0', 'PE09050122774', '2024-06-24 09:34:02', '2024-06-24 09:34:02'),
	(22, '04dca2a8-a2d6-47b0-9c07-0f4f9fd2064f', 2, '723009040-190510TD', 293999, 'TD', '28a41ea0a9621d39a214ec3733a165a0', 'PE09050122774', '2024-06-24 09:36:22', '2024-06-24 09:36:22'),
	(23, '16c0261b-2fe5-4528-85dd-eb5c6d77397d', 2, '723009040-190510TD', 293999, 'TD', '28a41ea0a9621d39a214ec3733a165a0', 'PE09050122774', '2024-06-24 09:37:23', '2024-06-24 09:37:23'),
	(24, '5d9c8cf5-c0f9-4028-8eb8-b3c21be52c69', 2, '723009040-TESTTD', 293999, 'TD', NULL, 'PE09050122774', '2024-06-25 04:33:26', '2024-06-25 04:33:26'),
	(25, '94a867da-9431-4708-9e11-6d288ec2e262', 2, '723009040-TESTTD', 293999, 'TD', NULL, 'PE09050122774', '2024-06-25 04:33:45', '2024-06-25 04:33:45'),
	(26, '7137f53c-46df-4eb4-93a9-56ba8fbd7280', 2, '723009040-TESTTD', 293999, 'TD', NULL, 'PP01000143874', '2024-06-25 04:34:22', '2024-06-25 04:34:22'),
	(27, '07742ef7-bd7c-4f44-9d2f-587aa0cdb639', 2, '723009040-TESTTD', 293999, 'TD', NULL, 'PP01000143874', '2024-06-25 04:39:24', '2024-06-25 04:39:24'),
	(28, '8ac46ca6-8eb4-4b8b-9327-e4d28f04ebeb', 2, '723009040-TESTTDD', 293999, 'TD', NULL, 'PP01000143874', '2024-06-25 04:39:48', '2024-06-25 04:39:48'),
	(29, 'a9602b65-3a8d-443e-976e-46b3e231eef1', 2, '723009040-TESTD', 293999, 'TD', NULL, 'PP01000143874', '2024-06-25 04:39:59', '2024-06-25 04:39:59'),
	(30, 'c50d0c80-e752-436a-908c-5bc13b86a1c8', 2, '723009040-TESTTD', 293999, 'TD', NULL, 'PP01000143874', '2024-06-25 04:41:04', '2024-06-25 04:41:04'),
	(31, 'cf65e298-a9d2-4a1d-b5f9-770a2cce9bda', 2, '723009040-TESTTD', 293999, 'TD', NULL, 'PP01000143874', '2024-06-25 04:41:58', '2024-06-25 04:41:58'),
	(32, '04d58ffe-676e-4517-b24f-6157508cbef9', 2, '723009040-TESTTD', 293999, NULL, NULL, 'PP01000143874', '2024-06-25 04:53:21', '2024-06-25 04:53:21'),
	(33, '0c44dbd4-9d4b-4b6c-a92d-11ae835691c3', 2, '723009040-TESTTD', 293999, NULL, NULL, 'PP01000143874', '2024-06-25 04:55:05', '2024-06-25 04:55:05'),
	(34, '47e777e3-328e-4672-b009-632802b8256b', 2, '723009040-TESTTD', 293999, NULL, NULL, 'PP01000143874', '2024-06-25 04:55:42', '2024-06-25 04:55:42'),
	(35, 'e6ca619e-c942-4c21-93b7-8ab37ec0ec98', 2, '723009040-190510TD', 293999, NULL, NULL, 'PE09050122774', '2024-06-25 04:56:12', '2024-06-25 04:56:12'),
	(36, '4ffd0a2e-2e7c-4f59-971f-eb2a45062231', 2, '723009040-190510TD', 293999, NULL, NULL, 'PE09050122774', '2024-06-25 04:56:56', '2024-06-25 04:56:56'),
	(37, '7ab46ee9-b5a0-4d8a-8819-3dcaeb0acf2a', 2, '723009040-190510TD', 293999, NULL, NULL, 'PE09050122774', '2024-06-25 04:58:15', '2024-06-25 04:58:15'),
	(38, 'e95a8a00-33d3-4dca-8674-c3e3b21984ba', 2, '723009040-190510TD', 293999, NULL, NULL, 'PE09050122774', '2024-06-25 04:58:28', '2024-06-25 04:58:28'),
	(39, '75500c92-786b-4164-aa66-b66b50dde25d', 2, '723009040-190510TD', 293999, 'TD', NULL, 'PE09050122774', '2024-06-25 04:58:31', '2024-06-25 04:58:31');

-- Dumping structure for table winboss_api_pipay.result_logs
CREATE TABLE IF NOT EXISTS `result_logs` (
  `id` int NOT NULL AUTO_INCREMENT,
  `transaction_id` varchar(255) NOT NULL DEFAULT '0',
  `METHOD` varchar(50) NOT NULL DEFAULT '0',
  `request_URL` varchar(255) DEFAULT NULL,
  `net_connect` varchar(50) CHARACTER SET utf8mb4 COLLATE utf8mb4_0900_ai_ci DEFAULT NULL,
  `status_code` varchar(50) DEFAULT NULL,
  `request` longtext,
  `reponse` longtext CHARACTER SET utf8mb4 COLLATE utf8mb4_0900_ai_ci,
  `created_at` datetime DEFAULT NULL,
  `updated_at` datetime DEFAULT NULL,
  PRIMARY KEY (`id`)
) ENGINE=InnoDB AUTO_INCREMENT=35 DEFAULT CHARSET=utf8mb4 COLLATE=utf8mb4_0900_ai_ci COMMENT=' Log of request';

-- Dumping data for table winboss_api_pipay.result_logs: ~4 rows (approximately)
INSERT INTO `result_logs` (`id`, `transaction_id`, `METHOD`, `request_URL`, `net_connect`, `status_code`, `request`, `reponse`, `created_at`, `updated_at`) VALUES
	(31, '48a36839-a5ea-46bd-9ec1-982ea708433a', 'POST', 'https://devtool.vn/', 'Fail', '405', '{"merchant_id":2,"order_id":"21","transaction_id":"48a36839-a5ea-46bd-9ec1-982ea708433a","status":"success","channel":"momo","amount":29640}', 'Client error: `POST https://devtool.vn/` resulted in a `405 Method Not Allowed` response:\n<!DOCTYPE html><html><head><meta charSet="utf-8"/><meta name="viewport" content="minimum-scale=1, initial-scale=1, width (truncated...)\n', '2024-04-26 08:23:39', '2024-04-26 08:23:39'),
	(32, '62a15f31-a1a1-4267-b42c-e34939dc32e2', 'POST', 'https://devtool.vn/', 'Fail', '405', '{"merchant_id":7,"order_id":"22","transaction_id":"62a15f31-a1a1-4267-b42c-e34939dc32e2","status":"success","channel":"momo","amount":29640}', 'Client error: `POST https://devtool.vn/` resulted in a `405 Method Not Allowed` response:\n<!DOCTYPE html><html><head><meta charSet="utf-8"/><meta name="viewport" content="minimum-scale=1, initial-scale=1, width (truncated...)\n', '2024-04-27 02:34:15', '2024-04-27 02:34:15'),
	(33, '8b180139-b3b1-42c1-9a27-7f7ac8056dcd', 'POST', 'https://devtool.vn/', 'Fail', '405', '{"merchant_id":7,"order_id":"22","transaction_id":"8b180139-b3b1-42c1-9a27-7f7ac8056dcd","status":"success","channel":"momo","amount":29640}', 'Client error: `POST https://devtool.vn/` resulted in a `405 Method Not Allowed` response:\n<!DOCTYPE html><html><head><meta charSet="utf-8"/><meta name="viewport" content="minimum-scale=1, initial-scale=1, width (truncated...)\n', '2024-04-27 03:54:30', '2024-04-27 03:54:30'),
	(34, '6f6e3608-3bb3-427c-9691-b52c11d2cfcc', 'POST', 'https://devtool.vn/ipn', 'Fail', '404', '{"merchant_id":2,"order_id":"5f61cf4f41e2b411212mm15","transaction_id":"6f6e3608-3bb3-427c-9691-b52c11d2cfcc","status":"success","channel":"momo","amount":19760}', 'Client error: `POST https://devtool.vn/ipn` resulted in a `404 Not Found` response:\n<!DOCTYPE html><html><head><meta charSet="utf-8"/><meta name="viewport" content="minimum-scale=1, initial-scale=1, width (truncated...)\n', '2024-05-22 08:40:56', '2024-05-22 08:40:56');

-- Dumping structure for table winboss_api_pipay.settings
CREATE TABLE IF NOT EXISTS `settings` (
  `id` int NOT NULL AUTO_INCREMENT,
  `setting_key` varchar(256) CHARACTER SET utf8mb4 COLLATE utf8mb4_unicode_ci DEFAULT NULL,
  `setting_value` longtext CHARACTER SET utf8mb4 COLLATE utf8mb4_unicode_ci,
  `created_at` datetime NOT NULL DEFAULT CURRENT_TIMESTAMP,
  `updated_at` datetime DEFAULT NULL,
  PRIMARY KEY (`id`)
) ENGINE=InnoDB AUTO_INCREMENT=5 DEFAULT CHARSET=utf8mb4 COLLATE=utf8mb4_unicode_ci;

-- Dumping data for table winboss_api_pipay.settings: ~3 rows (approximately)
INSERT INTO `settings` (`id`, `setting_key`, `setting_value`, `created_at`, `updated_at`) VALUES
	(1, 'is_maintenance', '1', '2024-04-03 15:42:40', NULL),
	(2, 'deposit_default_status', 'pending', '2024-04-03 16:33:22', NULL),
	(3, 'number_request_max', '10', '2024-04-04 14:13:04', NULL),
	(4, 'minimum_balance', '1000', '2024-04-23 09:05:54', NULL);

-- Dumping structure for table winboss_api_pipay.vouchers
CREATE TABLE IF NOT EXISTS `vouchers` (
  `id` int NOT NULL AUTO_INCREMENT,
  `productId` int DEFAULT '0',
  `productNm` text CHARACTER SET utf8mb4 COLLATE utf8mb4_0900_ai_ci,
  `productDesc` text CHARACTER SET utf8mb4 COLLATE utf8mb4_0900_ai_ci,
  `productShortDesc` text CHARACTER SET utf8mb4 COLLATE utf8mb4_0900_ai_ci,
  `priceId` int DEFAULT '0',
  `created_at` date DEFAULT NULL,
  `updated_at` date DEFAULT NULL,
  `priceValue` decimal(18,0) DEFAULT '0',
  PRIMARY KEY (`id`)
) ENGINE=InnoDB AUTO_INCREMENT=44 DEFAULT CHARSET=utf8mb4 COLLATE=utf8mb4_0900_ai_ci;

-- Dumping data for table winboss_api_pipay.vouchers: ~42 rows (approximately)
INSERT INTO `vouchers` (`id`, `productId`, `productNm`, `productDesc`, `productShortDesc`, `priceId`, `created_at`, `updated_at`, `priceValue`) VALUES
	(2, 1408, 'Thẻ Quà Tặng Đa Năng ', '<p>Qu&agrave; Tặng Got It được sử dụng dễ d&agrave;ng tại c&aacute;c cửa h&agrave;ng thuộc hệ thống đối t&aacute;c của Got It.&nbsp;</p>\r\n\r\n<p>C&ugrave;ng Got It thể hiện sự quan t&acirc;m với những m&oacute;n qu&agrave; đa dạng, chất lượng từ c&aacute;c thương hiệu uy t&iacute;n.</p>\r\n\r\n<p>Qu&agrave; Tặng Got It được &aacute;p dụng đồng thời chương tr&igrave;nh khuyến m&atilde;i tại:</p>\r\n\r\n<p>- Highlands Coffee, Ding Tea, Beard Papa&#39;s, Smoothie Factory, BreadTalk, The Sushi Bar, ThaiExpress, Ng&otilde;-Restaurant, Shabu Ya, Spice Temple, SumoBBQ, GoGi House, Kichi Kichi, Daruma, Ashima, iSushi, Ba Con Cừu, Osaka Osho, Itacho Ramen, Vuvuzela, K-Pub, Crystal Jade Kitchen, Cowboy&#39;s Jack, City Beer Station, Manwah, Hutong, Phố Ngon 37, Kintaro Udon, Magic Pan, Sừng Quăn, iCook, Shogun, Ho&agrave;ng Yến Buffet, Ho&agrave;ng Yến Buffet Premier, Ho&agrave;ng Yến Hot Pot, Stix, Taka, John Henry, Aino Sofia, Freelancer, Vera, Wow, Jockey, Ministop, 3Sach Food, Yves Rocher France, Lock&amp;Lock, Plus One.</p>\r\n\r\n<p>- Tous les Jours: &aacute;p dụng ưu đ&atilde;i, kh&ocirc;ng &aacute;p dụng khuyến m&atilde;i.</p>\r\n\r\n<p>- Baskin Robbins: kh&ocirc;ng &aacute;p dụng khuyến m&atilde;i v&agrave;o c&aacute;c ng&agrave;y Lễ, Tết.</p>\r\n\r\n<p>- Shop&amp;Go: &aacute;p dụng tất cả sản phẩm, ngoại trừ Phone Card/ Payoo/ Thuốc L&aacute;/ Rượu.</p>\r\n\r\n<p>- Ministop: &aacute;p dụng tất cả sản phẩm, trừ c&aacute;c sản phẩm của b&ecirc;n thứ 3.</p>\r\n\r\n<p>Qu&agrave; Tặng Got It kh&ocirc;ng được &aacute;p dụng khuyến m&atilde;i tại:</p>\r\n\r\n<p>- Ph&uacute;c Long, Catherine Denoual Maison, Glow Sky Bar, Urban Kitchen Bar, Shooz, Geox.</p>\r\n\r\n<p>Sử dụng tại Lotte Mart, vui l&ograve;ng lưu &yacute;:</p>\r\n\r\n<p>- Mỗi eGift chỉ sử dụng được 1 lần. Được &aacute;p dụng nhiều eGift tr&ecirc;n một ho&aacute; đơn nhưng kh&ocirc;ng &aacute;p dụng qu&aacute; 10 eGift (kh&ocirc;ng ph&acirc;n biệt mệnh gi&aacute;). Vui l&ograve;ng t&aacute;ch ho&aacute; đơn nếu muốn sử dụng nhiều hơn 10 eGift.</p>\r\n\r\n<p>- Lotte Mart kh&ocirc;ng nhận trả h&agrave;ng, kh&ocirc;ng hủy h&oacute;a đơn v&agrave; kh&ocirc;ng ho&agrave;n tiền cho những h&oacute;a đơn thanh to&aacute;n bằng Got It eGift.</p>\r\n\r\n<p>- Lotte Mart kh&ocirc;ng ho&agrave;n lại tiền thừa ch&ecirc;nh lệch giữa mệnh gi&aacute; eGift v&agrave; gi&aacute; trị h&oacute;a đơn.</p>\r\n\r\n<p>- Lotte Mart kh&ocirc;ng xuất h&oacute;a đơn cho những h&oacute;a đơn thanh to&aacute;n bằng Got It, kể cả với c&aacute;c h&igrave;nh thức thanh to&aacute;n kh&aacute;c như tiền mặt, thẻ ng&acirc;n h&agrave;ng...</p>\r\n\r\n<p>- Trong trường hợp kh&aacute;ch h&agrave;ng muốn xuất h&oacute;a đơn cho phần thanh to&aacute;n bằng c&aacute;c h&igrave;nh thức kh&aacute;c vui l&ograve;ng b&aacute;o trước cho thu ng&acirc;n để xuất h&oacute;a đơn ri&ecirc;ng. Mọi trường hợp xuất chung h&oacute;a đơn với h&oacute;a đơn thanh to&aacute;n bằng Got It eGift , Lotte Mart sẽ từ chối giải quyết.</p>\r\n', '<p>Thật nhanh ch&oacute;ng v&agrave; dễ d&agrave;ng để gửi tặng những m&oacute;n qu&agrave; s&agrave;nh điệu với Qu&agrave; tặng Got It.&nbsp;</p>\r\n', 38320, NULL, '2024-06-26', 1000),
	(3, 1408, 'Thẻ Quà Tặng Đa Năng ', '<p>Qu&agrave; Tặng Got It được sử dụng dễ d&agrave;ng tại c&aacute;c cửa h&agrave;ng thuộc hệ thống đối t&aacute;c của Got It.&nbsp;</p>\r\n\r\n<p>C&ugrave;ng Got It thể hiện sự quan t&acirc;m với những m&oacute;n qu&agrave; đa dạng, chất lượng từ c&aacute;c thương hiệu uy t&iacute;n.</p>\r\n\r\n<p>Qu&agrave; Tặng Got It được &aacute;p dụng đồng thời chương tr&igrave;nh khuyến m&atilde;i tại:</p>\r\n\r\n<p>- Highlands Coffee, Ding Tea, Beard Papa&#39;s, Smoothie Factory, BreadTalk, The Sushi Bar, ThaiExpress, Ng&otilde;-Restaurant, Shabu Ya, Spice Temple, SumoBBQ, GoGi House, Kichi Kichi, Daruma, Ashima, iSushi, Ba Con Cừu, Osaka Osho, Itacho Ramen, Vuvuzela, K-Pub, Crystal Jade Kitchen, Cowboy&#39;s Jack, City Beer Station, Manwah, Hutong, Phố Ngon 37, Kintaro Udon, Magic Pan, Sừng Quăn, iCook, Shogun, Ho&agrave;ng Yến Buffet, Ho&agrave;ng Yến Buffet Premier, Ho&agrave;ng Yến Hot Pot, Stix, Taka, John Henry, Aino Sofia, Freelancer, Vera, Wow, Jockey, Ministop, 3Sach Food, Yves Rocher France, Lock&amp;Lock, Plus One.</p>\r\n\r\n<p>- Tous les Jours: &aacute;p dụng ưu đ&atilde;i, kh&ocirc;ng &aacute;p dụng khuyến m&atilde;i.</p>\r\n\r\n<p>- Baskin Robbins: kh&ocirc;ng &aacute;p dụng khuyến m&atilde;i v&agrave;o c&aacute;c ng&agrave;y Lễ, Tết.</p>\r\n\r\n<p>- Shop&amp;Go: &aacute;p dụng tất cả sản phẩm, ngoại trừ Phone Card/ Payoo/ Thuốc L&aacute;/ Rượu.</p>\r\n\r\n<p>- Ministop: &aacute;p dụng tất cả sản phẩm, trừ c&aacute;c sản phẩm của b&ecirc;n thứ 3.</p>\r\n\r\n<p>Qu&agrave; Tặng Got It kh&ocirc;ng được &aacute;p dụng khuyến m&atilde;i tại:</p>\r\n\r\n<p>- Ph&uacute;c Long, Catherine Denoual Maison, Glow Sky Bar, Urban Kitchen Bar, Shooz, Geox.</p>\r\n\r\n<p>Sử dụng tại Lotte Mart, vui l&ograve;ng lưu &yacute;:</p>\r\n\r\n<p>- Mỗi eGift chỉ sử dụng được 1 lần. Được &aacute;p dụng nhiều eGift tr&ecirc;n một ho&aacute; đơn nhưng kh&ocirc;ng &aacute;p dụng qu&aacute; 10 eGift (kh&ocirc;ng ph&acirc;n biệt mệnh gi&aacute;). Vui l&ograve;ng t&aacute;ch ho&aacute; đơn nếu muốn sử dụng nhiều hơn 10 eGift.</p>\r\n\r\n<p>- Lotte Mart kh&ocirc;ng nhận trả h&agrave;ng, kh&ocirc;ng hủy h&oacute;a đơn v&agrave; kh&ocirc;ng ho&agrave;n tiền cho những h&oacute;a đơn thanh to&aacute;n bằng Got It eGift.</p>\r\n\r\n<p>- Lotte Mart kh&ocirc;ng ho&agrave;n lại tiền thừa ch&ecirc;nh lệch giữa mệnh gi&aacute; eGift v&agrave; gi&aacute; trị h&oacute;a đơn.</p>\r\n\r\n<p>- Lotte Mart kh&ocirc;ng xuất h&oacute;a đơn cho những h&oacute;a đơn thanh to&aacute;n bằng Got It, kể cả với c&aacute;c h&igrave;nh thức thanh to&aacute;n kh&aacute;c như tiền mặt, thẻ ng&acirc;n h&agrave;ng...</p>\r\n\r\n<p>- Trong trường hợp kh&aacute;ch h&agrave;ng muốn xuất h&oacute;a đơn cho phần thanh to&aacute;n bằng c&aacute;c h&igrave;nh thức kh&aacute;c vui l&ograve;ng b&aacute;o trước cho thu ng&acirc;n để xuất h&oacute;a đơn ri&ecirc;ng. Mọi trường hợp xuất chung h&oacute;a đơn với h&oacute;a đơn thanh to&aacute;n bằng Got It eGift , Lotte Mart sẽ từ chối giải quyết.</p>\r\n', '<p>Thật nhanh ch&oacute;ng v&agrave; dễ d&agrave;ng để gửi tặng những m&oacute;n qu&agrave; s&agrave;nh điệu với Qu&agrave; tặng Got It.&nbsp;</p>\r\n', 5391, NULL, '2024-06-26', 5000),
	(4, 1408, 'Thẻ Quà Tặng Đa Năng ', '<p>Qu&agrave; Tặng Got It được sử dụng dễ d&agrave;ng tại c&aacute;c cửa h&agrave;ng thuộc hệ thống đối t&aacute;c của Got It.&nbsp;</p>\r\n\r\n<p>C&ugrave;ng Got It thể hiện sự quan t&acirc;m với những m&oacute;n qu&agrave; đa dạng, chất lượng từ c&aacute;c thương hiệu uy t&iacute;n.</p>\r\n\r\n<p>Qu&agrave; Tặng Got It được &aacute;p dụng đồng thời chương tr&igrave;nh khuyến m&atilde;i tại:</p>\r\n\r\n<p>- Highlands Coffee, Ding Tea, Beard Papa&#39;s, Smoothie Factory, BreadTalk, The Sushi Bar, ThaiExpress, Ng&otilde;-Restaurant, Shabu Ya, Spice Temple, SumoBBQ, GoGi House, Kichi Kichi, Daruma, Ashima, iSushi, Ba Con Cừu, Osaka Osho, Itacho Ramen, Vuvuzela, K-Pub, Crystal Jade Kitchen, Cowboy&#39;s Jack, City Beer Station, Manwah, Hutong, Phố Ngon 37, Kintaro Udon, Magic Pan, Sừng Quăn, iCook, Shogun, Ho&agrave;ng Yến Buffet, Ho&agrave;ng Yến Buffet Premier, Ho&agrave;ng Yến Hot Pot, Stix, Taka, John Henry, Aino Sofia, Freelancer, Vera, Wow, Jockey, Ministop, 3Sach Food, Yves Rocher France, Lock&amp;Lock, Plus One.</p>\r\n\r\n<p>- Tous les Jours: &aacute;p dụng ưu đ&atilde;i, kh&ocirc;ng &aacute;p dụng khuyến m&atilde;i.</p>\r\n\r\n<p>- Baskin Robbins: kh&ocirc;ng &aacute;p dụng khuyến m&atilde;i v&agrave;o c&aacute;c ng&agrave;y Lễ, Tết.</p>\r\n\r\n<p>- Shop&amp;Go: &aacute;p dụng tất cả sản phẩm, ngoại trừ Phone Card/ Payoo/ Thuốc L&aacute;/ Rượu.</p>\r\n\r\n<p>- Ministop: &aacute;p dụng tất cả sản phẩm, trừ c&aacute;c sản phẩm của b&ecirc;n thứ 3.</p>\r\n\r\n<p>Qu&agrave; Tặng Got It kh&ocirc;ng được &aacute;p dụng khuyến m&atilde;i tại:</p>\r\n\r\n<p>- Ph&uacute;c Long, Catherine Denoual Maison, Glow Sky Bar, Urban Kitchen Bar, Shooz, Geox.</p>\r\n\r\n<p>Sử dụng tại Lotte Mart, vui l&ograve;ng lưu &yacute;:</p>\r\n\r\n<p>- Mỗi eGift chỉ sử dụng được 1 lần. Được &aacute;p dụng nhiều eGift tr&ecirc;n một ho&aacute; đơn nhưng kh&ocirc;ng &aacute;p dụng qu&aacute; 10 eGift (kh&ocirc;ng ph&acirc;n biệt mệnh gi&aacute;). Vui l&ograve;ng t&aacute;ch ho&aacute; đơn nếu muốn sử dụng nhiều hơn 10 eGift.</p>\r\n\r\n<p>- Lotte Mart kh&ocirc;ng nhận trả h&agrave;ng, kh&ocirc;ng hủy h&oacute;a đơn v&agrave; kh&ocirc;ng ho&agrave;n tiền cho những h&oacute;a đơn thanh to&aacute;n bằng Got It eGift.</p>\r\n\r\n<p>- Lotte Mart kh&ocirc;ng ho&agrave;n lại tiền thừa ch&ecirc;nh lệch giữa mệnh gi&aacute; eGift v&agrave; gi&aacute; trị h&oacute;a đơn.</p>\r\n\r\n<p>- Lotte Mart kh&ocirc;ng xuất h&oacute;a đơn cho những h&oacute;a đơn thanh to&aacute;n bằng Got It, kể cả với c&aacute;c h&igrave;nh thức thanh to&aacute;n kh&aacute;c như tiền mặt, thẻ ng&acirc;n h&agrave;ng...</p>\r\n\r\n<p>- Trong trường hợp kh&aacute;ch h&agrave;ng muốn xuất h&oacute;a đơn cho phần thanh to&aacute;n bằng c&aacute;c h&igrave;nh thức kh&aacute;c vui l&ograve;ng b&aacute;o trước cho thu ng&acirc;n để xuất h&oacute;a đơn ri&ecirc;ng. Mọi trường hợp xuất chung h&oacute;a đơn với h&oacute;a đơn thanh to&aacute;n bằng Got It eGift , Lotte Mart sẽ từ chối giải quyết.</p>\r\n', '<p>Thật nhanh ch&oacute;ng v&agrave; dễ d&agrave;ng để gửi tặng những m&oacute;n qu&agrave; s&agrave;nh điệu với Qu&agrave; tặng Got It.&nbsp;</p>\r\n', 2754, NULL, '2024-06-26', 10000),
	(5, 1408, 'Thẻ Quà Tặng Đa Năng ', '<p>Qu&agrave; Tặng Got It được sử dụng dễ d&agrave;ng tại c&aacute;c cửa h&agrave;ng thuộc hệ thống đối t&aacute;c của Got It.&nbsp;</p>\r\n\r\n<p>C&ugrave;ng Got It thể hiện sự quan t&acirc;m với những m&oacute;n qu&agrave; đa dạng, chất lượng từ c&aacute;c thương hiệu uy t&iacute;n.</p>\r\n\r\n<p>Qu&agrave; Tặng Got It được &aacute;p dụng đồng thời chương tr&igrave;nh khuyến m&atilde;i tại:</p>\r\n\r\n<p>- Highlands Coffee, Ding Tea, Beard Papa&#39;s, Smoothie Factory, BreadTalk, The Sushi Bar, ThaiExpress, Ng&otilde;-Restaurant, Shabu Ya, Spice Temple, SumoBBQ, GoGi House, Kichi Kichi, Daruma, Ashima, iSushi, Ba Con Cừu, Osaka Osho, Itacho Ramen, Vuvuzela, K-Pub, Crystal Jade Kitchen, Cowboy&#39;s Jack, City Beer Station, Manwah, Hutong, Phố Ngon 37, Kintaro Udon, Magic Pan, Sừng Quăn, iCook, Shogun, Ho&agrave;ng Yến Buffet, Ho&agrave;ng Yến Buffet Premier, Ho&agrave;ng Yến Hot Pot, Stix, Taka, John Henry, Aino Sofia, Freelancer, Vera, Wow, Jockey, Ministop, 3Sach Food, Yves Rocher France, Lock&amp;Lock, Plus One.</p>\r\n\r\n<p>- Tous les Jours: &aacute;p dụng ưu đ&atilde;i, kh&ocirc;ng &aacute;p dụng khuyến m&atilde;i.</p>\r\n\r\n<p>- Baskin Robbins: kh&ocirc;ng &aacute;p dụng khuyến m&atilde;i v&agrave;o c&aacute;c ng&agrave;y Lễ, Tết.</p>\r\n\r\n<p>- Shop&amp;Go: &aacute;p dụng tất cả sản phẩm, ngoại trừ Phone Card/ Payoo/ Thuốc L&aacute;/ Rượu.</p>\r\n\r\n<p>- Ministop: &aacute;p dụng tất cả sản phẩm, trừ c&aacute;c sản phẩm của b&ecirc;n thứ 3.</p>\r\n\r\n<p>Qu&agrave; Tặng Got It kh&ocirc;ng được &aacute;p dụng khuyến m&atilde;i tại:</p>\r\n\r\n<p>- Ph&uacute;c Long, Catherine Denoual Maison, Glow Sky Bar, Urban Kitchen Bar, Shooz, Geox.</p>\r\n\r\n<p>Sử dụng tại Lotte Mart, vui l&ograve;ng lưu &yacute;:</p>\r\n\r\n<p>- Mỗi eGift chỉ sử dụng được 1 lần. Được &aacute;p dụng nhiều eGift tr&ecirc;n một ho&aacute; đơn nhưng kh&ocirc;ng &aacute;p dụng qu&aacute; 10 eGift (kh&ocirc;ng ph&acirc;n biệt mệnh gi&aacute;). Vui l&ograve;ng t&aacute;ch ho&aacute; đơn nếu muốn sử dụng nhiều hơn 10 eGift.</p>\r\n\r\n<p>- Lotte Mart kh&ocirc;ng nhận trả h&agrave;ng, kh&ocirc;ng hủy h&oacute;a đơn v&agrave; kh&ocirc;ng ho&agrave;n tiền cho những h&oacute;a đơn thanh to&aacute;n bằng Got It eGift.</p>\r\n\r\n<p>- Lotte Mart kh&ocirc;ng ho&agrave;n lại tiền thừa ch&ecirc;nh lệch giữa mệnh gi&aacute; eGift v&agrave; gi&aacute; trị h&oacute;a đơn.</p>\r\n\r\n<p>- Lotte Mart kh&ocirc;ng xuất h&oacute;a đơn cho những h&oacute;a đơn thanh to&aacute;n bằng Got It, kể cả với c&aacute;c h&igrave;nh thức thanh to&aacute;n kh&aacute;c như tiền mặt, thẻ ng&acirc;n h&agrave;ng...</p>\r\n\r\n<p>- Trong trường hợp kh&aacute;ch h&agrave;ng muốn xuất h&oacute;a đơn cho phần thanh to&aacute;n bằng c&aacute;c h&igrave;nh thức kh&aacute;c vui l&ograve;ng b&aacute;o trước cho thu ng&acirc;n để xuất h&oacute;a đơn ri&ecirc;ng. Mọi trường hợp xuất chung h&oacute;a đơn với h&oacute;a đơn thanh to&aacute;n bằng Got It eGift , Lotte Mart sẽ từ chối giải quyết.</p>\r\n', '<p>Thật nhanh ch&oacute;ng v&agrave; dễ d&agrave;ng để gửi tặng những m&oacute;n qu&agrave; s&agrave;nh điệu với Qu&agrave; tặng Got It.&nbsp;</p>\r\n', 35087, NULL, '2024-06-26', 10000),
	(6, 1408, 'Thẻ Quà Tặng Đa Năng ', '<p>Qu&agrave; Tặng Got It được sử dụng dễ d&agrave;ng tại c&aacute;c cửa h&agrave;ng thuộc hệ thống đối t&aacute;c của Got It.&nbsp;</p>\r\n\r\n<p>C&ugrave;ng Got It thể hiện sự quan t&acirc;m với những m&oacute;n qu&agrave; đa dạng, chất lượng từ c&aacute;c thương hiệu uy t&iacute;n.</p>\r\n\r\n<p>Qu&agrave; Tặng Got It được &aacute;p dụng đồng thời chương tr&igrave;nh khuyến m&atilde;i tại:</p>\r\n\r\n<p>- Highlands Coffee, Ding Tea, Beard Papa&#39;s, Smoothie Factory, BreadTalk, The Sushi Bar, ThaiExpress, Ng&otilde;-Restaurant, Shabu Ya, Spice Temple, SumoBBQ, GoGi House, Kichi Kichi, Daruma, Ashima, iSushi, Ba Con Cừu, Osaka Osho, Itacho Ramen, Vuvuzela, K-Pub, Crystal Jade Kitchen, Cowboy&#39;s Jack, City Beer Station, Manwah, Hutong, Phố Ngon 37, Kintaro Udon, Magic Pan, Sừng Quăn, iCook, Shogun, Ho&agrave;ng Yến Buffet, Ho&agrave;ng Yến Buffet Premier, Ho&agrave;ng Yến Hot Pot, Stix, Taka, John Henry, Aino Sofia, Freelancer, Vera, Wow, Jockey, Ministop, 3Sach Food, Yves Rocher France, Lock&amp;Lock, Plus One.</p>\r\n\r\n<p>- Tous les Jours: &aacute;p dụng ưu đ&atilde;i, kh&ocirc;ng &aacute;p dụng khuyến m&atilde;i.</p>\r\n\r\n<p>- Baskin Robbins: kh&ocirc;ng &aacute;p dụng khuyến m&atilde;i v&agrave;o c&aacute;c ng&agrave;y Lễ, Tết.</p>\r\n\r\n<p>- Shop&amp;Go: &aacute;p dụng tất cả sản phẩm, ngoại trừ Phone Card/ Payoo/ Thuốc L&aacute;/ Rượu.</p>\r\n\r\n<p>- Ministop: &aacute;p dụng tất cả sản phẩm, trừ c&aacute;c sản phẩm của b&ecirc;n thứ 3.</p>\r\n\r\n<p>Qu&agrave; Tặng Got It kh&ocirc;ng được &aacute;p dụng khuyến m&atilde;i tại:</p>\r\n\r\n<p>- Ph&uacute;c Long, Catherine Denoual Maison, Glow Sky Bar, Urban Kitchen Bar, Shooz, Geox.</p>\r\n\r\n<p>Sử dụng tại Lotte Mart, vui l&ograve;ng lưu &yacute;:</p>\r\n\r\n<p>- Mỗi eGift chỉ sử dụng được 1 lần. Được &aacute;p dụng nhiều eGift tr&ecirc;n một ho&aacute; đơn nhưng kh&ocirc;ng &aacute;p dụng qu&aacute; 10 eGift (kh&ocirc;ng ph&acirc;n biệt mệnh gi&aacute;). Vui l&ograve;ng t&aacute;ch ho&aacute; đơn nếu muốn sử dụng nhiều hơn 10 eGift.</p>\r\n\r\n<p>- Lotte Mart kh&ocirc;ng nhận trả h&agrave;ng, kh&ocirc;ng hủy h&oacute;a đơn v&agrave; kh&ocirc;ng ho&agrave;n tiền cho những h&oacute;a đơn thanh to&aacute;n bằng Got It eGift.</p>\r\n\r\n<p>- Lotte Mart kh&ocirc;ng ho&agrave;n lại tiền thừa ch&ecirc;nh lệch giữa mệnh gi&aacute; eGift v&agrave; gi&aacute; trị h&oacute;a đơn.</p>\r\n\r\n<p>- Lotte Mart kh&ocirc;ng xuất h&oacute;a đơn cho những h&oacute;a đơn thanh to&aacute;n bằng Got It, kể cả với c&aacute;c h&igrave;nh thức thanh to&aacute;n kh&aacute;c như tiền mặt, thẻ ng&acirc;n h&agrave;ng...</p>\r\n\r\n<p>- Trong trường hợp kh&aacute;ch h&agrave;ng muốn xuất h&oacute;a đơn cho phần thanh to&aacute;n bằng c&aacute;c h&igrave;nh thức kh&aacute;c vui l&ograve;ng b&aacute;o trước cho thu ng&acirc;n để xuất h&oacute;a đơn ri&ecirc;ng. Mọi trường hợp xuất chung h&oacute;a đơn với h&oacute;a đơn thanh to&aacute;n bằng Got It eGift , Lotte Mart sẽ từ chối giải quyết.</p>\r\n', '<p>Thật nhanh ch&oacute;ng v&agrave; dễ d&agrave;ng để gửi tặng những m&oacute;n qu&agrave; s&agrave;nh điệu với Qu&agrave; tặng Got It.&nbsp;</p>\r\n', 5392, NULL, '2024-06-26', 15000),
	(7, 1408, 'Thẻ Quà Tặng Đa Năng ', '<p>Qu&agrave; Tặng Got It được sử dụng dễ d&agrave;ng tại c&aacute;c cửa h&agrave;ng thuộc hệ thống đối t&aacute;c của Got It.&nbsp;</p>\r\n\r\n<p>C&ugrave;ng Got It thể hiện sự quan t&acirc;m với những m&oacute;n qu&agrave; đa dạng, chất lượng từ c&aacute;c thương hiệu uy t&iacute;n.</p>\r\n\r\n<p>Qu&agrave; Tặng Got It được &aacute;p dụng đồng thời chương tr&igrave;nh khuyến m&atilde;i tại:</p>\r\n\r\n<p>- Highlands Coffee, Ding Tea, Beard Papa&#39;s, Smoothie Factory, BreadTalk, The Sushi Bar, ThaiExpress, Ng&otilde;-Restaurant, Shabu Ya, Spice Temple, SumoBBQ, GoGi House, Kichi Kichi, Daruma, Ashima, iSushi, Ba Con Cừu, Osaka Osho, Itacho Ramen, Vuvuzela, K-Pub, Crystal Jade Kitchen, Cowboy&#39;s Jack, City Beer Station, Manwah, Hutong, Phố Ngon 37, Kintaro Udon, Magic Pan, Sừng Quăn, iCook, Shogun, Ho&agrave;ng Yến Buffet, Ho&agrave;ng Yến Buffet Premier, Ho&agrave;ng Yến Hot Pot, Stix, Taka, John Henry, Aino Sofia, Freelancer, Vera, Wow, Jockey, Ministop, 3Sach Food, Yves Rocher France, Lock&amp;Lock, Plus One.</p>\r\n\r\n<p>- Tous les Jours: &aacute;p dụng ưu đ&atilde;i, kh&ocirc;ng &aacute;p dụng khuyến m&atilde;i.</p>\r\n\r\n<p>- Baskin Robbins: kh&ocirc;ng &aacute;p dụng khuyến m&atilde;i v&agrave;o c&aacute;c ng&agrave;y Lễ, Tết.</p>\r\n\r\n<p>- Shop&amp;Go: &aacute;p dụng tất cả sản phẩm, ngoại trừ Phone Card/ Payoo/ Thuốc L&aacute;/ Rượu.</p>\r\n\r\n<p>- Ministop: &aacute;p dụng tất cả sản phẩm, trừ c&aacute;c sản phẩm của b&ecirc;n thứ 3.</p>\r\n\r\n<p>Qu&agrave; Tặng Got It kh&ocirc;ng được &aacute;p dụng khuyến m&atilde;i tại:</p>\r\n\r\n<p>- Ph&uacute;c Long, Catherine Denoual Maison, Glow Sky Bar, Urban Kitchen Bar, Shooz, Geox.</p>\r\n\r\n<p>Sử dụng tại Lotte Mart, vui l&ograve;ng lưu &yacute;:</p>\r\n\r\n<p>- Mỗi eGift chỉ sử dụng được 1 lần. Được &aacute;p dụng nhiều eGift tr&ecirc;n một ho&aacute; đơn nhưng kh&ocirc;ng &aacute;p dụng qu&aacute; 10 eGift (kh&ocirc;ng ph&acirc;n biệt mệnh gi&aacute;). Vui l&ograve;ng t&aacute;ch ho&aacute; đơn nếu muốn sử dụng nhiều hơn 10 eGift.</p>\r\n\r\n<p>- Lotte Mart kh&ocirc;ng nhận trả h&agrave;ng, kh&ocirc;ng hủy h&oacute;a đơn v&agrave; kh&ocirc;ng ho&agrave;n tiền cho những h&oacute;a đơn thanh to&aacute;n bằng Got It eGift.</p>\r\n\r\n<p>- Lotte Mart kh&ocirc;ng ho&agrave;n lại tiền thừa ch&ecirc;nh lệch giữa mệnh gi&aacute; eGift v&agrave; gi&aacute; trị h&oacute;a đơn.</p>\r\n\r\n<p>- Lotte Mart kh&ocirc;ng xuất h&oacute;a đơn cho những h&oacute;a đơn thanh to&aacute;n bằng Got It, kể cả với c&aacute;c h&igrave;nh thức thanh to&aacute;n kh&aacute;c như tiền mặt, thẻ ng&acirc;n h&agrave;ng...</p>\r\n\r\n<p>- Trong trường hợp kh&aacute;ch h&agrave;ng muốn xuất h&oacute;a đơn cho phần thanh to&aacute;n bằng c&aacute;c h&igrave;nh thức kh&aacute;c vui l&ograve;ng b&aacute;o trước cho thu ng&acirc;n để xuất h&oacute;a đơn ri&ecirc;ng. Mọi trường hợp xuất chung h&oacute;a đơn với h&oacute;a đơn thanh to&aacute;n bằng Got It eGift , Lotte Mart sẽ từ chối giải quyết.</p>\r\n', '<p>Thật nhanh ch&oacute;ng v&agrave; dễ d&agrave;ng để gửi tặng những m&oacute;n qu&agrave; s&agrave;nh điệu với Qu&agrave; tặng Got It.&nbsp;</p>\r\n', 2755, NULL, '2024-06-26', 20000),
	(8, 1408, 'Thẻ Quà Tặng Đa Năng ', '<p>Qu&agrave; Tặng Got It được sử dụng dễ d&agrave;ng tại c&aacute;c cửa h&agrave;ng thuộc hệ thống đối t&aacute;c của Got It.&nbsp;</p>\r\n\r\n<p>C&ugrave;ng Got It thể hiện sự quan t&acirc;m với những m&oacute;n qu&agrave; đa dạng, chất lượng từ c&aacute;c thương hiệu uy t&iacute;n.</p>\r\n\r\n<p>Qu&agrave; Tặng Got It được &aacute;p dụng đồng thời chương tr&igrave;nh khuyến m&atilde;i tại:</p>\r\n\r\n<p>- Highlands Coffee, Ding Tea, Beard Papa&#39;s, Smoothie Factory, BreadTalk, The Sushi Bar, ThaiExpress, Ng&otilde;-Restaurant, Shabu Ya, Spice Temple, SumoBBQ, GoGi House, Kichi Kichi, Daruma, Ashima, iSushi, Ba Con Cừu, Osaka Osho, Itacho Ramen, Vuvuzela, K-Pub, Crystal Jade Kitchen, Cowboy&#39;s Jack, City Beer Station, Manwah, Hutong, Phố Ngon 37, Kintaro Udon, Magic Pan, Sừng Quăn, iCook, Shogun, Ho&agrave;ng Yến Buffet, Ho&agrave;ng Yến Buffet Premier, Ho&agrave;ng Yến Hot Pot, Stix, Taka, John Henry, Aino Sofia, Freelancer, Vera, Wow, Jockey, Ministop, 3Sach Food, Yves Rocher France, Lock&amp;Lock, Plus One.</p>\r\n\r\n<p>- Tous les Jours: &aacute;p dụng ưu đ&atilde;i, kh&ocirc;ng &aacute;p dụng khuyến m&atilde;i.</p>\r\n\r\n<p>- Baskin Robbins: kh&ocirc;ng &aacute;p dụng khuyến m&atilde;i v&agrave;o c&aacute;c ng&agrave;y Lễ, Tết.</p>\r\n\r\n<p>- Shop&amp;Go: &aacute;p dụng tất cả sản phẩm, ngoại trừ Phone Card/ Payoo/ Thuốc L&aacute;/ Rượu.</p>\r\n\r\n<p>- Ministop: &aacute;p dụng tất cả sản phẩm, trừ c&aacute;c sản phẩm của b&ecirc;n thứ 3.</p>\r\n\r\n<p>Qu&agrave; Tặng Got It kh&ocirc;ng được &aacute;p dụng khuyến m&atilde;i tại:</p>\r\n\r\n<p>- Ph&uacute;c Long, Catherine Denoual Maison, Glow Sky Bar, Urban Kitchen Bar, Shooz, Geox.</p>\r\n\r\n<p>Sử dụng tại Lotte Mart, vui l&ograve;ng lưu &yacute;:</p>\r\n\r\n<p>- Mỗi eGift chỉ sử dụng được 1 lần. Được &aacute;p dụng nhiều eGift tr&ecirc;n một ho&aacute; đơn nhưng kh&ocirc;ng &aacute;p dụng qu&aacute; 10 eGift (kh&ocirc;ng ph&acirc;n biệt mệnh gi&aacute;). Vui l&ograve;ng t&aacute;ch ho&aacute; đơn nếu muốn sử dụng nhiều hơn 10 eGift.</p>\r\n\r\n<p>- Lotte Mart kh&ocirc;ng nhận trả h&agrave;ng, kh&ocirc;ng hủy h&oacute;a đơn v&agrave; kh&ocirc;ng ho&agrave;n tiền cho những h&oacute;a đơn thanh to&aacute;n bằng Got It eGift.</p>\r\n\r\n<p>- Lotte Mart kh&ocirc;ng ho&agrave;n lại tiền thừa ch&ecirc;nh lệch giữa mệnh gi&aacute; eGift v&agrave; gi&aacute; trị h&oacute;a đơn.</p>\r\n\r\n<p>- Lotte Mart kh&ocirc;ng xuất h&oacute;a đơn cho những h&oacute;a đơn thanh to&aacute;n bằng Got It, kể cả với c&aacute;c h&igrave;nh thức thanh to&aacute;n kh&aacute;c như tiền mặt, thẻ ng&acirc;n h&agrave;ng...</p>\r\n\r\n<p>- Trong trường hợp kh&aacute;ch h&agrave;ng muốn xuất h&oacute;a đơn cho phần thanh to&aacute;n bằng c&aacute;c h&igrave;nh thức kh&aacute;c vui l&ograve;ng b&aacute;o trước cho thu ng&acirc;n để xuất h&oacute;a đơn ri&ecirc;ng. Mọi trường hợp xuất chung h&oacute;a đơn với h&oacute;a đơn thanh to&aacute;n bằng Got It eGift , Lotte Mart sẽ từ chối giải quyết.</p>\r\n', '<p>Thật nhanh ch&oacute;ng v&agrave; dễ d&agrave;ng để gửi tặng những m&oacute;n qu&agrave; s&agrave;nh điệu với Qu&agrave; tặng Got It.&nbsp;</p>\r\n', 2769, NULL, '2024-06-26', 25000),
	(9, 1408, 'Thẻ Quà Tặng Đa Năng ', '<p>Qu&agrave; Tặng Got It được sử dụng dễ d&agrave;ng tại c&aacute;c cửa h&agrave;ng thuộc hệ thống đối t&aacute;c của Got It.&nbsp;</p>\r\n\r\n<p>C&ugrave;ng Got It thể hiện sự quan t&acirc;m với những m&oacute;n qu&agrave; đa dạng, chất lượng từ c&aacute;c thương hiệu uy t&iacute;n.</p>\r\n\r\n<p>Qu&agrave; Tặng Got It được &aacute;p dụng đồng thời chương tr&igrave;nh khuyến m&atilde;i tại:</p>\r\n\r\n<p>- Highlands Coffee, Ding Tea, Beard Papa&#39;s, Smoothie Factory, BreadTalk, The Sushi Bar, ThaiExpress, Ng&otilde;-Restaurant, Shabu Ya, Spice Temple, SumoBBQ, GoGi House, Kichi Kichi, Daruma, Ashima, iSushi, Ba Con Cừu, Osaka Osho, Itacho Ramen, Vuvuzela, K-Pub, Crystal Jade Kitchen, Cowboy&#39;s Jack, City Beer Station, Manwah, Hutong, Phố Ngon 37, Kintaro Udon, Magic Pan, Sừng Quăn, iCook, Shogun, Ho&agrave;ng Yến Buffet, Ho&agrave;ng Yến Buffet Premier, Ho&agrave;ng Yến Hot Pot, Stix, Taka, John Henry, Aino Sofia, Freelancer, Vera, Wow, Jockey, Ministop, 3Sach Food, Yves Rocher France, Lock&amp;Lock, Plus One.</p>\r\n\r\n<p>- Tous les Jours: &aacute;p dụng ưu đ&atilde;i, kh&ocirc;ng &aacute;p dụng khuyến m&atilde;i.</p>\r\n\r\n<p>- Baskin Robbins: kh&ocirc;ng &aacute;p dụng khuyến m&atilde;i v&agrave;o c&aacute;c ng&agrave;y Lễ, Tết.</p>\r\n\r\n<p>- Shop&amp;Go: &aacute;p dụng tất cả sản phẩm, ngoại trừ Phone Card/ Payoo/ Thuốc L&aacute;/ Rượu.</p>\r\n\r\n<p>- Ministop: &aacute;p dụng tất cả sản phẩm, trừ c&aacute;c sản phẩm của b&ecirc;n thứ 3.</p>\r\n\r\n<p>Qu&agrave; Tặng Got It kh&ocirc;ng được &aacute;p dụng khuyến m&atilde;i tại:</p>\r\n\r\n<p>- Ph&uacute;c Long, Catherine Denoual Maison, Glow Sky Bar, Urban Kitchen Bar, Shooz, Geox.</p>\r\n\r\n<p>Sử dụng tại Lotte Mart, vui l&ograve;ng lưu &yacute;:</p>\r\n\r\n<p>- Mỗi eGift chỉ sử dụng được 1 lần. Được &aacute;p dụng nhiều eGift tr&ecirc;n một ho&aacute; đơn nhưng kh&ocirc;ng &aacute;p dụng qu&aacute; 10 eGift (kh&ocirc;ng ph&acirc;n biệt mệnh gi&aacute;). Vui l&ograve;ng t&aacute;ch ho&aacute; đơn nếu muốn sử dụng nhiều hơn 10 eGift.</p>\r\n\r\n<p>- Lotte Mart kh&ocirc;ng nhận trả h&agrave;ng, kh&ocirc;ng hủy h&oacute;a đơn v&agrave; kh&ocirc;ng ho&agrave;n tiền cho những h&oacute;a đơn thanh to&aacute;n bằng Got It eGift.</p>\r\n\r\n<p>- Lotte Mart kh&ocirc;ng ho&agrave;n lại tiền thừa ch&ecirc;nh lệch giữa mệnh gi&aacute; eGift v&agrave; gi&aacute; trị h&oacute;a đơn.</p>\r\n\r\n<p>- Lotte Mart kh&ocirc;ng xuất h&oacute;a đơn cho những h&oacute;a đơn thanh to&aacute;n bằng Got It, kể cả với c&aacute;c h&igrave;nh thức thanh to&aacute;n kh&aacute;c như tiền mặt, thẻ ng&acirc;n h&agrave;ng...</p>\r\n\r\n<p>- Trong trường hợp kh&aacute;ch h&agrave;ng muốn xuất h&oacute;a đơn cho phần thanh to&aacute;n bằng c&aacute;c h&igrave;nh thức kh&aacute;c vui l&ograve;ng b&aacute;o trước cho thu ng&acirc;n để xuất h&oacute;a đơn ri&ecirc;ng. Mọi trường hợp xuất chung h&oacute;a đơn với h&oacute;a đơn thanh to&aacute;n bằng Got It eGift , Lotte Mart sẽ từ chối giải quyết.</p>\r\n', '<p>Thật nhanh ch&oacute;ng v&agrave; dễ d&agrave;ng để gửi tặng những m&oacute;n qu&agrave; s&agrave;nh điệu với Qu&agrave; tặng Got It.&nbsp;</p>\r\n', 2761, NULL, '2024-06-26', 29000),
	(10, 1408, 'Thẻ Quà Tặng Đa Năng ', '<p>Qu&agrave; Tặng Got It được sử dụng dễ d&agrave;ng tại c&aacute;c cửa h&agrave;ng thuộc hệ thống đối t&aacute;c của Got It.&nbsp;</p>\r\n\r\n<p>C&ugrave;ng Got It thể hiện sự quan t&acirc;m với những m&oacute;n qu&agrave; đa dạng, chất lượng từ c&aacute;c thương hiệu uy t&iacute;n.</p>\r\n\r\n<p>Qu&agrave; Tặng Got It được &aacute;p dụng đồng thời chương tr&igrave;nh khuyến m&atilde;i tại:</p>\r\n\r\n<p>- Highlands Coffee, Ding Tea, Beard Papa&#39;s, Smoothie Factory, BreadTalk, The Sushi Bar, ThaiExpress, Ng&otilde;-Restaurant, Shabu Ya, Spice Temple, SumoBBQ, GoGi House, Kichi Kichi, Daruma, Ashima, iSushi, Ba Con Cừu, Osaka Osho, Itacho Ramen, Vuvuzela, K-Pub, Crystal Jade Kitchen, Cowboy&#39;s Jack, City Beer Station, Manwah, Hutong, Phố Ngon 37, Kintaro Udon, Magic Pan, Sừng Quăn, iCook, Shogun, Ho&agrave;ng Yến Buffet, Ho&agrave;ng Yến Buffet Premier, Ho&agrave;ng Yến Hot Pot, Stix, Taka, John Henry, Aino Sofia, Freelancer, Vera, Wow, Jockey, Ministop, 3Sach Food, Yves Rocher France, Lock&amp;Lock, Plus One.</p>\r\n\r\n<p>- Tous les Jours: &aacute;p dụng ưu đ&atilde;i, kh&ocirc;ng &aacute;p dụng khuyến m&atilde;i.</p>\r\n\r\n<p>- Baskin Robbins: kh&ocirc;ng &aacute;p dụng khuyến m&atilde;i v&agrave;o c&aacute;c ng&agrave;y Lễ, Tết.</p>\r\n\r\n<p>- Shop&amp;Go: &aacute;p dụng tất cả sản phẩm, ngoại trừ Phone Card/ Payoo/ Thuốc L&aacute;/ Rượu.</p>\r\n\r\n<p>- Ministop: &aacute;p dụng tất cả sản phẩm, trừ c&aacute;c sản phẩm của b&ecirc;n thứ 3.</p>\r\n\r\n<p>Qu&agrave; Tặng Got It kh&ocirc;ng được &aacute;p dụng khuyến m&atilde;i tại:</p>\r\n\r\n<p>- Ph&uacute;c Long, Catherine Denoual Maison, Glow Sky Bar, Urban Kitchen Bar, Shooz, Geox.</p>\r\n\r\n<p>Sử dụng tại Lotte Mart, vui l&ograve;ng lưu &yacute;:</p>\r\n\r\n<p>- Mỗi eGift chỉ sử dụng được 1 lần. Được &aacute;p dụng nhiều eGift tr&ecirc;n một ho&aacute; đơn nhưng kh&ocirc;ng &aacute;p dụng qu&aacute; 10 eGift (kh&ocirc;ng ph&acirc;n biệt mệnh gi&aacute;). Vui l&ograve;ng t&aacute;ch ho&aacute; đơn nếu muốn sử dụng nhiều hơn 10 eGift.</p>\r\n\r\n<p>- Lotte Mart kh&ocirc;ng nhận trả h&agrave;ng, kh&ocirc;ng hủy h&oacute;a đơn v&agrave; kh&ocirc;ng ho&agrave;n tiền cho những h&oacute;a đơn thanh to&aacute;n bằng Got It eGift.</p>\r\n\r\n<p>- Lotte Mart kh&ocirc;ng ho&agrave;n lại tiền thừa ch&ecirc;nh lệch giữa mệnh gi&aacute; eGift v&agrave; gi&aacute; trị h&oacute;a đơn.</p>\r\n\r\n<p>- Lotte Mart kh&ocirc;ng xuất h&oacute;a đơn cho những h&oacute;a đơn thanh to&aacute;n bằng Got It, kể cả với c&aacute;c h&igrave;nh thức thanh to&aacute;n kh&aacute;c như tiền mặt, thẻ ng&acirc;n h&agrave;ng...</p>\r\n\r\n<p>- Trong trường hợp kh&aacute;ch h&agrave;ng muốn xuất h&oacute;a đơn cho phần thanh to&aacute;n bằng c&aacute;c h&igrave;nh thức kh&aacute;c vui l&ograve;ng b&aacute;o trước cho thu ng&acirc;n để xuất h&oacute;a đơn ri&ecirc;ng. Mọi trường hợp xuất chung h&oacute;a đơn với h&oacute;a đơn thanh to&aacute;n bằng Got It eGift , Lotte Mart sẽ từ chối giải quyết.</p>\r\n', '<p>Thật nhanh ch&oacute;ng v&agrave; dễ d&agrave;ng để gửi tặng những m&oacute;n qu&agrave; s&agrave;nh điệu với Qu&agrave; tặng Got It.&nbsp;</p>\r\n', 21330, NULL, '2024-06-26', 30000),
	(11, 1408, 'Thẻ Quà Tặng Đa Năng ', '<p>Qu&agrave; Tặng Got It được sử dụng dễ d&agrave;ng tại c&aacute;c cửa h&agrave;ng thuộc hệ thống đối t&aacute;c của Got It.&nbsp;</p>\r\n\r\n<p>C&ugrave;ng Got It thể hiện sự quan t&acirc;m với những m&oacute;n qu&agrave; đa dạng, chất lượng từ c&aacute;c thương hiệu uy t&iacute;n.</p>\r\n\r\n<p>Qu&agrave; Tặng Got It được &aacute;p dụng đồng thời chương tr&igrave;nh khuyến m&atilde;i tại:</p>\r\n\r\n<p>- Highlands Coffee, Ding Tea, Beard Papa&#39;s, Smoothie Factory, BreadTalk, The Sushi Bar, ThaiExpress, Ng&otilde;-Restaurant, Shabu Ya, Spice Temple, SumoBBQ, GoGi House, Kichi Kichi, Daruma, Ashima, iSushi, Ba Con Cừu, Osaka Osho, Itacho Ramen, Vuvuzela, K-Pub, Crystal Jade Kitchen, Cowboy&#39;s Jack, City Beer Station, Manwah, Hutong, Phố Ngon 37, Kintaro Udon, Magic Pan, Sừng Quăn, iCook, Shogun, Ho&agrave;ng Yến Buffet, Ho&agrave;ng Yến Buffet Premier, Ho&agrave;ng Yến Hot Pot, Stix, Taka, John Henry, Aino Sofia, Freelancer, Vera, Wow, Jockey, Ministop, 3Sach Food, Yves Rocher France, Lock&amp;Lock, Plus One.</p>\r\n\r\n<p>- Tous les Jours: &aacute;p dụng ưu đ&atilde;i, kh&ocirc;ng &aacute;p dụng khuyến m&atilde;i.</p>\r\n\r\n<p>- Baskin Robbins: kh&ocirc;ng &aacute;p dụng khuyến m&atilde;i v&agrave;o c&aacute;c ng&agrave;y Lễ, Tết.</p>\r\n\r\n<p>- Shop&amp;Go: &aacute;p dụng tất cả sản phẩm, ngoại trừ Phone Card/ Payoo/ Thuốc L&aacute;/ Rượu.</p>\r\n\r\n<p>- Ministop: &aacute;p dụng tất cả sản phẩm, trừ c&aacute;c sản phẩm của b&ecirc;n thứ 3.</p>\r\n\r\n<p>Qu&agrave; Tặng Got It kh&ocirc;ng được &aacute;p dụng khuyến m&atilde;i tại:</p>\r\n\r\n<p>- Ph&uacute;c Long, Catherine Denoual Maison, Glow Sky Bar, Urban Kitchen Bar, Shooz, Geox.</p>\r\n\r\n<p>Sử dụng tại Lotte Mart, vui l&ograve;ng lưu &yacute;:</p>\r\n\r\n<p>- Mỗi eGift chỉ sử dụng được 1 lần. Được &aacute;p dụng nhiều eGift tr&ecirc;n một ho&aacute; đơn nhưng kh&ocirc;ng &aacute;p dụng qu&aacute; 10 eGift (kh&ocirc;ng ph&acirc;n biệt mệnh gi&aacute;). Vui l&ograve;ng t&aacute;ch ho&aacute; đơn nếu muốn sử dụng nhiều hơn 10 eGift.</p>\r\n\r\n<p>- Lotte Mart kh&ocirc;ng nhận trả h&agrave;ng, kh&ocirc;ng hủy h&oacute;a đơn v&agrave; kh&ocirc;ng ho&agrave;n tiền cho những h&oacute;a đơn thanh to&aacute;n bằng Got It eGift.</p>\r\n\r\n<p>- Lotte Mart kh&ocirc;ng ho&agrave;n lại tiền thừa ch&ecirc;nh lệch giữa mệnh gi&aacute; eGift v&agrave; gi&aacute; trị h&oacute;a đơn.</p>\r\n\r\n<p>- Lotte Mart kh&ocirc;ng xuất h&oacute;a đơn cho những h&oacute;a đơn thanh to&aacute;n bằng Got It, kể cả với c&aacute;c h&igrave;nh thức thanh to&aacute;n kh&aacute;c như tiền mặt, thẻ ng&acirc;n h&agrave;ng...</p>\r\n\r\n<p>- Trong trường hợp kh&aacute;ch h&agrave;ng muốn xuất h&oacute;a đơn cho phần thanh to&aacute;n bằng c&aacute;c h&igrave;nh thức kh&aacute;c vui l&ograve;ng b&aacute;o trước cho thu ng&acirc;n để xuất h&oacute;a đơn ri&ecirc;ng. Mọi trường hợp xuất chung h&oacute;a đơn với h&oacute;a đơn thanh to&aacute;n bằng Got It eGift , Lotte Mart sẽ từ chối giải quyết.</p>\r\n', '<p>Thật nhanh ch&oacute;ng v&agrave; dễ d&agrave;ng để gửi tặng những m&oacute;n qu&agrave; s&agrave;nh điệu với Qu&agrave; tặng Got It.&nbsp;</p>\r\n', 5783, NULL, '2024-06-26', 35000),
	(12, 1408, 'Thẻ Quà Tặng Đa Năng ', '<p>Qu&agrave; Tặng Got It được sử dụng dễ d&agrave;ng tại c&aacute;c cửa h&agrave;ng thuộc hệ thống đối t&aacute;c của Got It.&nbsp;</p>\r\n\r\n<p>C&ugrave;ng Got It thể hiện sự quan t&acirc;m với những m&oacute;n qu&agrave; đa dạng, chất lượng từ c&aacute;c thương hiệu uy t&iacute;n.</p>\r\n\r\n<p>Qu&agrave; Tặng Got It được &aacute;p dụng đồng thời chương tr&igrave;nh khuyến m&atilde;i tại:</p>\r\n\r\n<p>- Highlands Coffee, Ding Tea, Beard Papa&#39;s, Smoothie Factory, BreadTalk, The Sushi Bar, ThaiExpress, Ng&otilde;-Restaurant, Shabu Ya, Spice Temple, SumoBBQ, GoGi House, Kichi Kichi, Daruma, Ashima, iSushi, Ba Con Cừu, Osaka Osho, Itacho Ramen, Vuvuzela, K-Pub, Crystal Jade Kitchen, Cowboy&#39;s Jack, City Beer Station, Manwah, Hutong, Phố Ngon 37, Kintaro Udon, Magic Pan, Sừng Quăn, iCook, Shogun, Ho&agrave;ng Yến Buffet, Ho&agrave;ng Yến Buffet Premier, Ho&agrave;ng Yến Hot Pot, Stix, Taka, John Henry, Aino Sofia, Freelancer, Vera, Wow, Jockey, Ministop, 3Sach Food, Yves Rocher France, Lock&amp;Lock, Plus One.</p>\r\n\r\n<p>- Tous les Jours: &aacute;p dụng ưu đ&atilde;i, kh&ocirc;ng &aacute;p dụng khuyến m&atilde;i.</p>\r\n\r\n<p>- Baskin Robbins: kh&ocirc;ng &aacute;p dụng khuyến m&atilde;i v&agrave;o c&aacute;c ng&agrave;y Lễ, Tết.</p>\r\n\r\n<p>- Shop&amp;Go: &aacute;p dụng tất cả sản phẩm, ngoại trừ Phone Card/ Payoo/ Thuốc L&aacute;/ Rượu.</p>\r\n\r\n<p>- Ministop: &aacute;p dụng tất cả sản phẩm, trừ c&aacute;c sản phẩm của b&ecirc;n thứ 3.</p>\r\n\r\n<p>Qu&agrave; Tặng Got It kh&ocirc;ng được &aacute;p dụng khuyến m&atilde;i tại:</p>\r\n\r\n<p>- Ph&uacute;c Long, Catherine Denoual Maison, Glow Sky Bar, Urban Kitchen Bar, Shooz, Geox.</p>\r\n\r\n<p>Sử dụng tại Lotte Mart, vui l&ograve;ng lưu &yacute;:</p>\r\n\r\n<p>- Mỗi eGift chỉ sử dụng được 1 lần. Được &aacute;p dụng nhiều eGift tr&ecirc;n một ho&aacute; đơn nhưng kh&ocirc;ng &aacute;p dụng qu&aacute; 10 eGift (kh&ocirc;ng ph&acirc;n biệt mệnh gi&aacute;). Vui l&ograve;ng t&aacute;ch ho&aacute; đơn nếu muốn sử dụng nhiều hơn 10 eGift.</p>\r\n\r\n<p>- Lotte Mart kh&ocirc;ng nhận trả h&agrave;ng, kh&ocirc;ng hủy h&oacute;a đơn v&agrave; kh&ocirc;ng ho&agrave;n tiền cho những h&oacute;a đơn thanh to&aacute;n bằng Got It eGift.</p>\r\n\r\n<p>- Lotte Mart kh&ocirc;ng ho&agrave;n lại tiền thừa ch&ecirc;nh lệch giữa mệnh gi&aacute; eGift v&agrave; gi&aacute; trị h&oacute;a đơn.</p>\r\n\r\n<p>- Lotte Mart kh&ocirc;ng xuất h&oacute;a đơn cho những h&oacute;a đơn thanh to&aacute;n bằng Got It, kể cả với c&aacute;c h&igrave;nh thức thanh to&aacute;n kh&aacute;c như tiền mặt, thẻ ng&acirc;n h&agrave;ng...</p>\r\n\r\n<p>- Trong trường hợp kh&aacute;ch h&agrave;ng muốn xuất h&oacute;a đơn cho phần thanh to&aacute;n bằng c&aacute;c h&igrave;nh thức kh&aacute;c vui l&ograve;ng b&aacute;o trước cho thu ng&acirc;n để xuất h&oacute;a đơn ri&ecirc;ng. Mọi trường hợp xuất chung h&oacute;a đơn với h&oacute;a đơn thanh to&aacute;n bằng Got It eGift , Lotte Mart sẽ từ chối giải quyết.</p>\r\n', '<p>Thật nhanh ch&oacute;ng v&agrave; dễ d&agrave;ng để gửi tặng những m&oacute;n qu&agrave; s&agrave;nh điệu với Qu&agrave; tặng Got It.&nbsp;</p>\r\n', 35256, NULL, '2024-06-26', 40000),
	(13, 1408, 'Thẻ Quà Tặng Đa Năng ', '<p>Qu&agrave; Tặng Got It được sử dụng dễ d&agrave;ng tại c&aacute;c cửa h&agrave;ng thuộc hệ thống đối t&aacute;c của Got It.&nbsp;</p>\r\n\r\n<p>C&ugrave;ng Got It thể hiện sự quan t&acirc;m với những m&oacute;n qu&agrave; đa dạng, chất lượng từ c&aacute;c thương hiệu uy t&iacute;n.</p>\r\n\r\n<p>Qu&agrave; Tặng Got It được &aacute;p dụng đồng thời chương tr&igrave;nh khuyến m&atilde;i tại:</p>\r\n\r\n<p>- Highlands Coffee, Ding Tea, Beard Papa&#39;s, Smoothie Factory, BreadTalk, The Sushi Bar, ThaiExpress, Ng&otilde;-Restaurant, Shabu Ya, Spice Temple, SumoBBQ, GoGi House, Kichi Kichi, Daruma, Ashima, iSushi, Ba Con Cừu, Osaka Osho, Itacho Ramen, Vuvuzela, K-Pub, Crystal Jade Kitchen, Cowboy&#39;s Jack, City Beer Station, Manwah, Hutong, Phố Ngon 37, Kintaro Udon, Magic Pan, Sừng Quăn, iCook, Shogun, Ho&agrave;ng Yến Buffet, Ho&agrave;ng Yến Buffet Premier, Ho&agrave;ng Yến Hot Pot, Stix, Taka, John Henry, Aino Sofia, Freelancer, Vera, Wow, Jockey, Ministop, 3Sach Food, Yves Rocher France, Lock&amp;Lock, Plus One.</p>\r\n\r\n<p>- Tous les Jours: &aacute;p dụng ưu đ&atilde;i, kh&ocirc;ng &aacute;p dụng khuyến m&atilde;i.</p>\r\n\r\n<p>- Baskin Robbins: kh&ocirc;ng &aacute;p dụng khuyến m&atilde;i v&agrave;o c&aacute;c ng&agrave;y Lễ, Tết.</p>\r\n\r\n<p>- Shop&amp;Go: &aacute;p dụng tất cả sản phẩm, ngoại trừ Phone Card/ Payoo/ Thuốc L&aacute;/ Rượu.</p>\r\n\r\n<p>- Ministop: &aacute;p dụng tất cả sản phẩm, trừ c&aacute;c sản phẩm của b&ecirc;n thứ 3.</p>\r\n\r\n<p>Qu&agrave; Tặng Got It kh&ocirc;ng được &aacute;p dụng khuyến m&atilde;i tại:</p>\r\n\r\n<p>- Ph&uacute;c Long, Catherine Denoual Maison, Glow Sky Bar, Urban Kitchen Bar, Shooz, Geox.</p>\r\n\r\n<p>Sử dụng tại Lotte Mart, vui l&ograve;ng lưu &yacute;:</p>\r\n\r\n<p>- Mỗi eGift chỉ sử dụng được 1 lần. Được &aacute;p dụng nhiều eGift tr&ecirc;n một ho&aacute; đơn nhưng kh&ocirc;ng &aacute;p dụng qu&aacute; 10 eGift (kh&ocirc;ng ph&acirc;n biệt mệnh gi&aacute;). Vui l&ograve;ng t&aacute;ch ho&aacute; đơn nếu muốn sử dụng nhiều hơn 10 eGift.</p>\r\n\r\n<p>- Lotte Mart kh&ocirc;ng nhận trả h&agrave;ng, kh&ocirc;ng hủy h&oacute;a đơn v&agrave; kh&ocirc;ng ho&agrave;n tiền cho những h&oacute;a đơn thanh to&aacute;n bằng Got It eGift.</p>\r\n\r\n<p>- Lotte Mart kh&ocirc;ng ho&agrave;n lại tiền thừa ch&ecirc;nh lệch giữa mệnh gi&aacute; eGift v&agrave; gi&aacute; trị h&oacute;a đơn.</p>\r\n\r\n<p>- Lotte Mart kh&ocirc;ng xuất h&oacute;a đơn cho những h&oacute;a đơn thanh to&aacute;n bằng Got It, kể cả với c&aacute;c h&igrave;nh thức thanh to&aacute;n kh&aacute;c như tiền mặt, thẻ ng&acirc;n h&agrave;ng...</p>\r\n\r\n<p>- Trong trường hợp kh&aacute;ch h&agrave;ng muốn xuất h&oacute;a đơn cho phần thanh to&aacute;n bằng c&aacute;c h&igrave;nh thức kh&aacute;c vui l&ograve;ng b&aacute;o trước cho thu ng&acirc;n để xuất h&oacute;a đơn ri&ecirc;ng. Mọi trường hợp xuất chung h&oacute;a đơn với h&oacute;a đơn thanh to&aacute;n bằng Got It eGift , Lotte Mart sẽ từ chối giải quyết.</p>\r\n', '<p>Thật nhanh ch&oacute;ng v&agrave; dễ d&agrave;ng để gửi tặng những m&oacute;n qu&agrave; s&agrave;nh điệu với Qu&agrave; tặng Got It.&nbsp;</p>\r\n', 5754, NULL, '2024-06-26', 45000),
	(14, 1408, 'Thẻ Quà Tặng Đa Năng ', '<p>Qu&agrave; Tặng Got It được sử dụng dễ d&agrave;ng tại c&aacute;c cửa h&agrave;ng thuộc hệ thống đối t&aacute;c của Got It.&nbsp;</p>\r\n\r\n<p>C&ugrave;ng Got It thể hiện sự quan t&acirc;m với những m&oacute;n qu&agrave; đa dạng, chất lượng từ c&aacute;c thương hiệu uy t&iacute;n.</p>\r\n\r\n<p>Qu&agrave; Tặng Got It được &aacute;p dụng đồng thời chương tr&igrave;nh khuyến m&atilde;i tại:</p>\r\n\r\n<p>- Highlands Coffee, Ding Tea, Beard Papa&#39;s, Smoothie Factory, BreadTalk, The Sushi Bar, ThaiExpress, Ng&otilde;-Restaurant, Shabu Ya, Spice Temple, SumoBBQ, GoGi House, Kichi Kichi, Daruma, Ashima, iSushi, Ba Con Cừu, Osaka Osho, Itacho Ramen, Vuvuzela, K-Pub, Crystal Jade Kitchen, Cowboy&#39;s Jack, City Beer Station, Manwah, Hutong, Phố Ngon 37, Kintaro Udon, Magic Pan, Sừng Quăn, iCook, Shogun, Ho&agrave;ng Yến Buffet, Ho&agrave;ng Yến Buffet Premier, Ho&agrave;ng Yến Hot Pot, Stix, Taka, John Henry, Aino Sofia, Freelancer, Vera, Wow, Jockey, Ministop, 3Sach Food, Yves Rocher France, Lock&amp;Lock, Plus One.</p>\r\n\r\n<p>- Tous les Jours: &aacute;p dụng ưu đ&atilde;i, kh&ocirc;ng &aacute;p dụng khuyến m&atilde;i.</p>\r\n\r\n<p>- Baskin Robbins: kh&ocirc;ng &aacute;p dụng khuyến m&atilde;i v&agrave;o c&aacute;c ng&agrave;y Lễ, Tết.</p>\r\n\r\n<p>- Shop&amp;Go: &aacute;p dụng tất cả sản phẩm, ngoại trừ Phone Card/ Payoo/ Thuốc L&aacute;/ Rượu.</p>\r\n\r\n<p>- Ministop: &aacute;p dụng tất cả sản phẩm, trừ c&aacute;c sản phẩm của b&ecirc;n thứ 3.</p>\r\n\r\n<p>Qu&agrave; Tặng Got It kh&ocirc;ng được &aacute;p dụng khuyến m&atilde;i tại:</p>\r\n\r\n<p>- Ph&uacute;c Long, Catherine Denoual Maison, Glow Sky Bar, Urban Kitchen Bar, Shooz, Geox.</p>\r\n\r\n<p>Sử dụng tại Lotte Mart, vui l&ograve;ng lưu &yacute;:</p>\r\n\r\n<p>- Mỗi eGift chỉ sử dụng được 1 lần. Được &aacute;p dụng nhiều eGift tr&ecirc;n một ho&aacute; đơn nhưng kh&ocirc;ng &aacute;p dụng qu&aacute; 10 eGift (kh&ocirc;ng ph&acirc;n biệt mệnh gi&aacute;). Vui l&ograve;ng t&aacute;ch ho&aacute; đơn nếu muốn sử dụng nhiều hơn 10 eGift.</p>\r\n\r\n<p>- Lotte Mart kh&ocirc;ng nhận trả h&agrave;ng, kh&ocirc;ng hủy h&oacute;a đơn v&agrave; kh&ocirc;ng ho&agrave;n tiền cho những h&oacute;a đơn thanh to&aacute;n bằng Got It eGift.</p>\r\n\r\n<p>- Lotte Mart kh&ocirc;ng ho&agrave;n lại tiền thừa ch&ecirc;nh lệch giữa mệnh gi&aacute; eGift v&agrave; gi&aacute; trị h&oacute;a đơn.</p>\r\n\r\n<p>- Lotte Mart kh&ocirc;ng xuất h&oacute;a đơn cho những h&oacute;a đơn thanh to&aacute;n bằng Got It, kể cả với c&aacute;c h&igrave;nh thức thanh to&aacute;n kh&aacute;c như tiền mặt, thẻ ng&acirc;n h&agrave;ng...</p>\r\n\r\n<p>- Trong trường hợp kh&aacute;ch h&agrave;ng muốn xuất h&oacute;a đơn cho phần thanh to&aacute;n bằng c&aacute;c h&igrave;nh thức kh&aacute;c vui l&ograve;ng b&aacute;o trước cho thu ng&acirc;n để xuất h&oacute;a đơn ri&ecirc;ng. Mọi trường hợp xuất chung h&oacute;a đơn với h&oacute;a đơn thanh to&aacute;n bằng Got It eGift , Lotte Mart sẽ từ chối giải quyết.</p>\r\n', '<p>Thật nhanh ch&oacute;ng v&agrave; dễ d&agrave;ng để gửi tặng những m&oacute;n qu&agrave; s&agrave;nh điệu với Qu&agrave; tặng Got It.&nbsp;</p>\r\n', 2710, NULL, '2024-06-26', 50000),
	(15, 1408, 'Thẻ Quà Tặng Đa Năng ', '<p>Qu&agrave; Tặng Got It được sử dụng dễ d&agrave;ng tại c&aacute;c cửa h&agrave;ng thuộc hệ thống đối t&aacute;c của Got It.&nbsp;</p>\r\n\r\n<p>C&ugrave;ng Got It thể hiện sự quan t&acirc;m với những m&oacute;n qu&agrave; đa dạng, chất lượng từ c&aacute;c thương hiệu uy t&iacute;n.</p>\r\n\r\n<p>Qu&agrave; Tặng Got It được &aacute;p dụng đồng thời chương tr&igrave;nh khuyến m&atilde;i tại:</p>\r\n\r\n<p>- Highlands Coffee, Ding Tea, Beard Papa&#39;s, Smoothie Factory, BreadTalk, The Sushi Bar, ThaiExpress, Ng&otilde;-Restaurant, Shabu Ya, Spice Temple, SumoBBQ, GoGi House, Kichi Kichi, Daruma, Ashima, iSushi, Ba Con Cừu, Osaka Osho, Itacho Ramen, Vuvuzela, K-Pub, Crystal Jade Kitchen, Cowboy&#39;s Jack, City Beer Station, Manwah, Hutong, Phố Ngon 37, Kintaro Udon, Magic Pan, Sừng Quăn, iCook, Shogun, Ho&agrave;ng Yến Buffet, Ho&agrave;ng Yến Buffet Premier, Ho&agrave;ng Yến Hot Pot, Stix, Taka, John Henry, Aino Sofia, Freelancer, Vera, Wow, Jockey, Ministop, 3Sach Food, Yves Rocher France, Lock&amp;Lock, Plus One.</p>\r\n\r\n<p>- Tous les Jours: &aacute;p dụng ưu đ&atilde;i, kh&ocirc;ng &aacute;p dụng khuyến m&atilde;i.</p>\r\n\r\n<p>- Baskin Robbins: kh&ocirc;ng &aacute;p dụng khuyến m&atilde;i v&agrave;o c&aacute;c ng&agrave;y Lễ, Tết.</p>\r\n\r\n<p>- Shop&amp;Go: &aacute;p dụng tất cả sản phẩm, ngoại trừ Phone Card/ Payoo/ Thuốc L&aacute;/ Rượu.</p>\r\n\r\n<p>- Ministop: &aacute;p dụng tất cả sản phẩm, trừ c&aacute;c sản phẩm của b&ecirc;n thứ 3.</p>\r\n\r\n<p>Qu&agrave; Tặng Got It kh&ocirc;ng được &aacute;p dụng khuyến m&atilde;i tại:</p>\r\n\r\n<p>- Ph&uacute;c Long, Catherine Denoual Maison, Glow Sky Bar, Urban Kitchen Bar, Shooz, Geox.</p>\r\n\r\n<p>Sử dụng tại Lotte Mart, vui l&ograve;ng lưu &yacute;:</p>\r\n\r\n<p>- Mỗi eGift chỉ sử dụng được 1 lần. Được &aacute;p dụng nhiều eGift tr&ecirc;n một ho&aacute; đơn nhưng kh&ocirc;ng &aacute;p dụng qu&aacute; 10 eGift (kh&ocirc;ng ph&acirc;n biệt mệnh gi&aacute;). Vui l&ograve;ng t&aacute;ch ho&aacute; đơn nếu muốn sử dụng nhiều hơn 10 eGift.</p>\r\n\r\n<p>- Lotte Mart kh&ocirc;ng nhận trả h&agrave;ng, kh&ocirc;ng hủy h&oacute;a đơn v&agrave; kh&ocirc;ng ho&agrave;n tiền cho những h&oacute;a đơn thanh to&aacute;n bằng Got It eGift.</p>\r\n\r\n<p>- Lotte Mart kh&ocirc;ng ho&agrave;n lại tiền thừa ch&ecirc;nh lệch giữa mệnh gi&aacute; eGift v&agrave; gi&aacute; trị h&oacute;a đơn.</p>\r\n\r\n<p>- Lotte Mart kh&ocirc;ng xuất h&oacute;a đơn cho những h&oacute;a đơn thanh to&aacute;n bằng Got It, kể cả với c&aacute;c h&igrave;nh thức thanh to&aacute;n kh&aacute;c như tiền mặt, thẻ ng&acirc;n h&agrave;ng...</p>\r\n\r\n<p>- Trong trường hợp kh&aacute;ch h&agrave;ng muốn xuất h&oacute;a đơn cho phần thanh to&aacute;n bằng c&aacute;c h&igrave;nh thức kh&aacute;c vui l&ograve;ng b&aacute;o trước cho thu ng&acirc;n để xuất h&oacute;a đơn ri&ecirc;ng. Mọi trường hợp xuất chung h&oacute;a đơn với h&oacute;a đơn thanh to&aacute;n bằng Got It eGift , Lotte Mart sẽ từ chối giải quyết.</p>\r\n', '<p>Thật nhanh ch&oacute;ng v&agrave; dễ d&agrave;ng để gửi tặng những m&oacute;n qu&agrave; s&agrave;nh điệu với Qu&agrave; tặng Got It.&nbsp;</p>\r\n', 11776, NULL, '2024-06-26', 65000),
	(16, 1408, 'Thẻ Quà Tặng Đa Năng ', '<p>Qu&agrave; Tặng Got It được sử dụng dễ d&agrave;ng tại c&aacute;c cửa h&agrave;ng thuộc hệ thống đối t&aacute;c của Got It.&nbsp;</p>\r\n\r\n<p>C&ugrave;ng Got It thể hiện sự quan t&acirc;m với những m&oacute;n qu&agrave; đa dạng, chất lượng từ c&aacute;c thương hiệu uy t&iacute;n.</p>\r\n\r\n<p>Qu&agrave; Tặng Got It được &aacute;p dụng đồng thời chương tr&igrave;nh khuyến m&atilde;i tại:</p>\r\n\r\n<p>- Highlands Coffee, Ding Tea, Beard Papa&#39;s, Smoothie Factory, BreadTalk, The Sushi Bar, ThaiExpress, Ng&otilde;-Restaurant, Shabu Ya, Spice Temple, SumoBBQ, GoGi House, Kichi Kichi, Daruma, Ashima, iSushi, Ba Con Cừu, Osaka Osho, Itacho Ramen, Vuvuzela, K-Pub, Crystal Jade Kitchen, Cowboy&#39;s Jack, City Beer Station, Manwah, Hutong, Phố Ngon 37, Kintaro Udon, Magic Pan, Sừng Quăn, iCook, Shogun, Ho&agrave;ng Yến Buffet, Ho&agrave;ng Yến Buffet Premier, Ho&agrave;ng Yến Hot Pot, Stix, Taka, John Henry, Aino Sofia, Freelancer, Vera, Wow, Jockey, Ministop, 3Sach Food, Yves Rocher France, Lock&amp;Lock, Plus One.</p>\r\n\r\n<p>- Tous les Jours: &aacute;p dụng ưu đ&atilde;i, kh&ocirc;ng &aacute;p dụng khuyến m&atilde;i.</p>\r\n\r\n<p>- Baskin Robbins: kh&ocirc;ng &aacute;p dụng khuyến m&atilde;i v&agrave;o c&aacute;c ng&agrave;y Lễ, Tết.</p>\r\n\r\n<p>- Shop&amp;Go: &aacute;p dụng tất cả sản phẩm, ngoại trừ Phone Card/ Payoo/ Thuốc L&aacute;/ Rượu.</p>\r\n\r\n<p>- Ministop: &aacute;p dụng tất cả sản phẩm, trừ c&aacute;c sản phẩm của b&ecirc;n thứ 3.</p>\r\n\r\n<p>Qu&agrave; Tặng Got It kh&ocirc;ng được &aacute;p dụng khuyến m&atilde;i tại:</p>\r\n\r\n<p>- Ph&uacute;c Long, Catherine Denoual Maison, Glow Sky Bar, Urban Kitchen Bar, Shooz, Geox.</p>\r\n\r\n<p>Sử dụng tại Lotte Mart, vui l&ograve;ng lưu &yacute;:</p>\r\n\r\n<p>- Mỗi eGift chỉ sử dụng được 1 lần. Được &aacute;p dụng nhiều eGift tr&ecirc;n một ho&aacute; đơn nhưng kh&ocirc;ng &aacute;p dụng qu&aacute; 10 eGift (kh&ocirc;ng ph&acirc;n biệt mệnh gi&aacute;). Vui l&ograve;ng t&aacute;ch ho&aacute; đơn nếu muốn sử dụng nhiều hơn 10 eGift.</p>\r\n\r\n<p>- Lotte Mart kh&ocirc;ng nhận trả h&agrave;ng, kh&ocirc;ng hủy h&oacute;a đơn v&agrave; kh&ocirc;ng ho&agrave;n tiền cho những h&oacute;a đơn thanh to&aacute;n bằng Got It eGift.</p>\r\n\r\n<p>- Lotte Mart kh&ocirc;ng ho&agrave;n lại tiền thừa ch&ecirc;nh lệch giữa mệnh gi&aacute; eGift v&agrave; gi&aacute; trị h&oacute;a đơn.</p>\r\n\r\n<p>- Lotte Mart kh&ocirc;ng xuất h&oacute;a đơn cho những h&oacute;a đơn thanh to&aacute;n bằng Got It, kể cả với c&aacute;c h&igrave;nh thức thanh to&aacute;n kh&aacute;c như tiền mặt, thẻ ng&acirc;n h&agrave;ng...</p>\r\n\r\n<p>- Trong trường hợp kh&aacute;ch h&agrave;ng muốn xuất h&oacute;a đơn cho phần thanh to&aacute;n bằng c&aacute;c h&igrave;nh thức kh&aacute;c vui l&ograve;ng b&aacute;o trước cho thu ng&acirc;n để xuất h&oacute;a đơn ri&ecirc;ng. Mọi trường hợp xuất chung h&oacute;a đơn với h&oacute;a đơn thanh to&aacute;n bằng Got It eGift , Lotte Mart sẽ từ chối giải quyết.</p>\r\n', '<p>Thật nhanh ch&oacute;ng v&agrave; dễ d&agrave;ng để gửi tặng những m&oacute;n qu&agrave; s&agrave;nh điệu với Qu&agrave; tặng Got It.&nbsp;</p>\r\n', 11777, NULL, '2024-06-26', 70000),
	(17, 1408, 'Thẻ Quà Tặng Đa Năng ', '<p>Qu&agrave; Tặng Got It được sử dụng dễ d&agrave;ng tại c&aacute;c cửa h&agrave;ng thuộc hệ thống đối t&aacute;c của Got It.&nbsp;</p>\r\n\r\n<p>C&ugrave;ng Got It thể hiện sự quan t&acirc;m với những m&oacute;n qu&agrave; đa dạng, chất lượng từ c&aacute;c thương hiệu uy t&iacute;n.</p>\r\n\r\n<p>Qu&agrave; Tặng Got It được &aacute;p dụng đồng thời chương tr&igrave;nh khuyến m&atilde;i tại:</p>\r\n\r\n<p>- Highlands Coffee, Ding Tea, Beard Papa&#39;s, Smoothie Factory, BreadTalk, The Sushi Bar, ThaiExpress, Ng&otilde;-Restaurant, Shabu Ya, Spice Temple, SumoBBQ, GoGi House, Kichi Kichi, Daruma, Ashima, iSushi, Ba Con Cừu, Osaka Osho, Itacho Ramen, Vuvuzela, K-Pub, Crystal Jade Kitchen, Cowboy&#39;s Jack, City Beer Station, Manwah, Hutong, Phố Ngon 37, Kintaro Udon, Magic Pan, Sừng Quăn, iCook, Shogun, Ho&agrave;ng Yến Buffet, Ho&agrave;ng Yến Buffet Premier, Ho&agrave;ng Yến Hot Pot, Stix, Taka, John Henry, Aino Sofia, Freelancer, Vera, Wow, Jockey, Ministop, 3Sach Food, Yves Rocher France, Lock&amp;Lock, Plus One.</p>\r\n\r\n<p>- Tous les Jours: &aacute;p dụng ưu đ&atilde;i, kh&ocirc;ng &aacute;p dụng khuyến m&atilde;i.</p>\r\n\r\n<p>- Baskin Robbins: kh&ocirc;ng &aacute;p dụng khuyến m&atilde;i v&agrave;o c&aacute;c ng&agrave;y Lễ, Tết.</p>\r\n\r\n<p>- Shop&amp;Go: &aacute;p dụng tất cả sản phẩm, ngoại trừ Phone Card/ Payoo/ Thuốc L&aacute;/ Rượu.</p>\r\n\r\n<p>- Ministop: &aacute;p dụng tất cả sản phẩm, trừ c&aacute;c sản phẩm của b&ecirc;n thứ 3.</p>\r\n\r\n<p>Qu&agrave; Tặng Got It kh&ocirc;ng được &aacute;p dụng khuyến m&atilde;i tại:</p>\r\n\r\n<p>- Ph&uacute;c Long, Catherine Denoual Maison, Glow Sky Bar, Urban Kitchen Bar, Shooz, Geox.</p>\r\n\r\n<p>Sử dụng tại Lotte Mart, vui l&ograve;ng lưu &yacute;:</p>\r\n\r\n<p>- Mỗi eGift chỉ sử dụng được 1 lần. Được &aacute;p dụng nhiều eGift tr&ecirc;n một ho&aacute; đơn nhưng kh&ocirc;ng &aacute;p dụng qu&aacute; 10 eGift (kh&ocirc;ng ph&acirc;n biệt mệnh gi&aacute;). Vui l&ograve;ng t&aacute;ch ho&aacute; đơn nếu muốn sử dụng nhiều hơn 10 eGift.</p>\r\n\r\n<p>- Lotte Mart kh&ocirc;ng nhận trả h&agrave;ng, kh&ocirc;ng hủy h&oacute;a đơn v&agrave; kh&ocirc;ng ho&agrave;n tiền cho những h&oacute;a đơn thanh to&aacute;n bằng Got It eGift.</p>\r\n\r\n<p>- Lotte Mart kh&ocirc;ng ho&agrave;n lại tiền thừa ch&ecirc;nh lệch giữa mệnh gi&aacute; eGift v&agrave; gi&aacute; trị h&oacute;a đơn.</p>\r\n\r\n<p>- Lotte Mart kh&ocirc;ng xuất h&oacute;a đơn cho những h&oacute;a đơn thanh to&aacute;n bằng Got It, kể cả với c&aacute;c h&igrave;nh thức thanh to&aacute;n kh&aacute;c như tiền mặt, thẻ ng&acirc;n h&agrave;ng...</p>\r\n\r\n<p>- Trong trường hợp kh&aacute;ch h&agrave;ng muốn xuất h&oacute;a đơn cho phần thanh to&aacute;n bằng c&aacute;c h&igrave;nh thức kh&aacute;c vui l&ograve;ng b&aacute;o trước cho thu ng&acirc;n để xuất h&oacute;a đơn ri&ecirc;ng. Mọi trường hợp xuất chung h&oacute;a đơn với h&oacute;a đơn thanh to&aacute;n bằng Got It eGift , Lotte Mart sẽ từ chối giải quyết.</p>\r\n', '<p>Thật nhanh ch&oacute;ng v&agrave; dễ d&agrave;ng để gửi tặng những m&oacute;n qu&agrave; s&agrave;nh điệu với Qu&agrave; tặng Got It.&nbsp;</p>\r\n', 33459, NULL, '2024-06-26', 80000),
	(18, 1408, 'Thẻ Quà Tặng Đa Năng ', '<p>Qu&agrave; Tặng Got It được sử dụng dễ d&agrave;ng tại c&aacute;c cửa h&agrave;ng thuộc hệ thống đối t&aacute;c của Got It.&nbsp;</p>\r\n\r\n<p>C&ugrave;ng Got It thể hiện sự quan t&acirc;m với những m&oacute;n qu&agrave; đa dạng, chất lượng từ c&aacute;c thương hiệu uy t&iacute;n.</p>\r\n\r\n<p>Qu&agrave; Tặng Got It được &aacute;p dụng đồng thời chương tr&igrave;nh khuyến m&atilde;i tại:</p>\r\n\r\n<p>- Highlands Coffee, Ding Tea, Beard Papa&#39;s, Smoothie Factory, BreadTalk, The Sushi Bar, ThaiExpress, Ng&otilde;-Restaurant, Shabu Ya, Spice Temple, SumoBBQ, GoGi House, Kichi Kichi, Daruma, Ashima, iSushi, Ba Con Cừu, Osaka Osho, Itacho Ramen, Vuvuzela, K-Pub, Crystal Jade Kitchen, Cowboy&#39;s Jack, City Beer Station, Manwah, Hutong, Phố Ngon 37, Kintaro Udon, Magic Pan, Sừng Quăn, iCook, Shogun, Ho&agrave;ng Yến Buffet, Ho&agrave;ng Yến Buffet Premier, Ho&agrave;ng Yến Hot Pot, Stix, Taka, John Henry, Aino Sofia, Freelancer, Vera, Wow, Jockey, Ministop, 3Sach Food, Yves Rocher France, Lock&amp;Lock, Plus One.</p>\r\n\r\n<p>- Tous les Jours: &aacute;p dụng ưu đ&atilde;i, kh&ocirc;ng &aacute;p dụng khuyến m&atilde;i.</p>\r\n\r\n<p>- Baskin Robbins: kh&ocirc;ng &aacute;p dụng khuyến m&atilde;i v&agrave;o c&aacute;c ng&agrave;y Lễ, Tết.</p>\r\n\r\n<p>- Shop&amp;Go: &aacute;p dụng tất cả sản phẩm, ngoại trừ Phone Card/ Payoo/ Thuốc L&aacute;/ Rượu.</p>\r\n\r\n<p>- Ministop: &aacute;p dụng tất cả sản phẩm, trừ c&aacute;c sản phẩm của b&ecirc;n thứ 3.</p>\r\n\r\n<p>Qu&agrave; Tặng Got It kh&ocirc;ng được &aacute;p dụng khuyến m&atilde;i tại:</p>\r\n\r\n<p>- Ph&uacute;c Long, Catherine Denoual Maison, Glow Sky Bar, Urban Kitchen Bar, Shooz, Geox.</p>\r\n\r\n<p>Sử dụng tại Lotte Mart, vui l&ograve;ng lưu &yacute;:</p>\r\n\r\n<p>- Mỗi eGift chỉ sử dụng được 1 lần. Được &aacute;p dụng nhiều eGift tr&ecirc;n một ho&aacute; đơn nhưng kh&ocirc;ng &aacute;p dụng qu&aacute; 10 eGift (kh&ocirc;ng ph&acirc;n biệt mệnh gi&aacute;). Vui l&ograve;ng t&aacute;ch ho&aacute; đơn nếu muốn sử dụng nhiều hơn 10 eGift.</p>\r\n\r\n<p>- Lotte Mart kh&ocirc;ng nhận trả h&agrave;ng, kh&ocirc;ng hủy h&oacute;a đơn v&agrave; kh&ocirc;ng ho&agrave;n tiền cho những h&oacute;a đơn thanh to&aacute;n bằng Got It eGift.</p>\r\n\r\n<p>- Lotte Mart kh&ocirc;ng ho&agrave;n lại tiền thừa ch&ecirc;nh lệch giữa mệnh gi&aacute; eGift v&agrave; gi&aacute; trị h&oacute;a đơn.</p>\r\n\r\n<p>- Lotte Mart kh&ocirc;ng xuất h&oacute;a đơn cho những h&oacute;a đơn thanh to&aacute;n bằng Got It, kể cả với c&aacute;c h&igrave;nh thức thanh to&aacute;n kh&aacute;c như tiền mặt, thẻ ng&acirc;n h&agrave;ng...</p>\r\n\r\n<p>- Trong trường hợp kh&aacute;ch h&agrave;ng muốn xuất h&oacute;a đơn cho phần thanh to&aacute;n bằng c&aacute;c h&igrave;nh thức kh&aacute;c vui l&ograve;ng b&aacute;o trước cho thu ng&acirc;n để xuất h&oacute;a đơn ri&ecirc;ng. Mọi trường hợp xuất chung h&oacute;a đơn với h&oacute;a đơn thanh to&aacute;n bằng Got It eGift , Lotte Mart sẽ từ chối giải quyết.</p>\r\n', '<p>Thật nhanh ch&oacute;ng v&agrave; dễ d&agrave;ng để gửi tặng những m&oacute;n qu&agrave; s&agrave;nh điệu với Qu&agrave; tặng Got It.&nbsp;</p>\r\n', 35085, NULL, '2024-06-26', 88000),
	(19, 1408, 'Thẻ Quà Tặng Đa Năng ', '<p>Qu&agrave; Tặng Got It được sử dụng dễ d&agrave;ng tại c&aacute;c cửa h&agrave;ng thuộc hệ thống đối t&aacute;c của Got It.&nbsp;</p>\r\n\r\n<p>C&ugrave;ng Got It thể hiện sự quan t&acirc;m với những m&oacute;n qu&agrave; đa dạng, chất lượng từ c&aacute;c thương hiệu uy t&iacute;n.</p>\r\n\r\n<p>Qu&agrave; Tặng Got It được &aacute;p dụng đồng thời chương tr&igrave;nh khuyến m&atilde;i tại:</p>\r\n\r\n<p>- Highlands Coffee, Ding Tea, Beard Papa&#39;s, Smoothie Factory, BreadTalk, The Sushi Bar, ThaiExpress, Ng&otilde;-Restaurant, Shabu Ya, Spice Temple, SumoBBQ, GoGi House, Kichi Kichi, Daruma, Ashima, iSushi, Ba Con Cừu, Osaka Osho, Itacho Ramen, Vuvuzela, K-Pub, Crystal Jade Kitchen, Cowboy&#39;s Jack, City Beer Station, Manwah, Hutong, Phố Ngon 37, Kintaro Udon, Magic Pan, Sừng Quăn, iCook, Shogun, Ho&agrave;ng Yến Buffet, Ho&agrave;ng Yến Buffet Premier, Ho&agrave;ng Yến Hot Pot, Stix, Taka, John Henry, Aino Sofia, Freelancer, Vera, Wow, Jockey, Ministop, 3Sach Food, Yves Rocher France, Lock&amp;Lock, Plus One.</p>\r\n\r\n<p>- Tous les Jours: &aacute;p dụng ưu đ&atilde;i, kh&ocirc;ng &aacute;p dụng khuyến m&atilde;i.</p>\r\n\r\n<p>- Baskin Robbins: kh&ocirc;ng &aacute;p dụng khuyến m&atilde;i v&agrave;o c&aacute;c ng&agrave;y Lễ, Tết.</p>\r\n\r\n<p>- Shop&amp;Go: &aacute;p dụng tất cả sản phẩm, ngoại trừ Phone Card/ Payoo/ Thuốc L&aacute;/ Rượu.</p>\r\n\r\n<p>- Ministop: &aacute;p dụng tất cả sản phẩm, trừ c&aacute;c sản phẩm của b&ecirc;n thứ 3.</p>\r\n\r\n<p>Qu&agrave; Tặng Got It kh&ocirc;ng được &aacute;p dụng khuyến m&atilde;i tại:</p>\r\n\r\n<p>- Ph&uacute;c Long, Catherine Denoual Maison, Glow Sky Bar, Urban Kitchen Bar, Shooz, Geox.</p>\r\n\r\n<p>Sử dụng tại Lotte Mart, vui l&ograve;ng lưu &yacute;:</p>\r\n\r\n<p>- Mỗi eGift chỉ sử dụng được 1 lần. Được &aacute;p dụng nhiều eGift tr&ecirc;n một ho&aacute; đơn nhưng kh&ocirc;ng &aacute;p dụng qu&aacute; 10 eGift (kh&ocirc;ng ph&acirc;n biệt mệnh gi&aacute;). Vui l&ograve;ng t&aacute;ch ho&aacute; đơn nếu muốn sử dụng nhiều hơn 10 eGift.</p>\r\n\r\n<p>- Lotte Mart kh&ocirc;ng nhận trả h&agrave;ng, kh&ocirc;ng hủy h&oacute;a đơn v&agrave; kh&ocirc;ng ho&agrave;n tiền cho những h&oacute;a đơn thanh to&aacute;n bằng Got It eGift.</p>\r\n\r\n<p>- Lotte Mart kh&ocirc;ng ho&agrave;n lại tiền thừa ch&ecirc;nh lệch giữa mệnh gi&aacute; eGift v&agrave; gi&aacute; trị h&oacute;a đơn.</p>\r\n\r\n<p>- Lotte Mart kh&ocirc;ng xuất h&oacute;a đơn cho những h&oacute;a đơn thanh to&aacute;n bằng Got It, kể cả với c&aacute;c h&igrave;nh thức thanh to&aacute;n kh&aacute;c như tiền mặt, thẻ ng&acirc;n h&agrave;ng...</p>\r\n\r\n<p>- Trong trường hợp kh&aacute;ch h&agrave;ng muốn xuất h&oacute;a đơn cho phần thanh to&aacute;n bằng c&aacute;c h&igrave;nh thức kh&aacute;c vui l&ograve;ng b&aacute;o trước cho thu ng&acirc;n để xuất h&oacute;a đơn ri&ecirc;ng. Mọi trường hợp xuất chung h&oacute;a đơn với h&oacute;a đơn thanh to&aacute;n bằng Got It eGift , Lotte Mart sẽ từ chối giải quyết.</p>\r\n', '<p>Thật nhanh ch&oacute;ng v&agrave; dễ d&agrave;ng để gửi tặng những m&oacute;n qu&agrave; s&agrave;nh điệu với Qu&agrave; tặng Got It.&nbsp;</p>\r\n', 34818, NULL, '2024-06-26', 90000),
	(20, 1408, 'Thẻ Quà Tặng Đa Năng ', '<p>Qu&agrave; Tặng Got It được sử dụng dễ d&agrave;ng tại c&aacute;c cửa h&agrave;ng thuộc hệ thống đối t&aacute;c của Got It.&nbsp;</p>\r\n\r\n<p>C&ugrave;ng Got It thể hiện sự quan t&acirc;m với những m&oacute;n qu&agrave; đa dạng, chất lượng từ c&aacute;c thương hiệu uy t&iacute;n.</p>\r\n\r\n<p>Qu&agrave; Tặng Got It được &aacute;p dụng đồng thời chương tr&igrave;nh khuyến m&atilde;i tại:</p>\r\n\r\n<p>- Highlands Coffee, Ding Tea, Beard Papa&#39;s, Smoothie Factory, BreadTalk, The Sushi Bar, ThaiExpress, Ng&otilde;-Restaurant, Shabu Ya, Spice Temple, SumoBBQ, GoGi House, Kichi Kichi, Daruma, Ashima, iSushi, Ba Con Cừu, Osaka Osho, Itacho Ramen, Vuvuzela, K-Pub, Crystal Jade Kitchen, Cowboy&#39;s Jack, City Beer Station, Manwah, Hutong, Phố Ngon 37, Kintaro Udon, Magic Pan, Sừng Quăn, iCook, Shogun, Ho&agrave;ng Yến Buffet, Ho&agrave;ng Yến Buffet Premier, Ho&agrave;ng Yến Hot Pot, Stix, Taka, John Henry, Aino Sofia, Freelancer, Vera, Wow, Jockey, Ministop, 3Sach Food, Yves Rocher France, Lock&amp;Lock, Plus One.</p>\r\n\r\n<p>- Tous les Jours: &aacute;p dụng ưu đ&atilde;i, kh&ocirc;ng &aacute;p dụng khuyến m&atilde;i.</p>\r\n\r\n<p>- Baskin Robbins: kh&ocirc;ng &aacute;p dụng khuyến m&atilde;i v&agrave;o c&aacute;c ng&agrave;y Lễ, Tết.</p>\r\n\r\n<p>- Shop&amp;Go: &aacute;p dụng tất cả sản phẩm, ngoại trừ Phone Card/ Payoo/ Thuốc L&aacute;/ Rượu.</p>\r\n\r\n<p>- Ministop: &aacute;p dụng tất cả sản phẩm, trừ c&aacute;c sản phẩm của b&ecirc;n thứ 3.</p>\r\n\r\n<p>Qu&agrave; Tặng Got It kh&ocirc;ng được &aacute;p dụng khuyến m&atilde;i tại:</p>\r\n\r\n<p>- Ph&uacute;c Long, Catherine Denoual Maison, Glow Sky Bar, Urban Kitchen Bar, Shooz, Geox.</p>\r\n\r\n<p>Sử dụng tại Lotte Mart, vui l&ograve;ng lưu &yacute;:</p>\r\n\r\n<p>- Mỗi eGift chỉ sử dụng được 1 lần. Được &aacute;p dụng nhiều eGift tr&ecirc;n một ho&aacute; đơn nhưng kh&ocirc;ng &aacute;p dụng qu&aacute; 10 eGift (kh&ocirc;ng ph&acirc;n biệt mệnh gi&aacute;). Vui l&ograve;ng t&aacute;ch ho&aacute; đơn nếu muốn sử dụng nhiều hơn 10 eGift.</p>\r\n\r\n<p>- Lotte Mart kh&ocirc;ng nhận trả h&agrave;ng, kh&ocirc;ng hủy h&oacute;a đơn v&agrave; kh&ocirc;ng ho&agrave;n tiền cho những h&oacute;a đơn thanh to&aacute;n bằng Got It eGift.</p>\r\n\r\n<p>- Lotte Mart kh&ocirc;ng ho&agrave;n lại tiền thừa ch&ecirc;nh lệch giữa mệnh gi&aacute; eGift v&agrave; gi&aacute; trị h&oacute;a đơn.</p>\r\n\r\n<p>- Lotte Mart kh&ocirc;ng xuất h&oacute;a đơn cho những h&oacute;a đơn thanh to&aacute;n bằng Got It, kể cả với c&aacute;c h&igrave;nh thức thanh to&aacute;n kh&aacute;c như tiền mặt, thẻ ng&acirc;n h&agrave;ng...</p>\r\n\r\n<p>- Trong trường hợp kh&aacute;ch h&agrave;ng muốn xuất h&oacute;a đơn cho phần thanh to&aacute;n bằng c&aacute;c h&igrave;nh thức kh&aacute;c vui l&ograve;ng b&aacute;o trước cho thu ng&acirc;n để xuất h&oacute;a đơn ri&ecirc;ng. Mọi trường hợp xuất chung h&oacute;a đơn với h&oacute;a đơn thanh to&aacute;n bằng Got It eGift , Lotte Mart sẽ từ chối giải quyết.</p>\r\n', '<p>Thật nhanh ch&oacute;ng v&agrave; dễ d&agrave;ng để gửi tặng những m&oacute;n qu&agrave; s&agrave;nh điệu với Qu&agrave; tặng Got It.&nbsp;</p>\r\n', 2711, NULL, '2024-06-26', 100000),
	(21, 1408, 'Thẻ Quà Tặng Đa Năng ', '<p>Qu&agrave; Tặng Got It được sử dụng dễ d&agrave;ng tại c&aacute;c cửa h&agrave;ng thuộc hệ thống đối t&aacute;c của Got It.&nbsp;</p>\r\n\r\n<p>C&ugrave;ng Got It thể hiện sự quan t&acirc;m với những m&oacute;n qu&agrave; đa dạng, chất lượng từ c&aacute;c thương hiệu uy t&iacute;n.</p>\r\n\r\n<p>Qu&agrave; Tặng Got It được &aacute;p dụng đồng thời chương tr&igrave;nh khuyến m&atilde;i tại:</p>\r\n\r\n<p>- Highlands Coffee, Ding Tea, Beard Papa&#39;s, Smoothie Factory, BreadTalk, The Sushi Bar, ThaiExpress, Ng&otilde;-Restaurant, Shabu Ya, Spice Temple, SumoBBQ, GoGi House, Kichi Kichi, Daruma, Ashima, iSushi, Ba Con Cừu, Osaka Osho, Itacho Ramen, Vuvuzela, K-Pub, Crystal Jade Kitchen, Cowboy&#39;s Jack, City Beer Station, Manwah, Hutong, Phố Ngon 37, Kintaro Udon, Magic Pan, Sừng Quăn, iCook, Shogun, Ho&agrave;ng Yến Buffet, Ho&agrave;ng Yến Buffet Premier, Ho&agrave;ng Yến Hot Pot, Stix, Taka, John Henry, Aino Sofia, Freelancer, Vera, Wow, Jockey, Ministop, 3Sach Food, Yves Rocher France, Lock&amp;Lock, Plus One.</p>\r\n\r\n<p>- Tous les Jours: &aacute;p dụng ưu đ&atilde;i, kh&ocirc;ng &aacute;p dụng khuyến m&atilde;i.</p>\r\n\r\n<p>- Baskin Robbins: kh&ocirc;ng &aacute;p dụng khuyến m&atilde;i v&agrave;o c&aacute;c ng&agrave;y Lễ, Tết.</p>\r\n\r\n<p>- Shop&amp;Go: &aacute;p dụng tất cả sản phẩm, ngoại trừ Phone Card/ Payoo/ Thuốc L&aacute;/ Rượu.</p>\r\n\r\n<p>- Ministop: &aacute;p dụng tất cả sản phẩm, trừ c&aacute;c sản phẩm của b&ecirc;n thứ 3.</p>\r\n\r\n<p>Qu&agrave; Tặng Got It kh&ocirc;ng được &aacute;p dụng khuyến m&atilde;i tại:</p>\r\n\r\n<p>- Ph&uacute;c Long, Catherine Denoual Maison, Glow Sky Bar, Urban Kitchen Bar, Shooz, Geox.</p>\r\n\r\n<p>Sử dụng tại Lotte Mart, vui l&ograve;ng lưu &yacute;:</p>\r\n\r\n<p>- Mỗi eGift chỉ sử dụng được 1 lần. Được &aacute;p dụng nhiều eGift tr&ecirc;n một ho&aacute; đơn nhưng kh&ocirc;ng &aacute;p dụng qu&aacute; 10 eGift (kh&ocirc;ng ph&acirc;n biệt mệnh gi&aacute;). Vui l&ograve;ng t&aacute;ch ho&aacute; đơn nếu muốn sử dụng nhiều hơn 10 eGift.</p>\r\n\r\n<p>- Lotte Mart kh&ocirc;ng nhận trả h&agrave;ng, kh&ocirc;ng hủy h&oacute;a đơn v&agrave; kh&ocirc;ng ho&agrave;n tiền cho những h&oacute;a đơn thanh to&aacute;n bằng Got It eGift.</p>\r\n\r\n<p>- Lotte Mart kh&ocirc;ng ho&agrave;n lại tiền thừa ch&ecirc;nh lệch giữa mệnh gi&aacute; eGift v&agrave; gi&aacute; trị h&oacute;a đơn.</p>\r\n\r\n<p>- Lotte Mart kh&ocirc;ng xuất h&oacute;a đơn cho những h&oacute;a đơn thanh to&aacute;n bằng Got It, kể cả với c&aacute;c h&igrave;nh thức thanh to&aacute;n kh&aacute;c như tiền mặt, thẻ ng&acirc;n h&agrave;ng...</p>\r\n\r\n<p>- Trong trường hợp kh&aacute;ch h&agrave;ng muốn xuất h&oacute;a đơn cho phần thanh to&aacute;n bằng c&aacute;c h&igrave;nh thức kh&aacute;c vui l&ograve;ng b&aacute;o trước cho thu ng&acirc;n để xuất h&oacute;a đơn ri&ecirc;ng. Mọi trường hợp xuất chung h&oacute;a đơn với h&oacute;a đơn thanh to&aacute;n bằng Got It eGift , Lotte Mart sẽ từ chối giải quyết.</p>\r\n', '<p>Thật nhanh ch&oacute;ng v&agrave; dễ d&agrave;ng để gửi tặng những m&oacute;n qu&agrave; s&agrave;nh điệu với Qu&agrave; tặng Got It.&nbsp;</p>\r\n', 35244, NULL, '2024-06-26', 108000),
	(22, 1408, 'Thẻ Quà Tặng Đa Năng ', '<p>Qu&agrave; Tặng Got It được sử dụng dễ d&agrave;ng tại c&aacute;c cửa h&agrave;ng thuộc hệ thống đối t&aacute;c của Got It.&nbsp;</p>\r\n\r\n<p>C&ugrave;ng Got It thể hiện sự quan t&acirc;m với những m&oacute;n qu&agrave; đa dạng, chất lượng từ c&aacute;c thương hiệu uy t&iacute;n.</p>\r\n\r\n<p>Qu&agrave; Tặng Got It được &aacute;p dụng đồng thời chương tr&igrave;nh khuyến m&atilde;i tại:</p>\r\n\r\n<p>- Highlands Coffee, Ding Tea, Beard Papa&#39;s, Smoothie Factory, BreadTalk, The Sushi Bar, ThaiExpress, Ng&otilde;-Restaurant, Shabu Ya, Spice Temple, SumoBBQ, GoGi House, Kichi Kichi, Daruma, Ashima, iSushi, Ba Con Cừu, Osaka Osho, Itacho Ramen, Vuvuzela, K-Pub, Crystal Jade Kitchen, Cowboy&#39;s Jack, City Beer Station, Manwah, Hutong, Phố Ngon 37, Kintaro Udon, Magic Pan, Sừng Quăn, iCook, Shogun, Ho&agrave;ng Yến Buffet, Ho&agrave;ng Yến Buffet Premier, Ho&agrave;ng Yến Hot Pot, Stix, Taka, John Henry, Aino Sofia, Freelancer, Vera, Wow, Jockey, Ministop, 3Sach Food, Yves Rocher France, Lock&amp;Lock, Plus One.</p>\r\n\r\n<p>- Tous les Jours: &aacute;p dụng ưu đ&atilde;i, kh&ocirc;ng &aacute;p dụng khuyến m&atilde;i.</p>\r\n\r\n<p>- Baskin Robbins: kh&ocirc;ng &aacute;p dụng khuyến m&atilde;i v&agrave;o c&aacute;c ng&agrave;y Lễ, Tết.</p>\r\n\r\n<p>- Shop&amp;Go: &aacute;p dụng tất cả sản phẩm, ngoại trừ Phone Card/ Payoo/ Thuốc L&aacute;/ Rượu.</p>\r\n\r\n<p>- Ministop: &aacute;p dụng tất cả sản phẩm, trừ c&aacute;c sản phẩm của b&ecirc;n thứ 3.</p>\r\n\r\n<p>Qu&agrave; Tặng Got It kh&ocirc;ng được &aacute;p dụng khuyến m&atilde;i tại:</p>\r\n\r\n<p>- Ph&uacute;c Long, Catherine Denoual Maison, Glow Sky Bar, Urban Kitchen Bar, Shooz, Geox.</p>\r\n\r\n<p>Sử dụng tại Lotte Mart, vui l&ograve;ng lưu &yacute;:</p>\r\n\r\n<p>- Mỗi eGift chỉ sử dụng được 1 lần. Được &aacute;p dụng nhiều eGift tr&ecirc;n một ho&aacute; đơn nhưng kh&ocirc;ng &aacute;p dụng qu&aacute; 10 eGift (kh&ocirc;ng ph&acirc;n biệt mệnh gi&aacute;). Vui l&ograve;ng t&aacute;ch ho&aacute; đơn nếu muốn sử dụng nhiều hơn 10 eGift.</p>\r\n\r\n<p>- Lotte Mart kh&ocirc;ng nhận trả h&agrave;ng, kh&ocirc;ng hủy h&oacute;a đơn v&agrave; kh&ocirc;ng ho&agrave;n tiền cho những h&oacute;a đơn thanh to&aacute;n bằng Got It eGift.</p>\r\n\r\n<p>- Lotte Mart kh&ocirc;ng ho&agrave;n lại tiền thừa ch&ecirc;nh lệch giữa mệnh gi&aacute; eGift v&agrave; gi&aacute; trị h&oacute;a đơn.</p>\r\n\r\n<p>- Lotte Mart kh&ocirc;ng xuất h&oacute;a đơn cho những h&oacute;a đơn thanh to&aacute;n bằng Got It, kể cả với c&aacute;c h&igrave;nh thức thanh to&aacute;n kh&aacute;c như tiền mặt, thẻ ng&acirc;n h&agrave;ng...</p>\r\n\r\n<p>- Trong trường hợp kh&aacute;ch h&agrave;ng muốn xuất h&oacute;a đơn cho phần thanh to&aacute;n bằng c&aacute;c h&igrave;nh thức kh&aacute;c vui l&ograve;ng b&aacute;o trước cho thu ng&acirc;n để xuất h&oacute;a đơn ri&ecirc;ng. Mọi trường hợp xuất chung h&oacute;a đơn với h&oacute;a đơn thanh to&aacute;n bằng Got It eGift , Lotte Mart sẽ từ chối giải quyết.</p>\r\n', '<p>Thật nhanh ch&oacute;ng v&agrave; dễ d&agrave;ng để gửi tặng những m&oacute;n qu&agrave; s&agrave;nh điệu với Qu&agrave; tặng Got It.&nbsp;</p>\r\n', 33523, NULL, '2024-06-26', 120000),
	(23, 1408, 'Thẻ Quà Tặng Đa Năng ', '<p>Qu&agrave; Tặng Got It được sử dụng dễ d&agrave;ng tại c&aacute;c cửa h&agrave;ng thuộc hệ thống đối t&aacute;c của Got It.&nbsp;</p>\r\n\r\n<p>C&ugrave;ng Got It thể hiện sự quan t&acirc;m với những m&oacute;n qu&agrave; đa dạng, chất lượng từ c&aacute;c thương hiệu uy t&iacute;n.</p>\r\n\r\n<p>Qu&agrave; Tặng Got It được &aacute;p dụng đồng thời chương tr&igrave;nh khuyến m&atilde;i tại:</p>\r\n\r\n<p>- Highlands Coffee, Ding Tea, Beard Papa&#39;s, Smoothie Factory, BreadTalk, The Sushi Bar, ThaiExpress, Ng&otilde;-Restaurant, Shabu Ya, Spice Temple, SumoBBQ, GoGi House, Kichi Kichi, Daruma, Ashima, iSushi, Ba Con Cừu, Osaka Osho, Itacho Ramen, Vuvuzela, K-Pub, Crystal Jade Kitchen, Cowboy&#39;s Jack, City Beer Station, Manwah, Hutong, Phố Ngon 37, Kintaro Udon, Magic Pan, Sừng Quăn, iCook, Shogun, Ho&agrave;ng Yến Buffet, Ho&agrave;ng Yến Buffet Premier, Ho&agrave;ng Yến Hot Pot, Stix, Taka, John Henry, Aino Sofia, Freelancer, Vera, Wow, Jockey, Ministop, 3Sach Food, Yves Rocher France, Lock&amp;Lock, Plus One.</p>\r\n\r\n<p>- Tous les Jours: &aacute;p dụng ưu đ&atilde;i, kh&ocirc;ng &aacute;p dụng khuyến m&atilde;i.</p>\r\n\r\n<p>- Baskin Robbins: kh&ocirc;ng &aacute;p dụng khuyến m&atilde;i v&agrave;o c&aacute;c ng&agrave;y Lễ, Tết.</p>\r\n\r\n<p>- Shop&amp;Go: &aacute;p dụng tất cả sản phẩm, ngoại trừ Phone Card/ Payoo/ Thuốc L&aacute;/ Rượu.</p>\r\n\r\n<p>- Ministop: &aacute;p dụng tất cả sản phẩm, trừ c&aacute;c sản phẩm của b&ecirc;n thứ 3.</p>\r\n\r\n<p>Qu&agrave; Tặng Got It kh&ocirc;ng được &aacute;p dụng khuyến m&atilde;i tại:</p>\r\n\r\n<p>- Ph&uacute;c Long, Catherine Denoual Maison, Glow Sky Bar, Urban Kitchen Bar, Shooz, Geox.</p>\r\n\r\n<p>Sử dụng tại Lotte Mart, vui l&ograve;ng lưu &yacute;:</p>\r\n\r\n<p>- Mỗi eGift chỉ sử dụng được 1 lần. Được &aacute;p dụng nhiều eGift tr&ecirc;n một ho&aacute; đơn nhưng kh&ocirc;ng &aacute;p dụng qu&aacute; 10 eGift (kh&ocirc;ng ph&acirc;n biệt mệnh gi&aacute;). Vui l&ograve;ng t&aacute;ch ho&aacute; đơn nếu muốn sử dụng nhiều hơn 10 eGift.</p>\r\n\r\n<p>- Lotte Mart kh&ocirc;ng nhận trả h&agrave;ng, kh&ocirc;ng hủy h&oacute;a đơn v&agrave; kh&ocirc;ng ho&agrave;n tiền cho những h&oacute;a đơn thanh to&aacute;n bằng Got It eGift.</p>\r\n\r\n<p>- Lotte Mart kh&ocirc;ng ho&agrave;n lại tiền thừa ch&ecirc;nh lệch giữa mệnh gi&aacute; eGift v&agrave; gi&aacute; trị h&oacute;a đơn.</p>\r\n\r\n<p>- Lotte Mart kh&ocirc;ng xuất h&oacute;a đơn cho những h&oacute;a đơn thanh to&aacute;n bằng Got It, kể cả với c&aacute;c h&igrave;nh thức thanh to&aacute;n kh&aacute;c như tiền mặt, thẻ ng&acirc;n h&agrave;ng...</p>\r\n\r\n<p>- Trong trường hợp kh&aacute;ch h&agrave;ng muốn xuất h&oacute;a đơn cho phần thanh to&aacute;n bằng c&aacute;c h&igrave;nh thức kh&aacute;c vui l&ograve;ng b&aacute;o trước cho thu ng&acirc;n để xuất h&oacute;a đơn ri&ecirc;ng. Mọi trường hợp xuất chung h&oacute;a đơn với h&oacute;a đơn thanh to&aacute;n bằng Got It eGift , Lotte Mart sẽ từ chối giải quyết.</p>\r\n', '<p>Thật nhanh ch&oacute;ng v&agrave; dễ d&agrave;ng để gửi tặng những m&oacute;n qu&agrave; s&agrave;nh điệu với Qu&agrave; tặng Got It.&nbsp;</p>\r\n', 20782, NULL, '2024-06-26', 150000),
	(24, 1408, 'Thẻ Quà Tặng Đa Năng ', '<p>Qu&agrave; Tặng Got It được sử dụng dễ d&agrave;ng tại c&aacute;c cửa h&agrave;ng thuộc hệ thống đối t&aacute;c của Got It.&nbsp;</p>\r\n\r\n<p>C&ugrave;ng Got It thể hiện sự quan t&acirc;m với những m&oacute;n qu&agrave; đa dạng, chất lượng từ c&aacute;c thương hiệu uy t&iacute;n.</p>\r\n\r\n<p>Qu&agrave; Tặng Got It được &aacute;p dụng đồng thời chương tr&igrave;nh khuyến m&atilde;i tại:</p>\r\n\r\n<p>- Highlands Coffee, Ding Tea, Beard Papa&#39;s, Smoothie Factory, BreadTalk, The Sushi Bar, ThaiExpress, Ng&otilde;-Restaurant, Shabu Ya, Spice Temple, SumoBBQ, GoGi House, Kichi Kichi, Daruma, Ashima, iSushi, Ba Con Cừu, Osaka Osho, Itacho Ramen, Vuvuzela, K-Pub, Crystal Jade Kitchen, Cowboy&#39;s Jack, City Beer Station, Manwah, Hutong, Phố Ngon 37, Kintaro Udon, Magic Pan, Sừng Quăn, iCook, Shogun, Ho&agrave;ng Yến Buffet, Ho&agrave;ng Yến Buffet Premier, Ho&agrave;ng Yến Hot Pot, Stix, Taka, John Henry, Aino Sofia, Freelancer, Vera, Wow, Jockey, Ministop, 3Sach Food, Yves Rocher France, Lock&amp;Lock, Plus One.</p>\r\n\r\n<p>- Tous les Jours: &aacute;p dụng ưu đ&atilde;i, kh&ocirc;ng &aacute;p dụng khuyến m&atilde;i.</p>\r\n\r\n<p>- Baskin Robbins: kh&ocirc;ng &aacute;p dụng khuyến m&atilde;i v&agrave;o c&aacute;c ng&agrave;y Lễ, Tết.</p>\r\n\r\n<p>- Shop&amp;Go: &aacute;p dụng tất cả sản phẩm, ngoại trừ Phone Card/ Payoo/ Thuốc L&aacute;/ Rượu.</p>\r\n\r\n<p>- Ministop: &aacute;p dụng tất cả sản phẩm, trừ c&aacute;c sản phẩm của b&ecirc;n thứ 3.</p>\r\n\r\n<p>Qu&agrave; Tặng Got It kh&ocirc;ng được &aacute;p dụng khuyến m&atilde;i tại:</p>\r\n\r\n<p>- Ph&uacute;c Long, Catherine Denoual Maison, Glow Sky Bar, Urban Kitchen Bar, Shooz, Geox.</p>\r\n\r\n<p>Sử dụng tại Lotte Mart, vui l&ograve;ng lưu &yacute;:</p>\r\n\r\n<p>- Mỗi eGift chỉ sử dụng được 1 lần. Được &aacute;p dụng nhiều eGift tr&ecirc;n một ho&aacute; đơn nhưng kh&ocirc;ng &aacute;p dụng qu&aacute; 10 eGift (kh&ocirc;ng ph&acirc;n biệt mệnh gi&aacute;). Vui l&ograve;ng t&aacute;ch ho&aacute; đơn nếu muốn sử dụng nhiều hơn 10 eGift.</p>\r\n\r\n<p>- Lotte Mart kh&ocirc;ng nhận trả h&agrave;ng, kh&ocirc;ng hủy h&oacute;a đơn v&agrave; kh&ocirc;ng ho&agrave;n tiền cho những h&oacute;a đơn thanh to&aacute;n bằng Got It eGift.</p>\r\n\r\n<p>- Lotte Mart kh&ocirc;ng ho&agrave;n lại tiền thừa ch&ecirc;nh lệch giữa mệnh gi&aacute; eGift v&agrave; gi&aacute; trị h&oacute;a đơn.</p>\r\n\r\n<p>- Lotte Mart kh&ocirc;ng xuất h&oacute;a đơn cho những h&oacute;a đơn thanh to&aacute;n bằng Got It, kể cả với c&aacute;c h&igrave;nh thức thanh to&aacute;n kh&aacute;c như tiền mặt, thẻ ng&acirc;n h&agrave;ng...</p>\r\n\r\n<p>- Trong trường hợp kh&aacute;ch h&agrave;ng muốn xuất h&oacute;a đơn cho phần thanh to&aacute;n bằng c&aacute;c h&igrave;nh thức kh&aacute;c vui l&ograve;ng b&aacute;o trước cho thu ng&acirc;n để xuất h&oacute;a đơn ri&ecirc;ng. Mọi trường hợp xuất chung h&oacute;a đơn với h&oacute;a đơn thanh to&aacute;n bằng Got It eGift , Lotte Mart sẽ từ chối giải quyết.</p>\r\n', '<p>Thật nhanh ch&oacute;ng v&agrave; dễ d&agrave;ng để gửi tặng những m&oacute;n qu&agrave; s&agrave;nh điệu với Qu&agrave; tặng Got It.&nbsp;</p>\r\n', 35245, NULL, '2024-06-26', 155000),
	(25, 1408, 'Thẻ Quà Tặng Đa Năng ', '<p>Qu&agrave; Tặng Got It được sử dụng dễ d&agrave;ng tại c&aacute;c cửa h&agrave;ng thuộc hệ thống đối t&aacute;c của Got It.&nbsp;</p>\r\n\r\n<p>C&ugrave;ng Got It thể hiện sự quan t&acirc;m với những m&oacute;n qu&agrave; đa dạng, chất lượng từ c&aacute;c thương hiệu uy t&iacute;n.</p>\r\n\r\n<p>Qu&agrave; Tặng Got It được &aacute;p dụng đồng thời chương tr&igrave;nh khuyến m&atilde;i tại:</p>\r\n\r\n<p>- Highlands Coffee, Ding Tea, Beard Papa&#39;s, Smoothie Factory, BreadTalk, The Sushi Bar, ThaiExpress, Ng&otilde;-Restaurant, Shabu Ya, Spice Temple, SumoBBQ, GoGi House, Kichi Kichi, Daruma, Ashima, iSushi, Ba Con Cừu, Osaka Osho, Itacho Ramen, Vuvuzela, K-Pub, Crystal Jade Kitchen, Cowboy&#39;s Jack, City Beer Station, Manwah, Hutong, Phố Ngon 37, Kintaro Udon, Magic Pan, Sừng Quăn, iCook, Shogun, Ho&agrave;ng Yến Buffet, Ho&agrave;ng Yến Buffet Premier, Ho&agrave;ng Yến Hot Pot, Stix, Taka, John Henry, Aino Sofia, Freelancer, Vera, Wow, Jockey, Ministop, 3Sach Food, Yves Rocher France, Lock&amp;Lock, Plus One.</p>\r\n\r\n<p>- Tous les Jours: &aacute;p dụng ưu đ&atilde;i, kh&ocirc;ng &aacute;p dụng khuyến m&atilde;i.</p>\r\n\r\n<p>- Baskin Robbins: kh&ocirc;ng &aacute;p dụng khuyến m&atilde;i v&agrave;o c&aacute;c ng&agrave;y Lễ, Tết.</p>\r\n\r\n<p>- Shop&amp;Go: &aacute;p dụng tất cả sản phẩm, ngoại trừ Phone Card/ Payoo/ Thuốc L&aacute;/ Rượu.</p>\r\n\r\n<p>- Ministop: &aacute;p dụng tất cả sản phẩm, trừ c&aacute;c sản phẩm của b&ecirc;n thứ 3.</p>\r\n\r\n<p>Qu&agrave; Tặng Got It kh&ocirc;ng được &aacute;p dụng khuyến m&atilde;i tại:</p>\r\n\r\n<p>- Ph&uacute;c Long, Catherine Denoual Maison, Glow Sky Bar, Urban Kitchen Bar, Shooz, Geox.</p>\r\n\r\n<p>Sử dụng tại Lotte Mart, vui l&ograve;ng lưu &yacute;:</p>\r\n\r\n<p>- Mỗi eGift chỉ sử dụng được 1 lần. Được &aacute;p dụng nhiều eGift tr&ecirc;n một ho&aacute; đơn nhưng kh&ocirc;ng &aacute;p dụng qu&aacute; 10 eGift (kh&ocirc;ng ph&acirc;n biệt mệnh gi&aacute;). Vui l&ograve;ng t&aacute;ch ho&aacute; đơn nếu muốn sử dụng nhiều hơn 10 eGift.</p>\r\n\r\n<p>- Lotte Mart kh&ocirc;ng nhận trả h&agrave;ng, kh&ocirc;ng hủy h&oacute;a đơn v&agrave; kh&ocirc;ng ho&agrave;n tiền cho những h&oacute;a đơn thanh to&aacute;n bằng Got It eGift.</p>\r\n\r\n<p>- Lotte Mart kh&ocirc;ng ho&agrave;n lại tiền thừa ch&ecirc;nh lệch giữa mệnh gi&aacute; eGift v&agrave; gi&aacute; trị h&oacute;a đơn.</p>\r\n\r\n<p>- Lotte Mart kh&ocirc;ng xuất h&oacute;a đơn cho những h&oacute;a đơn thanh to&aacute;n bằng Got It, kể cả với c&aacute;c h&igrave;nh thức thanh to&aacute;n kh&aacute;c như tiền mặt, thẻ ng&acirc;n h&agrave;ng...</p>\r\n\r\n<p>- Trong trường hợp kh&aacute;ch h&agrave;ng muốn xuất h&oacute;a đơn cho phần thanh to&aacute;n bằng c&aacute;c h&igrave;nh thức kh&aacute;c vui l&ograve;ng b&aacute;o trước cho thu ng&acirc;n để xuất h&oacute;a đơn ri&ecirc;ng. Mọi trường hợp xuất chung h&oacute;a đơn với h&oacute;a đơn thanh to&aacute;n bằng Got It eGift , Lotte Mart sẽ từ chối giải quyết.</p>\r\n', '<p>Thật nhanh ch&oacute;ng v&agrave; dễ d&agrave;ng để gửi tặng những m&oacute;n qu&agrave; s&agrave;nh điệu với Qu&agrave; tặng Got It.&nbsp;</p>\r\n', 2712, NULL, '2024-06-26', 200000),
	(26, 1408, 'Thẻ Quà Tặng Đa Năng ', '<p>Qu&agrave; Tặng Got It được sử dụng dễ d&agrave;ng tại c&aacute;c cửa h&agrave;ng thuộc hệ thống đối t&aacute;c của Got It.&nbsp;</p>\r\n\r\n<p>C&ugrave;ng Got It thể hiện sự quan t&acirc;m với những m&oacute;n qu&agrave; đa dạng, chất lượng từ c&aacute;c thương hiệu uy t&iacute;n.</p>\r\n\r\n<p>Qu&agrave; Tặng Got It được &aacute;p dụng đồng thời chương tr&igrave;nh khuyến m&atilde;i tại:</p>\r\n\r\n<p>- Highlands Coffee, Ding Tea, Beard Papa&#39;s, Smoothie Factory, BreadTalk, The Sushi Bar, ThaiExpress, Ng&otilde;-Restaurant, Shabu Ya, Spice Temple, SumoBBQ, GoGi House, Kichi Kichi, Daruma, Ashima, iSushi, Ba Con Cừu, Osaka Osho, Itacho Ramen, Vuvuzela, K-Pub, Crystal Jade Kitchen, Cowboy&#39;s Jack, City Beer Station, Manwah, Hutong, Phố Ngon 37, Kintaro Udon, Magic Pan, Sừng Quăn, iCook, Shogun, Ho&agrave;ng Yến Buffet, Ho&agrave;ng Yến Buffet Premier, Ho&agrave;ng Yến Hot Pot, Stix, Taka, John Henry, Aino Sofia, Freelancer, Vera, Wow, Jockey, Ministop, 3Sach Food, Yves Rocher France, Lock&amp;Lock, Plus One.</p>\r\n\r\n<p>- Tous les Jours: &aacute;p dụng ưu đ&atilde;i, kh&ocirc;ng &aacute;p dụng khuyến m&atilde;i.</p>\r\n\r\n<p>- Baskin Robbins: kh&ocirc;ng &aacute;p dụng khuyến m&atilde;i v&agrave;o c&aacute;c ng&agrave;y Lễ, Tết.</p>\r\n\r\n<p>- Shop&amp;Go: &aacute;p dụng tất cả sản phẩm, ngoại trừ Phone Card/ Payoo/ Thuốc L&aacute;/ Rượu.</p>\r\n\r\n<p>- Ministop: &aacute;p dụng tất cả sản phẩm, trừ c&aacute;c sản phẩm của b&ecirc;n thứ 3.</p>\r\n\r\n<p>Qu&agrave; Tặng Got It kh&ocirc;ng được &aacute;p dụng khuyến m&atilde;i tại:</p>\r\n\r\n<p>- Ph&uacute;c Long, Catherine Denoual Maison, Glow Sky Bar, Urban Kitchen Bar, Shooz, Geox.</p>\r\n\r\n<p>Sử dụng tại Lotte Mart, vui l&ograve;ng lưu &yacute;:</p>\r\n\r\n<p>- Mỗi eGift chỉ sử dụng được 1 lần. Được &aacute;p dụng nhiều eGift tr&ecirc;n một ho&aacute; đơn nhưng kh&ocirc;ng &aacute;p dụng qu&aacute; 10 eGift (kh&ocirc;ng ph&acirc;n biệt mệnh gi&aacute;). Vui l&ograve;ng t&aacute;ch ho&aacute; đơn nếu muốn sử dụng nhiều hơn 10 eGift.</p>\r\n\r\n<p>- Lotte Mart kh&ocirc;ng nhận trả h&agrave;ng, kh&ocirc;ng hủy h&oacute;a đơn v&agrave; kh&ocirc;ng ho&agrave;n tiền cho những h&oacute;a đơn thanh to&aacute;n bằng Got It eGift.</p>\r\n\r\n<p>- Lotte Mart kh&ocirc;ng ho&agrave;n lại tiền thừa ch&ecirc;nh lệch giữa mệnh gi&aacute; eGift v&agrave; gi&aacute; trị h&oacute;a đơn.</p>\r\n\r\n<p>- Lotte Mart kh&ocirc;ng xuất h&oacute;a đơn cho những h&oacute;a đơn thanh to&aacute;n bằng Got It, kể cả với c&aacute;c h&igrave;nh thức thanh to&aacute;n kh&aacute;c như tiền mặt, thẻ ng&acirc;n h&agrave;ng...</p>\r\n\r\n<p>- Trong trường hợp kh&aacute;ch h&agrave;ng muốn xuất h&oacute;a đơn cho phần thanh to&aacute;n bằng c&aacute;c h&igrave;nh thức kh&aacute;c vui l&ograve;ng b&aacute;o trước cho thu ng&acirc;n để xuất h&oacute;a đơn ri&ecirc;ng. Mọi trường hợp xuất chung h&oacute;a đơn với h&oacute;a đơn thanh to&aacute;n bằng Got It eGift , Lotte Mart sẽ từ chối giải quyết.</p>\r\n', '<p>Thật nhanh ch&oacute;ng v&agrave; dễ d&agrave;ng để gửi tặng những m&oacute;n qu&agrave; s&agrave;nh điệu với Qu&agrave; tặng Got It.&nbsp;</p>\r\n', 11683, NULL, '2024-06-26', 250000),
	(27, 1408, 'Thẻ Quà Tặng Đa Năng ', '<p>Qu&agrave; Tặng Got It được sử dụng dễ d&agrave;ng tại c&aacute;c cửa h&agrave;ng thuộc hệ thống đối t&aacute;c của Got It.&nbsp;</p>\r\n\r\n<p>C&ugrave;ng Got It thể hiện sự quan t&acirc;m với những m&oacute;n qu&agrave; đa dạng, chất lượng từ c&aacute;c thương hiệu uy t&iacute;n.</p>\r\n\r\n<p>Qu&agrave; Tặng Got It được &aacute;p dụng đồng thời chương tr&igrave;nh khuyến m&atilde;i tại:</p>\r\n\r\n<p>- Highlands Coffee, Ding Tea, Beard Papa&#39;s, Smoothie Factory, BreadTalk, The Sushi Bar, ThaiExpress, Ng&otilde;-Restaurant, Shabu Ya, Spice Temple, SumoBBQ, GoGi House, Kichi Kichi, Daruma, Ashima, iSushi, Ba Con Cừu, Osaka Osho, Itacho Ramen, Vuvuzela, K-Pub, Crystal Jade Kitchen, Cowboy&#39;s Jack, City Beer Station, Manwah, Hutong, Phố Ngon 37, Kintaro Udon, Magic Pan, Sừng Quăn, iCook, Shogun, Ho&agrave;ng Yến Buffet, Ho&agrave;ng Yến Buffet Premier, Ho&agrave;ng Yến Hot Pot, Stix, Taka, John Henry, Aino Sofia, Freelancer, Vera, Wow, Jockey, Ministop, 3Sach Food, Yves Rocher France, Lock&amp;Lock, Plus One.</p>\r\n\r\n<p>- Tous les Jours: &aacute;p dụng ưu đ&atilde;i, kh&ocirc;ng &aacute;p dụng khuyến m&atilde;i.</p>\r\n\r\n<p>- Baskin Robbins: kh&ocirc;ng &aacute;p dụng khuyến m&atilde;i v&agrave;o c&aacute;c ng&agrave;y Lễ, Tết.</p>\r\n\r\n<p>- Shop&amp;Go: &aacute;p dụng tất cả sản phẩm, ngoại trừ Phone Card/ Payoo/ Thuốc L&aacute;/ Rượu.</p>\r\n\r\n<p>- Ministop: &aacute;p dụng tất cả sản phẩm, trừ c&aacute;c sản phẩm của b&ecirc;n thứ 3.</p>\r\n\r\n<p>Qu&agrave; Tặng Got It kh&ocirc;ng được &aacute;p dụng khuyến m&atilde;i tại:</p>\r\n\r\n<p>- Ph&uacute;c Long, Catherine Denoual Maison, Glow Sky Bar, Urban Kitchen Bar, Shooz, Geox.</p>\r\n\r\n<p>Sử dụng tại Lotte Mart, vui l&ograve;ng lưu &yacute;:</p>\r\n\r\n<p>- Mỗi eGift chỉ sử dụng được 1 lần. Được &aacute;p dụng nhiều eGift tr&ecirc;n một ho&aacute; đơn nhưng kh&ocirc;ng &aacute;p dụng qu&aacute; 10 eGift (kh&ocirc;ng ph&acirc;n biệt mệnh gi&aacute;). Vui l&ograve;ng t&aacute;ch ho&aacute; đơn nếu muốn sử dụng nhiều hơn 10 eGift.</p>\r\n\r\n<p>- Lotte Mart kh&ocirc;ng nhận trả h&agrave;ng, kh&ocirc;ng hủy h&oacute;a đơn v&agrave; kh&ocirc;ng ho&agrave;n tiền cho những h&oacute;a đơn thanh to&aacute;n bằng Got It eGift.</p>\r\n\r\n<p>- Lotte Mart kh&ocirc;ng ho&agrave;n lại tiền thừa ch&ecirc;nh lệch giữa mệnh gi&aacute; eGift v&agrave; gi&aacute; trị h&oacute;a đơn.</p>\r\n\r\n<p>- Lotte Mart kh&ocirc;ng xuất h&oacute;a đơn cho những h&oacute;a đơn thanh to&aacute;n bằng Got It, kể cả với c&aacute;c h&igrave;nh thức thanh to&aacute;n kh&aacute;c như tiền mặt, thẻ ng&acirc;n h&agrave;ng...</p>\r\n\r\n<p>- Trong trường hợp kh&aacute;ch h&agrave;ng muốn xuất h&oacute;a đơn cho phần thanh to&aacute;n bằng c&aacute;c h&igrave;nh thức kh&aacute;c vui l&ograve;ng b&aacute;o trước cho thu ng&acirc;n để xuất h&oacute;a đơn ri&ecirc;ng. Mọi trường hợp xuất chung h&oacute;a đơn với h&oacute;a đơn thanh to&aacute;n bằng Got It eGift , Lotte Mart sẽ từ chối giải quyết.</p>\r\n', '<p>Thật nhanh ch&oacute;ng v&agrave; dễ d&agrave;ng để gửi tặng những m&oacute;n qu&agrave; s&agrave;nh điệu với Qu&agrave; tặng Got It.&nbsp;</p>\r\n', 2762, NULL, '2024-06-26', 300000),
	(28, 1408, 'Thẻ Quà Tặng Đa Năng ', '<p>Qu&agrave; Tặng Got It được sử dụng dễ d&agrave;ng tại c&aacute;c cửa h&agrave;ng thuộc hệ thống đối t&aacute;c của Got It.&nbsp;</p>\r\n\r\n<p>C&ugrave;ng Got It thể hiện sự quan t&acirc;m với những m&oacute;n qu&agrave; đa dạng, chất lượng từ c&aacute;c thương hiệu uy t&iacute;n.</p>\r\n\r\n<p>Qu&agrave; Tặng Got It được &aacute;p dụng đồng thời chương tr&igrave;nh khuyến m&atilde;i tại:</p>\r\n\r\n<p>- Highlands Coffee, Ding Tea, Beard Papa&#39;s, Smoothie Factory, BreadTalk, The Sushi Bar, ThaiExpress, Ng&otilde;-Restaurant, Shabu Ya, Spice Temple, SumoBBQ, GoGi House, Kichi Kichi, Daruma, Ashima, iSushi, Ba Con Cừu, Osaka Osho, Itacho Ramen, Vuvuzela, K-Pub, Crystal Jade Kitchen, Cowboy&#39;s Jack, City Beer Station, Manwah, Hutong, Phố Ngon 37, Kintaro Udon, Magic Pan, Sừng Quăn, iCook, Shogun, Ho&agrave;ng Yến Buffet, Ho&agrave;ng Yến Buffet Premier, Ho&agrave;ng Yến Hot Pot, Stix, Taka, John Henry, Aino Sofia, Freelancer, Vera, Wow, Jockey, Ministop, 3Sach Food, Yves Rocher France, Lock&amp;Lock, Plus One.</p>\r\n\r\n<p>- Tous les Jours: &aacute;p dụng ưu đ&atilde;i, kh&ocirc;ng &aacute;p dụng khuyến m&atilde;i.</p>\r\n\r\n<p>- Baskin Robbins: kh&ocirc;ng &aacute;p dụng khuyến m&atilde;i v&agrave;o c&aacute;c ng&agrave;y Lễ, Tết.</p>\r\n\r\n<p>- Shop&amp;Go: &aacute;p dụng tất cả sản phẩm, ngoại trừ Phone Card/ Payoo/ Thuốc L&aacute;/ Rượu.</p>\r\n\r\n<p>- Ministop: &aacute;p dụng tất cả sản phẩm, trừ c&aacute;c sản phẩm của b&ecirc;n thứ 3.</p>\r\n\r\n<p>Qu&agrave; Tặng Got It kh&ocirc;ng được &aacute;p dụng khuyến m&atilde;i tại:</p>\r\n\r\n<p>- Ph&uacute;c Long, Catherine Denoual Maison, Glow Sky Bar, Urban Kitchen Bar, Shooz, Geox.</p>\r\n\r\n<p>Sử dụng tại Lotte Mart, vui l&ograve;ng lưu &yacute;:</p>\r\n\r\n<p>- Mỗi eGift chỉ sử dụng được 1 lần. Được &aacute;p dụng nhiều eGift tr&ecirc;n một ho&aacute; đơn nhưng kh&ocirc;ng &aacute;p dụng qu&aacute; 10 eGift (kh&ocirc;ng ph&acirc;n biệt mệnh gi&aacute;). Vui l&ograve;ng t&aacute;ch ho&aacute; đơn nếu muốn sử dụng nhiều hơn 10 eGift.</p>\r\n\r\n<p>- Lotte Mart kh&ocirc;ng nhận trả h&agrave;ng, kh&ocirc;ng hủy h&oacute;a đơn v&agrave; kh&ocirc;ng ho&agrave;n tiền cho những h&oacute;a đơn thanh to&aacute;n bằng Got It eGift.</p>\r\n\r\n<p>- Lotte Mart kh&ocirc;ng ho&agrave;n lại tiền thừa ch&ecirc;nh lệch giữa mệnh gi&aacute; eGift v&agrave; gi&aacute; trị h&oacute;a đơn.</p>\r\n\r\n<p>- Lotte Mart kh&ocirc;ng xuất h&oacute;a đơn cho những h&oacute;a đơn thanh to&aacute;n bằng Got It, kể cả với c&aacute;c h&igrave;nh thức thanh to&aacute;n kh&aacute;c như tiền mặt, thẻ ng&acirc;n h&agrave;ng...</p>\r\n\r\n<p>- Trong trường hợp kh&aacute;ch h&agrave;ng muốn xuất h&oacute;a đơn cho phần thanh to&aacute;n bằng c&aacute;c h&igrave;nh thức kh&aacute;c vui l&ograve;ng b&aacute;o trước cho thu ng&acirc;n để xuất h&oacute;a đơn ri&ecirc;ng. Mọi trường hợp xuất chung h&oacute;a đơn với h&oacute;a đơn thanh to&aacute;n bằng Got It eGift , Lotte Mart sẽ từ chối giải quyết.</p>\r\n', '<p>Thật nhanh ch&oacute;ng v&agrave; dễ d&agrave;ng để gửi tặng những m&oacute;n qu&agrave; s&agrave;nh điệu với Qu&agrave; tặng Got It.&nbsp;</p>\r\n', 2764, NULL, '2024-06-26', 400000),
	(29, 1408, 'Thẻ Quà Tặng Đa Năng ', '<p>Qu&agrave; Tặng Got It được sử dụng dễ d&agrave;ng tại c&aacute;c cửa h&agrave;ng thuộc hệ thống đối t&aacute;c của Got It.&nbsp;</p>\r\n\r\n<p>C&ugrave;ng Got It thể hiện sự quan t&acirc;m với những m&oacute;n qu&agrave; đa dạng, chất lượng từ c&aacute;c thương hiệu uy t&iacute;n.</p>\r\n\r\n<p>Qu&agrave; Tặng Got It được &aacute;p dụng đồng thời chương tr&igrave;nh khuyến m&atilde;i tại:</p>\r\n\r\n<p>- Highlands Coffee, Ding Tea, Beard Papa&#39;s, Smoothie Factory, BreadTalk, The Sushi Bar, ThaiExpress, Ng&otilde;-Restaurant, Shabu Ya, Spice Temple, SumoBBQ, GoGi House, Kichi Kichi, Daruma, Ashima, iSushi, Ba Con Cừu, Osaka Osho, Itacho Ramen, Vuvuzela, K-Pub, Crystal Jade Kitchen, Cowboy&#39;s Jack, City Beer Station, Manwah, Hutong, Phố Ngon 37, Kintaro Udon, Magic Pan, Sừng Quăn, iCook, Shogun, Ho&agrave;ng Yến Buffet, Ho&agrave;ng Yến Buffet Premier, Ho&agrave;ng Yến Hot Pot, Stix, Taka, John Henry, Aino Sofia, Freelancer, Vera, Wow, Jockey, Ministop, 3Sach Food, Yves Rocher France, Lock&amp;Lock, Plus One.</p>\r\n\r\n<p>- Tous les Jours: &aacute;p dụng ưu đ&atilde;i, kh&ocirc;ng &aacute;p dụng khuyến m&atilde;i.</p>\r\n\r\n<p>- Baskin Robbins: kh&ocirc;ng &aacute;p dụng khuyến m&atilde;i v&agrave;o c&aacute;c ng&agrave;y Lễ, Tết.</p>\r\n\r\n<p>- Shop&amp;Go: &aacute;p dụng tất cả sản phẩm, ngoại trừ Phone Card/ Payoo/ Thuốc L&aacute;/ Rượu.</p>\r\n\r\n<p>- Ministop: &aacute;p dụng tất cả sản phẩm, trừ c&aacute;c sản phẩm của b&ecirc;n thứ 3.</p>\r\n\r\n<p>Qu&agrave; Tặng Got It kh&ocirc;ng được &aacute;p dụng khuyến m&atilde;i tại:</p>\r\n\r\n<p>- Ph&uacute;c Long, Catherine Denoual Maison, Glow Sky Bar, Urban Kitchen Bar, Shooz, Geox.</p>\r\n\r\n<p>Sử dụng tại Lotte Mart, vui l&ograve;ng lưu &yacute;:</p>\r\n\r\n<p>- Mỗi eGift chỉ sử dụng được 1 lần. Được &aacute;p dụng nhiều eGift tr&ecirc;n một ho&aacute; đơn nhưng kh&ocirc;ng &aacute;p dụng qu&aacute; 10 eGift (kh&ocirc;ng ph&acirc;n biệt mệnh gi&aacute;). Vui l&ograve;ng t&aacute;ch ho&aacute; đơn nếu muốn sử dụng nhiều hơn 10 eGift.</p>\r\n\r\n<p>- Lotte Mart kh&ocirc;ng nhận trả h&agrave;ng, kh&ocirc;ng hủy h&oacute;a đơn v&agrave; kh&ocirc;ng ho&agrave;n tiền cho những h&oacute;a đơn thanh to&aacute;n bằng Got It eGift.</p>\r\n\r\n<p>- Lotte Mart kh&ocirc;ng ho&agrave;n lại tiền thừa ch&ecirc;nh lệch giữa mệnh gi&aacute; eGift v&agrave; gi&aacute; trị h&oacute;a đơn.</p>\r\n\r\n<p>- Lotte Mart kh&ocirc;ng xuất h&oacute;a đơn cho những h&oacute;a đơn thanh to&aacute;n bằng Got It, kể cả với c&aacute;c h&igrave;nh thức thanh to&aacute;n kh&aacute;c như tiền mặt, thẻ ng&acirc;n h&agrave;ng...</p>\r\n\r\n<p>- Trong trường hợp kh&aacute;ch h&agrave;ng muốn xuất h&oacute;a đơn cho phần thanh to&aacute;n bằng c&aacute;c h&igrave;nh thức kh&aacute;c vui l&ograve;ng b&aacute;o trước cho thu ng&acirc;n để xuất h&oacute;a đơn ri&ecirc;ng. Mọi trường hợp xuất chung h&oacute;a đơn với h&oacute;a đơn thanh to&aacute;n bằng Got It eGift , Lotte Mart sẽ từ chối giải quyết.</p>\r\n', '<p>Thật nhanh ch&oacute;ng v&agrave; dễ d&agrave;ng để gửi tặng những m&oacute;n qu&agrave; s&agrave;nh điệu với Qu&agrave; tặng Got It.&nbsp;</p>\r\n', 2713, NULL, '2024-06-26', 500000),
	(30, 1408, 'Thẻ Quà Tặng Đa Năng ', '<p>Qu&agrave; Tặng Got It được sử dụng dễ d&agrave;ng tại c&aacute;c cửa h&agrave;ng thuộc hệ thống đối t&aacute;c của Got It.&nbsp;</p>\r\n\r\n<p>C&ugrave;ng Got It thể hiện sự quan t&acirc;m với những m&oacute;n qu&agrave; đa dạng, chất lượng từ c&aacute;c thương hiệu uy t&iacute;n.</p>\r\n\r\n<p>Qu&agrave; Tặng Got It được &aacute;p dụng đồng thời chương tr&igrave;nh khuyến m&atilde;i tại:</p>\r\n\r\n<p>- Highlands Coffee, Ding Tea, Beard Papa&#39;s, Smoothie Factory, BreadTalk, The Sushi Bar, ThaiExpress, Ng&otilde;-Restaurant, Shabu Ya, Spice Temple, SumoBBQ, GoGi House, Kichi Kichi, Daruma, Ashima, iSushi, Ba Con Cừu, Osaka Osho, Itacho Ramen, Vuvuzela, K-Pub, Crystal Jade Kitchen, Cowboy&#39;s Jack, City Beer Station, Manwah, Hutong, Phố Ngon 37, Kintaro Udon, Magic Pan, Sừng Quăn, iCook, Shogun, Ho&agrave;ng Yến Buffet, Ho&agrave;ng Yến Buffet Premier, Ho&agrave;ng Yến Hot Pot, Stix, Taka, John Henry, Aino Sofia, Freelancer, Vera, Wow, Jockey, Ministop, 3Sach Food, Yves Rocher France, Lock&amp;Lock, Plus One.</p>\r\n\r\n<p>- Tous les Jours: &aacute;p dụng ưu đ&atilde;i, kh&ocirc;ng &aacute;p dụng khuyến m&atilde;i.</p>\r\n\r\n<p>- Baskin Robbins: kh&ocirc;ng &aacute;p dụng khuyến m&atilde;i v&agrave;o c&aacute;c ng&agrave;y Lễ, Tết.</p>\r\n\r\n<p>- Shop&amp;Go: &aacute;p dụng tất cả sản phẩm, ngoại trừ Phone Card/ Payoo/ Thuốc L&aacute;/ Rượu.</p>\r\n\r\n<p>- Ministop: &aacute;p dụng tất cả sản phẩm, trừ c&aacute;c sản phẩm của b&ecirc;n thứ 3.</p>\r\n\r\n<p>Qu&agrave; Tặng Got It kh&ocirc;ng được &aacute;p dụng khuyến m&atilde;i tại:</p>\r\n\r\n<p>- Ph&uacute;c Long, Catherine Denoual Maison, Glow Sky Bar, Urban Kitchen Bar, Shooz, Geox.</p>\r\n\r\n<p>Sử dụng tại Lotte Mart, vui l&ograve;ng lưu &yacute;:</p>\r\n\r\n<p>- Mỗi eGift chỉ sử dụng được 1 lần. Được &aacute;p dụng nhiều eGift tr&ecirc;n một ho&aacute; đơn nhưng kh&ocirc;ng &aacute;p dụng qu&aacute; 10 eGift (kh&ocirc;ng ph&acirc;n biệt mệnh gi&aacute;). Vui l&ograve;ng t&aacute;ch ho&aacute; đơn nếu muốn sử dụng nhiều hơn 10 eGift.</p>\r\n\r\n<p>- Lotte Mart kh&ocirc;ng nhận trả h&agrave;ng, kh&ocirc;ng hủy h&oacute;a đơn v&agrave; kh&ocirc;ng ho&agrave;n tiền cho những h&oacute;a đơn thanh to&aacute;n bằng Got It eGift.</p>\r\n\r\n<p>- Lotte Mart kh&ocirc;ng ho&agrave;n lại tiền thừa ch&ecirc;nh lệch giữa mệnh gi&aacute; eGift v&agrave; gi&aacute; trị h&oacute;a đơn.</p>\r\n\r\n<p>- Lotte Mart kh&ocirc;ng xuất h&oacute;a đơn cho những h&oacute;a đơn thanh to&aacute;n bằng Got It, kể cả với c&aacute;c h&igrave;nh thức thanh to&aacute;n kh&aacute;c như tiền mặt, thẻ ng&acirc;n h&agrave;ng...</p>\r\n\r\n<p>- Trong trường hợp kh&aacute;ch h&agrave;ng muốn xuất h&oacute;a đơn cho phần thanh to&aacute;n bằng c&aacute;c h&igrave;nh thức kh&aacute;c vui l&ograve;ng b&aacute;o trước cho thu ng&acirc;n để xuất h&oacute;a đơn ri&ecirc;ng. Mọi trường hợp xuất chung h&oacute;a đơn với h&oacute;a đơn thanh to&aacute;n bằng Got It eGift , Lotte Mart sẽ từ chối giải quyết.</p>\r\n', '<p>Thật nhanh ch&oacute;ng v&agrave; dễ d&agrave;ng để gửi tặng những m&oacute;n qu&agrave; s&agrave;nh điệu với Qu&agrave; tặng Got It.&nbsp;</p>\r\n', 2714, NULL, '2024-06-26', 1000000),
	(31, 1408, 'Thẻ Quà Tặng Đa Năng ', '<p>Qu&agrave; Tặng Got It được sử dụng dễ d&agrave;ng tại c&aacute;c cửa h&agrave;ng thuộc hệ thống đối t&aacute;c của Got It.&nbsp;</p>\r\n\r\n<p>C&ugrave;ng Got It thể hiện sự quan t&acirc;m với những m&oacute;n qu&agrave; đa dạng, chất lượng từ c&aacute;c thương hiệu uy t&iacute;n.</p>\r\n\r\n<p>Qu&agrave; Tặng Got It được &aacute;p dụng đồng thời chương tr&igrave;nh khuyến m&atilde;i tại:</p>\r\n\r\n<p>- Highlands Coffee, Ding Tea, Beard Papa&#39;s, Smoothie Factory, BreadTalk, The Sushi Bar, ThaiExpress, Ng&otilde;-Restaurant, Shabu Ya, Spice Temple, SumoBBQ, GoGi House, Kichi Kichi, Daruma, Ashima, iSushi, Ba Con Cừu, Osaka Osho, Itacho Ramen, Vuvuzela, K-Pub, Crystal Jade Kitchen, Cowboy&#39;s Jack, City Beer Station, Manwah, Hutong, Phố Ngon 37, Kintaro Udon, Magic Pan, Sừng Quăn, iCook, Shogun, Ho&agrave;ng Yến Buffet, Ho&agrave;ng Yến Buffet Premier, Ho&agrave;ng Yến Hot Pot, Stix, Taka, John Henry, Aino Sofia, Freelancer, Vera, Wow, Jockey, Ministop, 3Sach Food, Yves Rocher France, Lock&amp;Lock, Plus One.</p>\r\n\r\n<p>- Tous les Jours: &aacute;p dụng ưu đ&atilde;i, kh&ocirc;ng &aacute;p dụng khuyến m&atilde;i.</p>\r\n\r\n<p>- Baskin Robbins: kh&ocirc;ng &aacute;p dụng khuyến m&atilde;i v&agrave;o c&aacute;c ng&agrave;y Lễ, Tết.</p>\r\n\r\n<p>- Shop&amp;Go: &aacute;p dụng tất cả sản phẩm, ngoại trừ Phone Card/ Payoo/ Thuốc L&aacute;/ Rượu.</p>\r\n\r\n<p>- Ministop: &aacute;p dụng tất cả sản phẩm, trừ c&aacute;c sản phẩm của b&ecirc;n thứ 3.</p>\r\n\r\n<p>Qu&agrave; Tặng Got It kh&ocirc;ng được &aacute;p dụng khuyến m&atilde;i tại:</p>\r\n\r\n<p>- Ph&uacute;c Long, Catherine Denoual Maison, Glow Sky Bar, Urban Kitchen Bar, Shooz, Geox.</p>\r\n\r\n<p>Sử dụng tại Lotte Mart, vui l&ograve;ng lưu &yacute;:</p>\r\n\r\n<p>- Mỗi eGift chỉ sử dụng được 1 lần. Được &aacute;p dụng nhiều eGift tr&ecirc;n một ho&aacute; đơn nhưng kh&ocirc;ng &aacute;p dụng qu&aacute; 10 eGift (kh&ocirc;ng ph&acirc;n biệt mệnh gi&aacute;). Vui l&ograve;ng t&aacute;ch ho&aacute; đơn nếu muốn sử dụng nhiều hơn 10 eGift.</p>\r\n\r\n<p>- Lotte Mart kh&ocirc;ng nhận trả h&agrave;ng, kh&ocirc;ng hủy h&oacute;a đơn v&agrave; kh&ocirc;ng ho&agrave;n tiền cho những h&oacute;a đơn thanh to&aacute;n bằng Got It eGift.</p>\r\n\r\n<p>- Lotte Mart kh&ocirc;ng ho&agrave;n lại tiền thừa ch&ecirc;nh lệch giữa mệnh gi&aacute; eGift v&agrave; gi&aacute; trị h&oacute;a đơn.</p>\r\n\r\n<p>- Lotte Mart kh&ocirc;ng xuất h&oacute;a đơn cho những h&oacute;a đơn thanh to&aacute;n bằng Got It, kể cả với c&aacute;c h&igrave;nh thức thanh to&aacute;n kh&aacute;c như tiền mặt, thẻ ng&acirc;n h&agrave;ng...</p>\r\n\r\n<p>- Trong trường hợp kh&aacute;ch h&agrave;ng muốn xuất h&oacute;a đơn cho phần thanh to&aacute;n bằng c&aacute;c h&igrave;nh thức kh&aacute;c vui l&ograve;ng b&aacute;o trước cho thu ng&acirc;n để xuất h&oacute;a đơn ri&ecirc;ng. Mọi trường hợp xuất chung h&oacute;a đơn với h&oacute;a đơn thanh to&aacute;n bằng Got It eGift , Lotte Mart sẽ từ chối giải quyết.</p>\r\n', '<p>Thật nhanh ch&oacute;ng v&agrave; dễ d&agrave;ng để gửi tặng những m&oacute;n qu&agrave; s&agrave;nh điệu với Qu&agrave; tặng Got It.&nbsp;</p>\r\n', 39193, NULL, '2024-06-26', 1110000),
	(32, 1408, 'Thẻ Quà Tặng Đa Năng ', '<p>Qu&agrave; Tặng Got It được sử dụng dễ d&agrave;ng tại c&aacute;c cửa h&agrave;ng thuộc hệ thống đối t&aacute;c của Got It.&nbsp;</p>\r\n\r\n<p>C&ugrave;ng Got It thể hiện sự quan t&acirc;m với những m&oacute;n qu&agrave; đa dạng, chất lượng từ c&aacute;c thương hiệu uy t&iacute;n.</p>\r\n\r\n<p>Qu&agrave; Tặng Got It được &aacute;p dụng đồng thời chương tr&igrave;nh khuyến m&atilde;i tại:</p>\r\n\r\n<p>- Highlands Coffee, Ding Tea, Beard Papa&#39;s, Smoothie Factory, BreadTalk, The Sushi Bar, ThaiExpress, Ng&otilde;-Restaurant, Shabu Ya, Spice Temple, SumoBBQ, GoGi House, Kichi Kichi, Daruma, Ashima, iSushi, Ba Con Cừu, Osaka Osho, Itacho Ramen, Vuvuzela, K-Pub, Crystal Jade Kitchen, Cowboy&#39;s Jack, City Beer Station, Manwah, Hutong, Phố Ngon 37, Kintaro Udon, Magic Pan, Sừng Quăn, iCook, Shogun, Ho&agrave;ng Yến Buffet, Ho&agrave;ng Yến Buffet Premier, Ho&agrave;ng Yến Hot Pot, Stix, Taka, John Henry, Aino Sofia, Freelancer, Vera, Wow, Jockey, Ministop, 3Sach Food, Yves Rocher France, Lock&amp;Lock, Plus One.</p>\r\n\r\n<p>- Tous les Jours: &aacute;p dụng ưu đ&atilde;i, kh&ocirc;ng &aacute;p dụng khuyến m&atilde;i.</p>\r\n\r\n<p>- Baskin Robbins: kh&ocirc;ng &aacute;p dụng khuyến m&atilde;i v&agrave;o c&aacute;c ng&agrave;y Lễ, Tết.</p>\r\n\r\n<p>- Shop&amp;Go: &aacute;p dụng tất cả sản phẩm, ngoại trừ Phone Card/ Payoo/ Thuốc L&aacute;/ Rượu.</p>\r\n\r\n<p>- Ministop: &aacute;p dụng tất cả sản phẩm, trừ c&aacute;c sản phẩm của b&ecirc;n thứ 3.</p>\r\n\r\n<p>Qu&agrave; Tặng Got It kh&ocirc;ng được &aacute;p dụng khuyến m&atilde;i tại:</p>\r\n\r\n<p>- Ph&uacute;c Long, Catherine Denoual Maison, Glow Sky Bar, Urban Kitchen Bar, Shooz, Geox.</p>\r\n\r\n<p>Sử dụng tại Lotte Mart, vui l&ograve;ng lưu &yacute;:</p>\r\n\r\n<p>- Mỗi eGift chỉ sử dụng được 1 lần. Được &aacute;p dụng nhiều eGift tr&ecirc;n một ho&aacute; đơn nhưng kh&ocirc;ng &aacute;p dụng qu&aacute; 10 eGift (kh&ocirc;ng ph&acirc;n biệt mệnh gi&aacute;). Vui l&ograve;ng t&aacute;ch ho&aacute; đơn nếu muốn sử dụng nhiều hơn 10 eGift.</p>\r\n\r\n<p>- Lotte Mart kh&ocirc;ng nhận trả h&agrave;ng, kh&ocirc;ng hủy h&oacute;a đơn v&agrave; kh&ocirc;ng ho&agrave;n tiền cho những h&oacute;a đơn thanh to&aacute;n bằng Got It eGift.</p>\r\n\r\n<p>- Lotte Mart kh&ocirc;ng ho&agrave;n lại tiền thừa ch&ecirc;nh lệch giữa mệnh gi&aacute; eGift v&agrave; gi&aacute; trị h&oacute;a đơn.</p>\r\n\r\n<p>- Lotte Mart kh&ocirc;ng xuất h&oacute;a đơn cho những h&oacute;a đơn thanh to&aacute;n bằng Got It, kể cả với c&aacute;c h&igrave;nh thức thanh to&aacute;n kh&aacute;c như tiền mặt, thẻ ng&acirc;n h&agrave;ng...</p>\r\n\r\n<p>- Trong trường hợp kh&aacute;ch h&agrave;ng muốn xuất h&oacute;a đơn cho phần thanh to&aacute;n bằng c&aacute;c h&igrave;nh thức kh&aacute;c vui l&ograve;ng b&aacute;o trước cho thu ng&acirc;n để xuất h&oacute;a đơn ri&ecirc;ng. Mọi trường hợp xuất chung h&oacute;a đơn với h&oacute;a đơn thanh to&aacute;n bằng Got It eGift , Lotte Mart sẽ từ chối giải quyết.</p>\r\n', '<p>Thật nhanh ch&oacute;ng v&agrave; dễ d&agrave;ng để gửi tặng những m&oacute;n qu&agrave; s&agrave;nh điệu với Qu&agrave; tặng Got It.&nbsp;</p>\r\n', 2753, NULL, '2024-06-26', 2000000),
	(33, 1408, 'Thẻ Quà Tặng Đa Năng ', '<p>Qu&agrave; Tặng Got It được sử dụng dễ d&agrave;ng tại c&aacute;c cửa h&agrave;ng thuộc hệ thống đối t&aacute;c của Got It.&nbsp;</p>\r\n\r\n<p>C&ugrave;ng Got It thể hiện sự quan t&acirc;m với những m&oacute;n qu&agrave; đa dạng, chất lượng từ c&aacute;c thương hiệu uy t&iacute;n.</p>\r\n\r\n<p>Qu&agrave; Tặng Got It được &aacute;p dụng đồng thời chương tr&igrave;nh khuyến m&atilde;i tại:</p>\r\n\r\n<p>- Highlands Coffee, Ding Tea, Beard Papa&#39;s, Smoothie Factory, BreadTalk, The Sushi Bar, ThaiExpress, Ng&otilde;-Restaurant, Shabu Ya, Spice Temple, SumoBBQ, GoGi House, Kichi Kichi, Daruma, Ashima, iSushi, Ba Con Cừu, Osaka Osho, Itacho Ramen, Vuvuzela, K-Pub, Crystal Jade Kitchen, Cowboy&#39;s Jack, City Beer Station, Manwah, Hutong, Phố Ngon 37, Kintaro Udon, Magic Pan, Sừng Quăn, iCook, Shogun, Ho&agrave;ng Yến Buffet, Ho&agrave;ng Yến Buffet Premier, Ho&agrave;ng Yến Hot Pot, Stix, Taka, John Henry, Aino Sofia, Freelancer, Vera, Wow, Jockey, Ministop, 3Sach Food, Yves Rocher France, Lock&amp;Lock, Plus One.</p>\r\n\r\n<p>- Tous les Jours: &aacute;p dụng ưu đ&atilde;i, kh&ocirc;ng &aacute;p dụng khuyến m&atilde;i.</p>\r\n\r\n<p>- Baskin Robbins: kh&ocirc;ng &aacute;p dụng khuyến m&atilde;i v&agrave;o c&aacute;c ng&agrave;y Lễ, Tết.</p>\r\n\r\n<p>- Shop&amp;Go: &aacute;p dụng tất cả sản phẩm, ngoại trừ Phone Card/ Payoo/ Thuốc L&aacute;/ Rượu.</p>\r\n\r\n<p>- Ministop: &aacute;p dụng tất cả sản phẩm, trừ c&aacute;c sản phẩm của b&ecirc;n thứ 3.</p>\r\n\r\n<p>Qu&agrave; Tặng Got It kh&ocirc;ng được &aacute;p dụng khuyến m&atilde;i tại:</p>\r\n\r\n<p>- Ph&uacute;c Long, Catherine Denoual Maison, Glow Sky Bar, Urban Kitchen Bar, Shooz, Geox.</p>\r\n\r\n<p>Sử dụng tại Lotte Mart, vui l&ograve;ng lưu &yacute;:</p>\r\n\r\n<p>- Mỗi eGift chỉ sử dụng được 1 lần. Được &aacute;p dụng nhiều eGift tr&ecirc;n một ho&aacute; đơn nhưng kh&ocirc;ng &aacute;p dụng qu&aacute; 10 eGift (kh&ocirc;ng ph&acirc;n biệt mệnh gi&aacute;). Vui l&ograve;ng t&aacute;ch ho&aacute; đơn nếu muốn sử dụng nhiều hơn 10 eGift.</p>\r\n\r\n<p>- Lotte Mart kh&ocirc;ng nhận trả h&agrave;ng, kh&ocirc;ng hủy h&oacute;a đơn v&agrave; kh&ocirc;ng ho&agrave;n tiền cho những h&oacute;a đơn thanh to&aacute;n bằng Got It eGift.</p>\r\n\r\n<p>- Lotte Mart kh&ocirc;ng ho&agrave;n lại tiền thừa ch&ecirc;nh lệch giữa mệnh gi&aacute; eGift v&agrave; gi&aacute; trị h&oacute;a đơn.</p>\r\n\r\n<p>- Lotte Mart kh&ocirc;ng xuất h&oacute;a đơn cho những h&oacute;a đơn thanh to&aacute;n bằng Got It, kể cả với c&aacute;c h&igrave;nh thức thanh to&aacute;n kh&aacute;c như tiền mặt, thẻ ng&acirc;n h&agrave;ng...</p>\r\n\r\n<p>- Trong trường hợp kh&aacute;ch h&agrave;ng muốn xuất h&oacute;a đơn cho phần thanh to&aacute;n bằng c&aacute;c h&igrave;nh thức kh&aacute;c vui l&ograve;ng b&aacute;o trước cho thu ng&acirc;n để xuất h&oacute;a đơn ri&ecirc;ng. Mọi trường hợp xuất chung h&oacute;a đơn với h&oacute;a đơn thanh to&aacute;n bằng Got It eGift , Lotte Mart sẽ từ chối giải quyết.</p>\r\n', '<p>Thật nhanh ch&oacute;ng v&agrave; dễ d&agrave;ng để gửi tặng những m&oacute;n qu&agrave; s&agrave;nh điệu với Qu&agrave; tặng Got It.&nbsp;</p>\r\n', 12925, NULL, '2024-06-26', 2000000),
	(34, 1408, 'Thẻ Quà Tặng Đa Năng ', '<p>Qu&agrave; Tặng Got It được sử dụng dễ d&agrave;ng tại c&aacute;c cửa h&agrave;ng thuộc hệ thống đối t&aacute;c của Got It.&nbsp;</p>\r\n\r\n<p>C&ugrave;ng Got It thể hiện sự quan t&acirc;m với những m&oacute;n qu&agrave; đa dạng, chất lượng từ c&aacute;c thương hiệu uy t&iacute;n.</p>\r\n\r\n<p>Qu&agrave; Tặng Got It được &aacute;p dụng đồng thời chương tr&igrave;nh khuyến m&atilde;i tại:</p>\r\n\r\n<p>- Highlands Coffee, Ding Tea, Beard Papa&#39;s, Smoothie Factory, BreadTalk, The Sushi Bar, ThaiExpress, Ng&otilde;-Restaurant, Shabu Ya, Spice Temple, SumoBBQ, GoGi House, Kichi Kichi, Daruma, Ashima, iSushi, Ba Con Cừu, Osaka Osho, Itacho Ramen, Vuvuzela, K-Pub, Crystal Jade Kitchen, Cowboy&#39;s Jack, City Beer Station, Manwah, Hutong, Phố Ngon 37, Kintaro Udon, Magic Pan, Sừng Quăn, iCook, Shogun, Ho&agrave;ng Yến Buffet, Ho&agrave;ng Yến Buffet Premier, Ho&agrave;ng Yến Hot Pot, Stix, Taka, John Henry, Aino Sofia, Freelancer, Vera, Wow, Jockey, Ministop, 3Sach Food, Yves Rocher France, Lock&amp;Lock, Plus One.</p>\r\n\r\n<p>- Tous les Jours: &aacute;p dụng ưu đ&atilde;i, kh&ocirc;ng &aacute;p dụng khuyến m&atilde;i.</p>\r\n\r\n<p>- Baskin Robbins: kh&ocirc;ng &aacute;p dụng khuyến m&atilde;i v&agrave;o c&aacute;c ng&agrave;y Lễ, Tết.</p>\r\n\r\n<p>- Shop&amp;Go: &aacute;p dụng tất cả sản phẩm, ngoại trừ Phone Card/ Payoo/ Thuốc L&aacute;/ Rượu.</p>\r\n\r\n<p>- Ministop: &aacute;p dụng tất cả sản phẩm, trừ c&aacute;c sản phẩm của b&ecirc;n thứ 3.</p>\r\n\r\n<p>Qu&agrave; Tặng Got It kh&ocirc;ng được &aacute;p dụng khuyến m&atilde;i tại:</p>\r\n\r\n<p>- Ph&uacute;c Long, Catherine Denoual Maison, Glow Sky Bar, Urban Kitchen Bar, Shooz, Geox.</p>\r\n\r\n<p>Sử dụng tại Lotte Mart, vui l&ograve;ng lưu &yacute;:</p>\r\n\r\n<p>- Mỗi eGift chỉ sử dụng được 1 lần. Được &aacute;p dụng nhiều eGift tr&ecirc;n một ho&aacute; đơn nhưng kh&ocirc;ng &aacute;p dụng qu&aacute; 10 eGift (kh&ocirc;ng ph&acirc;n biệt mệnh gi&aacute;). Vui l&ograve;ng t&aacute;ch ho&aacute; đơn nếu muốn sử dụng nhiều hơn 10 eGift.</p>\r\n\r\n<p>- Lotte Mart kh&ocirc;ng nhận trả h&agrave;ng, kh&ocirc;ng hủy h&oacute;a đơn v&agrave; kh&ocirc;ng ho&agrave;n tiền cho những h&oacute;a đơn thanh to&aacute;n bằng Got It eGift.</p>\r\n\r\n<p>- Lotte Mart kh&ocirc;ng ho&agrave;n lại tiền thừa ch&ecirc;nh lệch giữa mệnh gi&aacute; eGift v&agrave; gi&aacute; trị h&oacute;a đơn.</p>\r\n\r\n<p>- Lotte Mart kh&ocirc;ng xuất h&oacute;a đơn cho những h&oacute;a đơn thanh to&aacute;n bằng Got It, kể cả với c&aacute;c h&igrave;nh thức thanh to&aacute;n kh&aacute;c như tiền mặt, thẻ ng&acirc;n h&agrave;ng...</p>\r\n\r\n<p>- Trong trường hợp kh&aacute;ch h&agrave;ng muốn xuất h&oacute;a đơn cho phần thanh to&aacute;n bằng c&aacute;c h&igrave;nh thức kh&aacute;c vui l&ograve;ng b&aacute;o trước cho thu ng&acirc;n để xuất h&oacute;a đơn ri&ecirc;ng. Mọi trường hợp xuất chung h&oacute;a đơn với h&oacute;a đơn thanh to&aacute;n bằng Got It eGift , Lotte Mart sẽ từ chối giải quyết.</p>\r\n', '<p>Thật nhanh ch&oacute;ng v&agrave; dễ d&agrave;ng để gửi tặng những m&oacute;n qu&agrave; s&agrave;nh điệu với Qu&agrave; tặng Got It.&nbsp;</p>\r\n', 5389, NULL, '2024-06-26', 2900000),
	(35, 1408, 'Thẻ Quà Tặng Đa Năng ', '<p>Qu&agrave; Tặng Got It được sử dụng dễ d&agrave;ng tại c&aacute;c cửa h&agrave;ng thuộc hệ thống đối t&aacute;c của Got It.&nbsp;</p>\r\n\r\n<p>C&ugrave;ng Got It thể hiện sự quan t&acirc;m với những m&oacute;n qu&agrave; đa dạng, chất lượng từ c&aacute;c thương hiệu uy t&iacute;n.</p>\r\n\r\n<p>Qu&agrave; Tặng Got It được &aacute;p dụng đồng thời chương tr&igrave;nh khuyến m&atilde;i tại:</p>\r\n\r\n<p>- Highlands Coffee, Ding Tea, Beard Papa&#39;s, Smoothie Factory, BreadTalk, The Sushi Bar, ThaiExpress, Ng&otilde;-Restaurant, Shabu Ya, Spice Temple, SumoBBQ, GoGi House, Kichi Kichi, Daruma, Ashima, iSushi, Ba Con Cừu, Osaka Osho, Itacho Ramen, Vuvuzela, K-Pub, Crystal Jade Kitchen, Cowboy&#39;s Jack, City Beer Station, Manwah, Hutong, Phố Ngon 37, Kintaro Udon, Magic Pan, Sừng Quăn, iCook, Shogun, Ho&agrave;ng Yến Buffet, Ho&agrave;ng Yến Buffet Premier, Ho&agrave;ng Yến Hot Pot, Stix, Taka, John Henry, Aino Sofia, Freelancer, Vera, Wow, Jockey, Ministop, 3Sach Food, Yves Rocher France, Lock&amp;Lock, Plus One.</p>\r\n\r\n<p>- Tous les Jours: &aacute;p dụng ưu đ&atilde;i, kh&ocirc;ng &aacute;p dụng khuyến m&atilde;i.</p>\r\n\r\n<p>- Baskin Robbins: kh&ocirc;ng &aacute;p dụng khuyến m&atilde;i v&agrave;o c&aacute;c ng&agrave;y Lễ, Tết.</p>\r\n\r\n<p>- Shop&amp;Go: &aacute;p dụng tất cả sản phẩm, ngoại trừ Phone Card/ Payoo/ Thuốc L&aacute;/ Rượu.</p>\r\n\r\n<p>- Ministop: &aacute;p dụng tất cả sản phẩm, trừ c&aacute;c sản phẩm của b&ecirc;n thứ 3.</p>\r\n\r\n<p>Qu&agrave; Tặng Got It kh&ocirc;ng được &aacute;p dụng khuyến m&atilde;i tại:</p>\r\n\r\n<p>- Ph&uacute;c Long, Catherine Denoual Maison, Glow Sky Bar, Urban Kitchen Bar, Shooz, Geox.</p>\r\n\r\n<p>Sử dụng tại Lotte Mart, vui l&ograve;ng lưu &yacute;:</p>\r\n\r\n<p>- Mỗi eGift chỉ sử dụng được 1 lần. Được &aacute;p dụng nhiều eGift tr&ecirc;n một ho&aacute; đơn nhưng kh&ocirc;ng &aacute;p dụng qu&aacute; 10 eGift (kh&ocirc;ng ph&acirc;n biệt mệnh gi&aacute;). Vui l&ograve;ng t&aacute;ch ho&aacute; đơn nếu muốn sử dụng nhiều hơn 10 eGift.</p>\r\n\r\n<p>- Lotte Mart kh&ocirc;ng nhận trả h&agrave;ng, kh&ocirc;ng hủy h&oacute;a đơn v&agrave; kh&ocirc;ng ho&agrave;n tiền cho những h&oacute;a đơn thanh to&aacute;n bằng Got It eGift.</p>\r\n\r\n<p>- Lotte Mart kh&ocirc;ng ho&agrave;n lại tiền thừa ch&ecirc;nh lệch giữa mệnh gi&aacute; eGift v&agrave; gi&aacute; trị h&oacute;a đơn.</p>\r\n\r\n<p>- Lotte Mart kh&ocirc;ng xuất h&oacute;a đơn cho những h&oacute;a đơn thanh to&aacute;n bằng Got It, kể cả với c&aacute;c h&igrave;nh thức thanh to&aacute;n kh&aacute;c như tiền mặt, thẻ ng&acirc;n h&agrave;ng...</p>\r\n\r\n<p>- Trong trường hợp kh&aacute;ch h&agrave;ng muốn xuất h&oacute;a đơn cho phần thanh to&aacute;n bằng c&aacute;c h&igrave;nh thức kh&aacute;c vui l&ograve;ng b&aacute;o trước cho thu ng&acirc;n để xuất h&oacute;a đơn ri&ecirc;ng. Mọi trường hợp xuất chung h&oacute;a đơn với h&oacute;a đơn thanh to&aacute;n bằng Got It eGift , Lotte Mart sẽ từ chối giải quyết.</p>\r\n', '<p>Thật nhanh ch&oacute;ng v&agrave; dễ d&agrave;ng để gửi tặng những m&oacute;n qu&agrave; s&agrave;nh điệu với Qu&agrave; tặng Got It.&nbsp;</p>\r\n', 2763, NULL, '2024-06-26', 3000000),
	(36, 1408, 'Thẻ Quà Tặng Đa Năng ', '<p>Qu&agrave; Tặng Got It được sử dụng dễ d&agrave;ng tại c&aacute;c cửa h&agrave;ng thuộc hệ thống đối t&aacute;c của Got It.&nbsp;</p>\r\n\r\n<p>C&ugrave;ng Got It thể hiện sự quan t&acirc;m với những m&oacute;n qu&agrave; đa dạng, chất lượng từ c&aacute;c thương hiệu uy t&iacute;n.</p>\r\n\r\n<p>Qu&agrave; Tặng Got It được &aacute;p dụng đồng thời chương tr&igrave;nh khuyến m&atilde;i tại:</p>\r\n\r\n<p>- Highlands Coffee, Ding Tea, Beard Papa&#39;s, Smoothie Factory, BreadTalk, The Sushi Bar, ThaiExpress, Ng&otilde;-Restaurant, Shabu Ya, Spice Temple, SumoBBQ, GoGi House, Kichi Kichi, Daruma, Ashima, iSushi, Ba Con Cừu, Osaka Osho, Itacho Ramen, Vuvuzela, K-Pub, Crystal Jade Kitchen, Cowboy&#39;s Jack, City Beer Station, Manwah, Hutong, Phố Ngon 37, Kintaro Udon, Magic Pan, Sừng Quăn, iCook, Shogun, Ho&agrave;ng Yến Buffet, Ho&agrave;ng Yến Buffet Premier, Ho&agrave;ng Yến Hot Pot, Stix, Taka, John Henry, Aino Sofia, Freelancer, Vera, Wow, Jockey, Ministop, 3Sach Food, Yves Rocher France, Lock&amp;Lock, Plus One.</p>\r\n\r\n<p>- Tous les Jours: &aacute;p dụng ưu đ&atilde;i, kh&ocirc;ng &aacute;p dụng khuyến m&atilde;i.</p>\r\n\r\n<p>- Baskin Robbins: kh&ocirc;ng &aacute;p dụng khuyến m&atilde;i v&agrave;o c&aacute;c ng&agrave;y Lễ, Tết.</p>\r\n\r\n<p>- Shop&amp;Go: &aacute;p dụng tất cả sản phẩm, ngoại trừ Phone Card/ Payoo/ Thuốc L&aacute;/ Rượu.</p>\r\n\r\n<p>- Ministop: &aacute;p dụng tất cả sản phẩm, trừ c&aacute;c sản phẩm của b&ecirc;n thứ 3.</p>\r\n\r\n<p>Qu&agrave; Tặng Got It kh&ocirc;ng được &aacute;p dụng khuyến m&atilde;i tại:</p>\r\n\r\n<p>- Ph&uacute;c Long, Catherine Denoual Maison, Glow Sky Bar, Urban Kitchen Bar, Shooz, Geox.</p>\r\n\r\n<p>Sử dụng tại Lotte Mart, vui l&ograve;ng lưu &yacute;:</p>\r\n\r\n<p>- Mỗi eGift chỉ sử dụng được 1 lần. Được &aacute;p dụng nhiều eGift tr&ecirc;n một ho&aacute; đơn nhưng kh&ocirc;ng &aacute;p dụng qu&aacute; 10 eGift (kh&ocirc;ng ph&acirc;n biệt mệnh gi&aacute;). Vui l&ograve;ng t&aacute;ch ho&aacute; đơn nếu muốn sử dụng nhiều hơn 10 eGift.</p>\r\n\r\n<p>- Lotte Mart kh&ocirc;ng nhận trả h&agrave;ng, kh&ocirc;ng hủy h&oacute;a đơn v&agrave; kh&ocirc;ng ho&agrave;n tiền cho những h&oacute;a đơn thanh to&aacute;n bằng Got It eGift.</p>\r\n\r\n<p>- Lotte Mart kh&ocirc;ng ho&agrave;n lại tiền thừa ch&ecirc;nh lệch giữa mệnh gi&aacute; eGift v&agrave; gi&aacute; trị h&oacute;a đơn.</p>\r\n\r\n<p>- Lotte Mart kh&ocirc;ng xuất h&oacute;a đơn cho những h&oacute;a đơn thanh to&aacute;n bằng Got It, kể cả với c&aacute;c h&igrave;nh thức thanh to&aacute;n kh&aacute;c như tiền mặt, thẻ ng&acirc;n h&agrave;ng...</p>\r\n\r\n<p>- Trong trường hợp kh&aacute;ch h&agrave;ng muốn xuất h&oacute;a đơn cho phần thanh to&aacute;n bằng c&aacute;c h&igrave;nh thức kh&aacute;c vui l&ograve;ng b&aacute;o trước cho thu ng&acirc;n để xuất h&oacute;a đơn ri&ecirc;ng. Mọi trường hợp xuất chung h&oacute;a đơn với h&oacute;a đơn thanh to&aacute;n bằng Got It eGift , Lotte Mart sẽ từ chối giải quyết.</p>\r\n', '<p>Thật nhanh ch&oacute;ng v&agrave; dễ d&agrave;ng để gửi tặng những m&oacute;n qu&agrave; s&agrave;nh điệu với Qu&agrave; tặng Got It.&nbsp;</p>\r\n', 2756, NULL, '2024-06-26', 3000000),
	(37, 1408, 'Thẻ Quà Tặng Đa Năng ', '<p>Qu&agrave; Tặng Got It được sử dụng dễ d&agrave;ng tại c&aacute;c cửa h&agrave;ng thuộc hệ thống đối t&aacute;c của Got It.&nbsp;</p>\r\n\r\n<p>C&ugrave;ng Got It thể hiện sự quan t&acirc;m với những m&oacute;n qu&agrave; đa dạng, chất lượng từ c&aacute;c thương hiệu uy t&iacute;n.</p>\r\n\r\n<p>Qu&agrave; Tặng Got It được &aacute;p dụng đồng thời chương tr&igrave;nh khuyến m&atilde;i tại:</p>\r\n\r\n<p>- Highlands Coffee, Ding Tea, Beard Papa&#39;s, Smoothie Factory, BreadTalk, The Sushi Bar, ThaiExpress, Ng&otilde;-Restaurant, Shabu Ya, Spice Temple, SumoBBQ, GoGi House, Kichi Kichi, Daruma, Ashima, iSushi, Ba Con Cừu, Osaka Osho, Itacho Ramen, Vuvuzela, K-Pub, Crystal Jade Kitchen, Cowboy&#39;s Jack, City Beer Station, Manwah, Hutong, Phố Ngon 37, Kintaro Udon, Magic Pan, Sừng Quăn, iCook, Shogun, Ho&agrave;ng Yến Buffet, Ho&agrave;ng Yến Buffet Premier, Ho&agrave;ng Yến Hot Pot, Stix, Taka, John Henry, Aino Sofia, Freelancer, Vera, Wow, Jockey, Ministop, 3Sach Food, Yves Rocher France, Lock&amp;Lock, Plus One.</p>\r\n\r\n<p>- Tous les Jours: &aacute;p dụng ưu đ&atilde;i, kh&ocirc;ng &aacute;p dụng khuyến m&atilde;i.</p>\r\n\r\n<p>- Baskin Robbins: kh&ocirc;ng &aacute;p dụng khuyến m&atilde;i v&agrave;o c&aacute;c ng&agrave;y Lễ, Tết.</p>\r\n\r\n<p>- Shop&amp;Go: &aacute;p dụng tất cả sản phẩm, ngoại trừ Phone Card/ Payoo/ Thuốc L&aacute;/ Rượu.</p>\r\n\r\n<p>- Ministop: &aacute;p dụng tất cả sản phẩm, trừ c&aacute;c sản phẩm của b&ecirc;n thứ 3.</p>\r\n\r\n<p>Qu&agrave; Tặng Got It kh&ocirc;ng được &aacute;p dụng khuyến m&atilde;i tại:</p>\r\n\r\n<p>- Ph&uacute;c Long, Catherine Denoual Maison, Glow Sky Bar, Urban Kitchen Bar, Shooz, Geox.</p>\r\n\r\n<p>Sử dụng tại Lotte Mart, vui l&ograve;ng lưu &yacute;:</p>\r\n\r\n<p>- Mỗi eGift chỉ sử dụng được 1 lần. Được &aacute;p dụng nhiều eGift tr&ecirc;n một ho&aacute; đơn nhưng kh&ocirc;ng &aacute;p dụng qu&aacute; 10 eGift (kh&ocirc;ng ph&acirc;n biệt mệnh gi&aacute;). Vui l&ograve;ng t&aacute;ch ho&aacute; đơn nếu muốn sử dụng nhiều hơn 10 eGift.</p>\r\n\r\n<p>- Lotte Mart kh&ocirc;ng nhận trả h&agrave;ng, kh&ocirc;ng hủy h&oacute;a đơn v&agrave; kh&ocirc;ng ho&agrave;n tiền cho những h&oacute;a đơn thanh to&aacute;n bằng Got It eGift.</p>\r\n\r\n<p>- Lotte Mart kh&ocirc;ng ho&agrave;n lại tiền thừa ch&ecirc;nh lệch giữa mệnh gi&aacute; eGift v&agrave; gi&aacute; trị h&oacute;a đơn.</p>\r\n\r\n<p>- Lotte Mart kh&ocirc;ng xuất h&oacute;a đơn cho những h&oacute;a đơn thanh to&aacute;n bằng Got It, kể cả với c&aacute;c h&igrave;nh thức thanh to&aacute;n kh&aacute;c như tiền mặt, thẻ ng&acirc;n h&agrave;ng...</p>\r\n\r\n<p>- Trong trường hợp kh&aacute;ch h&agrave;ng muốn xuất h&oacute;a đơn cho phần thanh to&aacute;n bằng c&aacute;c h&igrave;nh thức kh&aacute;c vui l&ograve;ng b&aacute;o trước cho thu ng&acirc;n để xuất h&oacute;a đơn ri&ecirc;ng. Mọi trường hợp xuất chung h&oacute;a đơn với h&oacute;a đơn thanh to&aacute;n bằng Got It eGift , Lotte Mart sẽ từ chối giải quyết.</p>\r\n', '<p>Thật nhanh ch&oacute;ng v&agrave; dễ d&agrave;ng để gửi tặng những m&oacute;n qu&agrave; s&agrave;nh điệu với Qu&agrave; tặng Got It.&nbsp;</p>\r\n', 5390, NULL, '2024-06-26', 4000000),
	(38, 1408, 'Thẻ Quà Tặng Đa Năng ', '<p>Qu&agrave; Tặng Got It được sử dụng dễ d&agrave;ng tại c&aacute;c cửa h&agrave;ng thuộc hệ thống đối t&aacute;c của Got It.&nbsp;</p>\r\n\r\n<p>C&ugrave;ng Got It thể hiện sự quan t&acirc;m với những m&oacute;n qu&agrave; đa dạng, chất lượng từ c&aacute;c thương hiệu uy t&iacute;n.</p>\r\n\r\n<p>Qu&agrave; Tặng Got It được &aacute;p dụng đồng thời chương tr&igrave;nh khuyến m&atilde;i tại:</p>\r\n\r\n<p>- Highlands Coffee, Ding Tea, Beard Papa&#39;s, Smoothie Factory, BreadTalk, The Sushi Bar, ThaiExpress, Ng&otilde;-Restaurant, Shabu Ya, Spice Temple, SumoBBQ, GoGi House, Kichi Kichi, Daruma, Ashima, iSushi, Ba Con Cừu, Osaka Osho, Itacho Ramen, Vuvuzela, K-Pub, Crystal Jade Kitchen, Cowboy&#39;s Jack, City Beer Station, Manwah, Hutong, Phố Ngon 37, Kintaro Udon, Magic Pan, Sừng Quăn, iCook, Shogun, Ho&agrave;ng Yến Buffet, Ho&agrave;ng Yến Buffet Premier, Ho&agrave;ng Yến Hot Pot, Stix, Taka, John Henry, Aino Sofia, Freelancer, Vera, Wow, Jockey, Ministop, 3Sach Food, Yves Rocher France, Lock&amp;Lock, Plus One.</p>\r\n\r\n<p>- Tous les Jours: &aacute;p dụng ưu đ&atilde;i, kh&ocirc;ng &aacute;p dụng khuyến m&atilde;i.</p>\r\n\r\n<p>- Baskin Robbins: kh&ocirc;ng &aacute;p dụng khuyến m&atilde;i v&agrave;o c&aacute;c ng&agrave;y Lễ, Tết.</p>\r\n\r\n<p>- Shop&amp;Go: &aacute;p dụng tất cả sản phẩm, ngoại trừ Phone Card/ Payoo/ Thuốc L&aacute;/ Rượu.</p>\r\n\r\n<p>- Ministop: &aacute;p dụng tất cả sản phẩm, trừ c&aacute;c sản phẩm của b&ecirc;n thứ 3.</p>\r\n\r\n<p>Qu&agrave; Tặng Got It kh&ocirc;ng được &aacute;p dụng khuyến m&atilde;i tại:</p>\r\n\r\n<p>- Ph&uacute;c Long, Catherine Denoual Maison, Glow Sky Bar, Urban Kitchen Bar, Shooz, Geox.</p>\r\n\r\n<p>Sử dụng tại Lotte Mart, vui l&ograve;ng lưu &yacute;:</p>\r\n\r\n<p>- Mỗi eGift chỉ sử dụng được 1 lần. Được &aacute;p dụng nhiều eGift tr&ecirc;n một ho&aacute; đơn nhưng kh&ocirc;ng &aacute;p dụng qu&aacute; 10 eGift (kh&ocirc;ng ph&acirc;n biệt mệnh gi&aacute;). Vui l&ograve;ng t&aacute;ch ho&aacute; đơn nếu muốn sử dụng nhiều hơn 10 eGift.</p>\r\n\r\n<p>- Lotte Mart kh&ocirc;ng nhận trả h&agrave;ng, kh&ocirc;ng hủy h&oacute;a đơn v&agrave; kh&ocirc;ng ho&agrave;n tiền cho những h&oacute;a đơn thanh to&aacute;n bằng Got It eGift.</p>\r\n\r\n<p>- Lotte Mart kh&ocirc;ng ho&agrave;n lại tiền thừa ch&ecirc;nh lệch giữa mệnh gi&aacute; eGift v&agrave; gi&aacute; trị h&oacute;a đơn.</p>\r\n\r\n<p>- Lotte Mart kh&ocirc;ng xuất h&oacute;a đơn cho những h&oacute;a đơn thanh to&aacute;n bằng Got It, kể cả với c&aacute;c h&igrave;nh thức thanh to&aacute;n kh&aacute;c như tiền mặt, thẻ ng&acirc;n h&agrave;ng...</p>\r\n\r\n<p>- Trong trường hợp kh&aacute;ch h&agrave;ng muốn xuất h&oacute;a đơn cho phần thanh to&aacute;n bằng c&aacute;c h&igrave;nh thức kh&aacute;c vui l&ograve;ng b&aacute;o trước cho thu ng&acirc;n để xuất h&oacute;a đơn ri&ecirc;ng. Mọi trường hợp xuất chung h&oacute;a đơn với h&oacute;a đơn thanh to&aacute;n bằng Got It eGift , Lotte Mart sẽ từ chối giải quyết.</p>\r\n', '<p>Thật nhanh ch&oacute;ng v&agrave; dễ d&agrave;ng để gửi tặng những m&oacute;n qu&agrave; s&agrave;nh điệu với Qu&agrave; tặng Got It.&nbsp;</p>\r\n', 5782, NULL, '2024-06-26', 5000000),
	(39, 1408, 'Thẻ Quà Tặng Đa Năng ', '<p>Qu&agrave; Tặng Got It được sử dụng dễ d&agrave;ng tại c&aacute;c cửa h&agrave;ng thuộc hệ thống đối t&aacute;c của Got It.&nbsp;</p>\r\n\r\n<p>C&ugrave;ng Got It thể hiện sự quan t&acirc;m với những m&oacute;n qu&agrave; đa dạng, chất lượng từ c&aacute;c thương hiệu uy t&iacute;n.</p>\r\n\r\n<p>Qu&agrave; Tặng Got It được &aacute;p dụng đồng thời chương tr&igrave;nh khuyến m&atilde;i tại:</p>\r\n\r\n<p>- Highlands Coffee, Ding Tea, Beard Papa&#39;s, Smoothie Factory, BreadTalk, The Sushi Bar, ThaiExpress, Ng&otilde;-Restaurant, Shabu Ya, Spice Temple, SumoBBQ, GoGi House, Kichi Kichi, Daruma, Ashima, iSushi, Ba Con Cừu, Osaka Osho, Itacho Ramen, Vuvuzela, K-Pub, Crystal Jade Kitchen, Cowboy&#39;s Jack, City Beer Station, Manwah, Hutong, Phố Ngon 37, Kintaro Udon, Magic Pan, Sừng Quăn, iCook, Shogun, Ho&agrave;ng Yến Buffet, Ho&agrave;ng Yến Buffet Premier, Ho&agrave;ng Yến Hot Pot, Stix, Taka, John Henry, Aino Sofia, Freelancer, Vera, Wow, Jockey, Ministop, 3Sach Food, Yves Rocher France, Lock&amp;Lock, Plus One.</p>\r\n\r\n<p>- Tous les Jours: &aacute;p dụng ưu đ&atilde;i, kh&ocirc;ng &aacute;p dụng khuyến m&atilde;i.</p>\r\n\r\n<p>- Baskin Robbins: kh&ocirc;ng &aacute;p dụng khuyến m&atilde;i v&agrave;o c&aacute;c ng&agrave;y Lễ, Tết.</p>\r\n\r\n<p>- Shop&amp;Go: &aacute;p dụng tất cả sản phẩm, ngoại trừ Phone Card/ Payoo/ Thuốc L&aacute;/ Rượu.</p>\r\n\r\n<p>- Ministop: &aacute;p dụng tất cả sản phẩm, trừ c&aacute;c sản phẩm của b&ecirc;n thứ 3.</p>\r\n\r\n<p>Qu&agrave; Tặng Got It kh&ocirc;ng được &aacute;p dụng khuyến m&atilde;i tại:</p>\r\n\r\n<p>- Ph&uacute;c Long, Catherine Denoual Maison, Glow Sky Bar, Urban Kitchen Bar, Shooz, Geox.</p>\r\n\r\n<p>Sử dụng tại Lotte Mart, vui l&ograve;ng lưu &yacute;:</p>\r\n\r\n<p>- Mỗi eGift chỉ sử dụng được 1 lần. Được &aacute;p dụng nhiều eGift tr&ecirc;n một ho&aacute; đơn nhưng kh&ocirc;ng &aacute;p dụng qu&aacute; 10 eGift (kh&ocirc;ng ph&acirc;n biệt mệnh gi&aacute;). Vui l&ograve;ng t&aacute;ch ho&aacute; đơn nếu muốn sử dụng nhiều hơn 10 eGift.</p>\r\n\r\n<p>- Lotte Mart kh&ocirc;ng nhận trả h&agrave;ng, kh&ocirc;ng hủy h&oacute;a đơn v&agrave; kh&ocirc;ng ho&agrave;n tiền cho những h&oacute;a đơn thanh to&aacute;n bằng Got It eGift.</p>\r\n\r\n<p>- Lotte Mart kh&ocirc;ng ho&agrave;n lại tiền thừa ch&ecirc;nh lệch giữa mệnh gi&aacute; eGift v&agrave; gi&aacute; trị h&oacute;a đơn.</p>\r\n\r\n<p>- Lotte Mart kh&ocirc;ng xuất h&oacute;a đơn cho những h&oacute;a đơn thanh to&aacute;n bằng Got It, kể cả với c&aacute;c h&igrave;nh thức thanh to&aacute;n kh&aacute;c như tiền mặt, thẻ ng&acirc;n h&agrave;ng...</p>\r\n\r\n<p>- Trong trường hợp kh&aacute;ch h&agrave;ng muốn xuất h&oacute;a đơn cho phần thanh to&aacute;n bằng c&aacute;c h&igrave;nh thức kh&aacute;c vui l&ograve;ng b&aacute;o trước cho thu ng&acirc;n để xuất h&oacute;a đơn ri&ecirc;ng. Mọi trường hợp xuất chung h&oacute;a đơn với h&oacute;a đơn thanh to&aacute;n bằng Got It eGift , Lotte Mart sẽ từ chối giải quyết.</p>\r\n', '<p>Thật nhanh ch&oacute;ng v&agrave; dễ d&agrave;ng để gửi tặng những m&oacute;n qu&agrave; s&agrave;nh điệu với Qu&agrave; tặng Got It.&nbsp;</p>\r\n', 10248, NULL, '2024-06-26', 6000000),
	(40, 1408, 'Thẻ Quà Tặng Đa Năng ', '<p>Qu&agrave; Tặng Got It được sử dụng dễ d&agrave;ng tại c&aacute;c cửa h&agrave;ng thuộc hệ thống đối t&aacute;c của Got It.&nbsp;</p>\r\n\r\n<p>C&ugrave;ng Got It thể hiện sự quan t&acirc;m với những m&oacute;n qu&agrave; đa dạng, chất lượng từ c&aacute;c thương hiệu uy t&iacute;n.</p>\r\n\r\n<p>Qu&agrave; Tặng Got It được &aacute;p dụng đồng thời chương tr&igrave;nh khuyến m&atilde;i tại:</p>\r\n\r\n<p>- Highlands Coffee, Ding Tea, Beard Papa&#39;s, Smoothie Factory, BreadTalk, The Sushi Bar, ThaiExpress, Ng&otilde;-Restaurant, Shabu Ya, Spice Temple, SumoBBQ, GoGi House, Kichi Kichi, Daruma, Ashima, iSushi, Ba Con Cừu, Osaka Osho, Itacho Ramen, Vuvuzela, K-Pub, Crystal Jade Kitchen, Cowboy&#39;s Jack, City Beer Station, Manwah, Hutong, Phố Ngon 37, Kintaro Udon, Magic Pan, Sừng Quăn, iCook, Shogun, Ho&agrave;ng Yến Buffet, Ho&agrave;ng Yến Buffet Premier, Ho&agrave;ng Yến Hot Pot, Stix, Taka, John Henry, Aino Sofia, Freelancer, Vera, Wow, Jockey, Ministop, 3Sach Food, Yves Rocher France, Lock&amp;Lock, Plus One.</p>\r\n\r\n<p>- Tous les Jours: &aacute;p dụng ưu đ&atilde;i, kh&ocirc;ng &aacute;p dụng khuyến m&atilde;i.</p>\r\n\r\n<p>- Baskin Robbins: kh&ocirc;ng &aacute;p dụng khuyến m&atilde;i v&agrave;o c&aacute;c ng&agrave;y Lễ, Tết.</p>\r\n\r\n<p>- Shop&amp;Go: &aacute;p dụng tất cả sản phẩm, ngoại trừ Phone Card/ Payoo/ Thuốc L&aacute;/ Rượu.</p>\r\n\r\n<p>- Ministop: &aacute;p dụng tất cả sản phẩm, trừ c&aacute;c sản phẩm của b&ecirc;n thứ 3.</p>\r\n\r\n<p>Qu&agrave; Tặng Got It kh&ocirc;ng được &aacute;p dụng khuyến m&atilde;i tại:</p>\r\n\r\n<p>- Ph&uacute;c Long, Catherine Denoual Maison, Glow Sky Bar, Urban Kitchen Bar, Shooz, Geox.</p>\r\n\r\n<p>Sử dụng tại Lotte Mart, vui l&ograve;ng lưu &yacute;:</p>\r\n\r\n<p>- Mỗi eGift chỉ sử dụng được 1 lần. Được &aacute;p dụng nhiều eGift tr&ecirc;n một ho&aacute; đơn nhưng kh&ocirc;ng &aacute;p dụng qu&aacute; 10 eGift (kh&ocirc;ng ph&acirc;n biệt mệnh gi&aacute;). Vui l&ograve;ng t&aacute;ch ho&aacute; đơn nếu muốn sử dụng nhiều hơn 10 eGift.</p>\r\n\r\n<p>- Lotte Mart kh&ocirc;ng nhận trả h&agrave;ng, kh&ocirc;ng hủy h&oacute;a đơn v&agrave; kh&ocirc;ng ho&agrave;n tiền cho những h&oacute;a đơn thanh to&aacute;n bằng Got It eGift.</p>\r\n\r\n<p>- Lotte Mart kh&ocirc;ng ho&agrave;n lại tiền thừa ch&ecirc;nh lệch giữa mệnh gi&aacute; eGift v&agrave; gi&aacute; trị h&oacute;a đơn.</p>\r\n\r\n<p>- Lotte Mart kh&ocirc;ng xuất h&oacute;a đơn cho những h&oacute;a đơn thanh to&aacute;n bằng Got It, kể cả với c&aacute;c h&igrave;nh thức thanh to&aacute;n kh&aacute;c như tiền mặt, thẻ ng&acirc;n h&agrave;ng...</p>\r\n\r\n<p>- Trong trường hợp kh&aacute;ch h&agrave;ng muốn xuất h&oacute;a đơn cho phần thanh to&aacute;n bằng c&aacute;c h&igrave;nh thức kh&aacute;c vui l&ograve;ng b&aacute;o trước cho thu ng&acirc;n để xuất h&oacute;a đơn ri&ecirc;ng. Mọi trường hợp xuất chung h&oacute;a đơn với h&oacute;a đơn thanh to&aacute;n bằng Got It eGift , Lotte Mart sẽ từ chối giải quyết.</p>\r\n', '<p>Thật nhanh ch&oacute;ng v&agrave; dễ d&agrave;ng để gửi tặng những m&oacute;n qu&agrave; s&agrave;nh điệu với Qu&agrave; tặng Got It.&nbsp;</p>\r\n', 10249, NULL, '2024-06-26', 7000000),
	(41, 1408, 'Thẻ Quà Tặng Đa Năng ', '<p>Qu&agrave; Tặng Got It được sử dụng dễ d&agrave;ng tại c&aacute;c cửa h&agrave;ng thuộc hệ thống đối t&aacute;c của Got It.&nbsp;</p>\r\n\r\n<p>C&ugrave;ng Got It thể hiện sự quan t&acirc;m với những m&oacute;n qu&agrave; đa dạng, chất lượng từ c&aacute;c thương hiệu uy t&iacute;n.</p>\r\n\r\n<p>Qu&agrave; Tặng Got It được &aacute;p dụng đồng thời chương tr&igrave;nh khuyến m&atilde;i tại:</p>\r\n\r\n<p>- Highlands Coffee, Ding Tea, Beard Papa&#39;s, Smoothie Factory, BreadTalk, The Sushi Bar, ThaiExpress, Ng&otilde;-Restaurant, Shabu Ya, Spice Temple, SumoBBQ, GoGi House, Kichi Kichi, Daruma, Ashima, iSushi, Ba Con Cừu, Osaka Osho, Itacho Ramen, Vuvuzela, K-Pub, Crystal Jade Kitchen, Cowboy&#39;s Jack, City Beer Station, Manwah, Hutong, Phố Ngon 37, Kintaro Udon, Magic Pan, Sừng Quăn, iCook, Shogun, Ho&agrave;ng Yến Buffet, Ho&agrave;ng Yến Buffet Premier, Ho&agrave;ng Yến Hot Pot, Stix, Taka, John Henry, Aino Sofia, Freelancer, Vera, Wow, Jockey, Ministop, 3Sach Food, Yves Rocher France, Lock&amp;Lock, Plus One.</p>\r\n\r\n<p>- Tous les Jours: &aacute;p dụng ưu đ&atilde;i, kh&ocirc;ng &aacute;p dụng khuyến m&atilde;i.</p>\r\n\r\n<p>- Baskin Robbins: kh&ocirc;ng &aacute;p dụng khuyến m&atilde;i v&agrave;o c&aacute;c ng&agrave;y Lễ, Tết.</p>\r\n\r\n<p>- Shop&amp;Go: &aacute;p dụng tất cả sản phẩm, ngoại trừ Phone Card/ Payoo/ Thuốc L&aacute;/ Rượu.</p>\r\n\r\n<p>- Ministop: &aacute;p dụng tất cả sản phẩm, trừ c&aacute;c sản phẩm của b&ecirc;n thứ 3.</p>\r\n\r\n<p>Qu&agrave; Tặng Got It kh&ocirc;ng được &aacute;p dụng khuyến m&atilde;i tại:</p>\r\n\r\n<p>- Ph&uacute;c Long, Catherine Denoual Maison, Glow Sky Bar, Urban Kitchen Bar, Shooz, Geox.</p>\r\n\r\n<p>Sử dụng tại Lotte Mart, vui l&ograve;ng lưu &yacute;:</p>\r\n\r\n<p>- Mỗi eGift chỉ sử dụng được 1 lần. Được &aacute;p dụng nhiều eGift tr&ecirc;n một ho&aacute; đơn nhưng kh&ocirc;ng &aacute;p dụng qu&aacute; 10 eGift (kh&ocirc;ng ph&acirc;n biệt mệnh gi&aacute;). Vui l&ograve;ng t&aacute;ch ho&aacute; đơn nếu muốn sử dụng nhiều hơn 10 eGift.</p>\r\n\r\n<p>- Lotte Mart kh&ocirc;ng nhận trả h&agrave;ng, kh&ocirc;ng hủy h&oacute;a đơn v&agrave; kh&ocirc;ng ho&agrave;n tiền cho những h&oacute;a đơn thanh to&aacute;n bằng Got It eGift.</p>\r\n\r\n<p>- Lotte Mart kh&ocirc;ng ho&agrave;n lại tiền thừa ch&ecirc;nh lệch giữa mệnh gi&aacute; eGift v&agrave; gi&aacute; trị h&oacute;a đơn.</p>\r\n\r\n<p>- Lotte Mart kh&ocirc;ng xuất h&oacute;a đơn cho những h&oacute;a đơn thanh to&aacute;n bằng Got It, kể cả với c&aacute;c h&igrave;nh thức thanh to&aacute;n kh&aacute;c như tiền mặt, thẻ ng&acirc;n h&agrave;ng...</p>\r\n\r\n<p>- Trong trường hợp kh&aacute;ch h&agrave;ng muốn xuất h&oacute;a đơn cho phần thanh to&aacute;n bằng c&aacute;c h&igrave;nh thức kh&aacute;c vui l&ograve;ng b&aacute;o trước cho thu ng&acirc;n để xuất h&oacute;a đơn ri&ecirc;ng. Mọi trường hợp xuất chung h&oacute;a đơn với h&oacute;a đơn thanh to&aacute;n bằng Got It eGift , Lotte Mart sẽ từ chối giải quyết.</p>\r\n', '<p>Thật nhanh ch&oacute;ng v&agrave; dễ d&agrave;ng để gửi tặng những m&oacute;n qu&agrave; s&agrave;nh điệu với Qu&agrave; tặng Got It.&nbsp;</p>\r\n', 10250, NULL, '2024-06-26', 8000000),
	(42, 1408, 'Thẻ Quà Tặng Đa Năng ', '<p>Qu&agrave; Tặng Got It được sử dụng dễ d&agrave;ng tại c&aacute;c cửa h&agrave;ng thuộc hệ thống đối t&aacute;c của Got It.&nbsp;</p>\r\n\r\n<p>C&ugrave;ng Got It thể hiện sự quan t&acirc;m với những m&oacute;n qu&agrave; đa dạng, chất lượng từ c&aacute;c thương hiệu uy t&iacute;n.</p>\r\n\r\n<p>Qu&agrave; Tặng Got It được &aacute;p dụng đồng thời chương tr&igrave;nh khuyến m&atilde;i tại:</p>\r\n\r\n<p>- Highlands Coffee, Ding Tea, Beard Papa&#39;s, Smoothie Factory, BreadTalk, The Sushi Bar, ThaiExpress, Ng&otilde;-Restaurant, Shabu Ya, Spice Temple, SumoBBQ, GoGi House, Kichi Kichi, Daruma, Ashima, iSushi, Ba Con Cừu, Osaka Osho, Itacho Ramen, Vuvuzela, K-Pub, Crystal Jade Kitchen, Cowboy&#39;s Jack, City Beer Station, Manwah, Hutong, Phố Ngon 37, Kintaro Udon, Magic Pan, Sừng Quăn, iCook, Shogun, Ho&agrave;ng Yến Buffet, Ho&agrave;ng Yến Buffet Premier, Ho&agrave;ng Yến Hot Pot, Stix, Taka, John Henry, Aino Sofia, Freelancer, Vera, Wow, Jockey, Ministop, 3Sach Food, Yves Rocher France, Lock&amp;Lock, Plus One.</p>\r\n\r\n<p>- Tous les Jours: &aacute;p dụng ưu đ&atilde;i, kh&ocirc;ng &aacute;p dụng khuyến m&atilde;i.</p>\r\n\r\n<p>- Baskin Robbins: kh&ocirc;ng &aacute;p dụng khuyến m&atilde;i v&agrave;o c&aacute;c ng&agrave;y Lễ, Tết.</p>\r\n\r\n<p>- Shop&amp;Go: &aacute;p dụng tất cả sản phẩm, ngoại trừ Phone Card/ Payoo/ Thuốc L&aacute;/ Rượu.</p>\r\n\r\n<p>- Ministop: &aacute;p dụng tất cả sản phẩm, trừ c&aacute;c sản phẩm của b&ecirc;n thứ 3.</p>\r\n\r\n<p>Qu&agrave; Tặng Got It kh&ocirc;ng được &aacute;p dụng khuyến m&atilde;i tại:</p>\r\n\r\n<p>- Ph&uacute;c Long, Catherine Denoual Maison, Glow Sky Bar, Urban Kitchen Bar, Shooz, Geox.</p>\r\n\r\n<p>Sử dụng tại Lotte Mart, vui l&ograve;ng lưu &yacute;:</p>\r\n\r\n<p>- Mỗi eGift chỉ sử dụng được 1 lần. Được &aacute;p dụng nhiều eGift tr&ecirc;n một ho&aacute; đơn nhưng kh&ocirc;ng &aacute;p dụng qu&aacute; 10 eGift (kh&ocirc;ng ph&acirc;n biệt mệnh gi&aacute;). Vui l&ograve;ng t&aacute;ch ho&aacute; đơn nếu muốn sử dụng nhiều hơn 10 eGift.</p>\r\n\r\n<p>- Lotte Mart kh&ocirc;ng nhận trả h&agrave;ng, kh&ocirc;ng hủy h&oacute;a đơn v&agrave; kh&ocirc;ng ho&agrave;n tiền cho những h&oacute;a đơn thanh to&aacute;n bằng Got It eGift.</p>\r\n\r\n<p>- Lotte Mart kh&ocirc;ng ho&agrave;n lại tiền thừa ch&ecirc;nh lệch giữa mệnh gi&aacute; eGift v&agrave; gi&aacute; trị h&oacute;a đơn.</p>\r\n\r\n<p>- Lotte Mart kh&ocirc;ng xuất h&oacute;a đơn cho những h&oacute;a đơn thanh to&aacute;n bằng Got It, kể cả với c&aacute;c h&igrave;nh thức thanh to&aacute;n kh&aacute;c như tiền mặt, thẻ ng&acirc;n h&agrave;ng...</p>\r\n\r\n<p>- Trong trường hợp kh&aacute;ch h&agrave;ng muốn xuất h&oacute;a đơn cho phần thanh to&aacute;n bằng c&aacute;c h&igrave;nh thức kh&aacute;c vui l&ograve;ng b&aacute;o trước cho thu ng&acirc;n để xuất h&oacute;a đơn ri&ecirc;ng. Mọi trường hợp xuất chung h&oacute;a đơn với h&oacute;a đơn thanh to&aacute;n bằng Got It eGift , Lotte Mart sẽ từ chối giải quyết.</p>\r\n', '<p>Thật nhanh ch&oacute;ng v&agrave; dễ d&agrave;ng để gửi tặng những m&oacute;n qu&agrave; s&agrave;nh điệu với Qu&agrave; tặng Got It.&nbsp;</p>\r\n', 10251, NULL, '2024-06-26', 9000000),
	(43, 1408, 'Thẻ Quà Tặng Đa Năng ', '<p>Qu&agrave; Tặng Got It được sử dụng dễ d&agrave;ng tại c&aacute;c cửa h&agrave;ng thuộc hệ thống đối t&aacute;c của Got It.&nbsp;</p>\r\n\r\n<p>C&ugrave;ng Got It thể hiện sự quan t&acirc;m với những m&oacute;n qu&agrave; đa dạng, chất lượng từ c&aacute;c thương hiệu uy t&iacute;n.</p>\r\n\r\n<p>Qu&agrave; Tặng Got It được &aacute;p dụng đồng thời chương tr&igrave;nh khuyến m&atilde;i tại:</p>\r\n\r\n<p>- Highlands Coffee, Ding Tea, Beard Papa&#39;s, Smoothie Factory, BreadTalk, The Sushi Bar, ThaiExpress, Ng&otilde;-Restaurant, Shabu Ya, Spice Temple, SumoBBQ, GoGi House, Kichi Kichi, Daruma, Ashima, iSushi, Ba Con Cừu, Osaka Osho, Itacho Ramen, Vuvuzela, K-Pub, Crystal Jade Kitchen, Cowboy&#39;s Jack, City Beer Station, Manwah, Hutong, Phố Ngon 37, Kintaro Udon, Magic Pan, Sừng Quăn, iCook, Shogun, Ho&agrave;ng Yến Buffet, Ho&agrave;ng Yến Buffet Premier, Ho&agrave;ng Yến Hot Pot, Stix, Taka, John Henry, Aino Sofia, Freelancer, Vera, Wow, Jockey, Ministop, 3Sach Food, Yves Rocher France, Lock&amp;Lock, Plus One.</p>\r\n\r\n<p>- Tous les Jours: &aacute;p dụng ưu đ&atilde;i, kh&ocirc;ng &aacute;p dụng khuyến m&atilde;i.</p>\r\n\r\n<p>- Baskin Robbins: kh&ocirc;ng &aacute;p dụng khuyến m&atilde;i v&agrave;o c&aacute;c ng&agrave;y Lễ, Tết.</p>\r\n\r\n<p>- Shop&amp;Go: &aacute;p dụng tất cả sản phẩm, ngoại trừ Phone Card/ Payoo/ Thuốc L&aacute;/ Rượu.</p>\r\n\r\n<p>- Ministop: &aacute;p dụng tất cả sản phẩm, trừ c&aacute;c sản phẩm của b&ecirc;n thứ 3.</p>\r\n\r\n<p>Qu&agrave; Tặng Got It kh&ocirc;ng được &aacute;p dụng khuyến m&atilde;i tại:</p>\r\n\r\n<p>- Ph&uacute;c Long, Catherine Denoual Maison, Glow Sky Bar, Urban Kitchen Bar, Shooz, Geox.</p>\r\n\r\n<p>Sử dụng tại Lotte Mart, vui l&ograve;ng lưu &yacute;:</p>\r\n\r\n<p>- Mỗi eGift chỉ sử dụng được 1 lần. Được &aacute;p dụng nhiều eGift tr&ecirc;n một ho&aacute; đơn nhưng kh&ocirc;ng &aacute;p dụng qu&aacute; 10 eGift (kh&ocirc;ng ph&acirc;n biệt mệnh gi&aacute;). Vui l&ograve;ng t&aacute;ch ho&aacute; đơn nếu muốn sử dụng nhiều hơn 10 eGift.</p>\r\n\r\n<p>- Lotte Mart kh&ocirc;ng nhận trả h&agrave;ng, kh&ocirc;ng hủy h&oacute;a đơn v&agrave; kh&ocirc;ng ho&agrave;n tiền cho những h&oacute;a đơn thanh to&aacute;n bằng Got It eGift.</p>\r\n\r\n<p>- Lotte Mart kh&ocirc;ng ho&agrave;n lại tiền thừa ch&ecirc;nh lệch giữa mệnh gi&aacute; eGift v&agrave; gi&aacute; trị h&oacute;a đơn.</p>\r\n\r\n<p>- Lotte Mart kh&ocirc;ng xuất h&oacute;a đơn cho những h&oacute;a đơn thanh to&aacute;n bằng Got It, kể cả với c&aacute;c h&igrave;nh thức thanh to&aacute;n kh&aacute;c như tiền mặt, thẻ ng&acirc;n h&agrave;ng...</p>\r\n\r\n<p>- Trong trường hợp kh&aacute;ch h&agrave;ng muốn xuất h&oacute;a đơn cho phần thanh to&aacute;n bằng c&aacute;c h&igrave;nh thức kh&aacute;c vui l&ograve;ng b&aacute;o trước cho thu ng&acirc;n để xuất h&oacute;a đơn ri&ecirc;ng. Mọi trường hợp xuất chung h&oacute;a đơn với h&oacute;a đơn thanh to&aacute;n bằng Got It eGift , Lotte Mart sẽ từ chối giải quyết.</p>\r\n', '<p>Thật nhanh ch&oacute;ng v&agrave; dễ d&agrave;ng để gửi tặng những m&oacute;n qu&agrave; s&agrave;nh điệu với Qu&agrave; tặng Got It.&nbsp;</p>\r\n', 2766, NULL, '2024-06-26', 10000000);

-- Dumping structure for table winboss_api_pipay.voucher_merchants_logs
CREATE TABLE IF NOT EXISTS `voucher_merchants_logs` (
  `id` int NOT NULL AUTO_INCREMENT,
  `merchant_no` varchar(50) NOT NULL DEFAULT '0',
  `amount` decimal(18,8) NOT NULL DEFAULT '0.00000000',
  `transactionId` varchar(50) NOT NULL DEFAULT '0',
  `voucher_link` varchar(50) NOT NULL DEFAULT '0',
  `voucher_code` varchar(50) NOT NULL DEFAULT '0',
  `voucher_serial` varchar(50) CHARACTER SET utf8mb4 COLLATE utf8mb4_0900_ai_ci DEFAULT NULL,
  `expiryDate` date DEFAULT NULL,
  `voucherName` varchar(50) DEFAULT NULL,
  `signature` varchar(50) CHARACTER SET utf8mb4 COLLATE utf8mb4_0900_ai_ci DEFAULT NULL,
  `created_at` datetime DEFAULT NULL,
  `updated_at` datetime DEFAULT NULL,
  PRIMARY KEY (`id`)
) ENGINE=InnoDB AUTO_INCREMENT=22 DEFAULT CHARSET=utf8mb4 COLLATE=utf8mb4_0900_ai_ci;

-- Dumping data for table winboss_api_pipay.voucher_merchants_logs: ~1 rows (approximately)
INSERT INTO `voucher_merchants_logs` (`id`, `merchant_no`, `amount`, `transactionId`, `voucher_link`, `voucher_code`, `voucher_serial`, `expiryDate`, `voucherName`, `signature`, `created_at`, `updated_at`) VALUES
	(21, 'pipay418948', 10000.00000000, '000578_d42fec5b-457f-4f65-8942-ae3b29c33634', 'https://v-stg.gotit.vn/NydL3n4P', 'NydL3n4P', 'VCN7MPKZFFJ', '2024-12-31', 'Test Got It From pipay- Jul 2024', '8ca8f6bc7ecffe107e4f08bedac39258', '2024-06-24 09:14:32', '2024-06-24 09:14:32');

-- Dumping structure for table winboss_api_pipay.wallets
CREATE TABLE IF NOT EXISTS `wallets` (
  `id` int NOT NULL AUTO_INCREMENT,
  `merchant_id` int DEFAULT NULL,
  `wallet_type_id` int DEFAULT NULL,
  `wallet_name` varchar(256) CHARACTER SET utf8mb4 COLLATE utf8mb4_unicode_ci DEFAULT NULL,
  `balance` decimal(18,8) NOT NULL DEFAULT '0.00000000',
  `created_at` datetime DEFAULT CURRENT_TIMESTAMP,
  `updated_at` datetime DEFAULT NULL,
  PRIMARY KEY (`id`),
  KEY `fk_wallets_wallet_type_id` (`wallet_type_id`),
  KEY `fk_wallets_merchant_id` (`merchant_id`),
  CONSTRAINT `fk_wallets_merchant_id` FOREIGN KEY (`merchant_id`) REFERENCES `merchants` (`id`) ON DELETE SET NULL ON UPDATE SET NULL,
  CONSTRAINT `fk_wallets_wallet_type_id` FOREIGN KEY (`wallet_type_id`) REFERENCES `wallet_types` (`id`) ON DELETE SET NULL ON UPDATE SET NULL
) ENGINE=InnoDB AUTO_INCREMENT=267 DEFAULT CHARSET=utf8mb4 COLLATE=utf8mb4_unicode_ci;

-- Dumping data for table winboss_api_pipay.wallets: ~266 rows (approximately)
INSERT INTO `wallets` (`id`, `merchant_id`, `wallet_type_id`, `wallet_name`, `balance`, `created_at`, `updated_at`) VALUES
	(1, 1, 1, 'Zalo Balance', 1.00000000, '2024-04-01 05:08:48', '2024-04-01 05:08:48'),
	(2, 1, 2, 'Viettel Balance', 0.00000000, '2024-04-01 05:08:48', '2024-04-01 05:08:48'),
	(3, 1, 3, 'Payout Balance', 0.00000000, '2024-04-01 05:08:48', '2024-04-01 05:08:48'),
	(4, 1, 4, 'Momo Balance', 0.00000000, '2024-04-01 05:08:48', '2024-04-01 05:08:48'),
	(5, 1, 5, 'Online Balance', 0.00000000, '2024-04-01 05:08:48', '2024-04-01 05:08:48'),
	(6, 1, 6, 'USDT Balance', 0.00000000, '2024-04-01 05:08:48', '2024-04-01 05:08:48'),
	(7, 1, 7, 'Recharge Balance', 0.00000000, '2024-04-01 05:08:48', '2024-04-01 05:08:48'),
	(8, 2, 1, 'Zalo Balance', 0.00000000, '2024-04-04 04:45:08', '2024-04-04 04:45:08'),
	(9, 2, 2, 'Viettel pay Balance', 0.00000000, '2024-04-04 04:45:08', '2024-04-04 04:45:08'),
	(10, 2, 3, 'Payout Balance', 0.00000000, '2024-04-04 04:45:08', '2024-04-04 04:45:08'),
	(11, 2, 4, 'Momo Balance', 8249005.00000000, '2024-04-04 04:45:08', '2024-06-25 04:58:31'),
	(12, 2, 5, 'Online Balance', 0.00000000, '2024-04-04 04:45:08', '2024-04-17 06:41:52'),
	(13, 2, 6, 'USDT number', 0.00000000, '2024-04-04 04:45:08', '2024-04-04 04:45:08'),
	(14, 2, 7, 'Recharge Balance', 0.00000000, '2024-04-04 04:45:08', '2024-04-04 04:45:08'),
	(15, NULL, 1, 'Zalo Balance', 0.00000000, '2024-04-04 04:45:46', '2024-04-04 04:45:46'),
	(16, NULL, 2, 'Viettel pay Balance', 0.00000000, '2024-04-04 04:45:46', '2024-04-04 04:45:46'),
	(17, NULL, 3, 'Payout Balance', 0.00000000, '2024-04-04 04:45:46', '2024-04-04 04:45:46'),
	(18, NULL, 4, 'Momo Balance', 0.00000000, '2024-04-04 04:45:46', '2024-04-04 04:45:46'),
	(19, NULL, 5, 'Online Balance', 0.00000000, '2024-04-04 04:45:46', '2024-04-04 04:45:46'),
	(20, NULL, 6, 'USDT number', 0.00000000, '2024-04-04 04:45:46', '2024-04-04 04:45:46'),
	(21, NULL, 7, 'Recharge Balance', 0.00000000, '2024-04-04 04:45:46', '2024-04-04 04:45:46'),
	(22, NULL, 1, 'Zalo Balance', 0.00000000, '2024-04-04 04:46:12', '2024-04-04 04:46:12'),
	(23, NULL, 2, 'Viettel pay Balance', 0.00000000, '2024-04-04 04:46:12', '2024-04-04 04:46:12'),
	(24, NULL, 3, 'Payout Balance', 0.00000000, '2024-04-04 04:46:12', '2024-04-04 04:46:12'),
	(25, NULL, 4, 'Momo Balance', 0.00000000, '2024-04-04 04:46:12', '2024-04-04 04:46:12'),
	(26, NULL, 5, 'Online Balance', 0.00000000, '2024-04-04 04:46:12', '2024-04-04 04:46:12'),
	(27, NULL, 6, 'USDT number', 0.00000000, '2024-04-04 04:46:12', '2024-04-04 04:46:12'),
	(28, NULL, 7, 'Recharge Balance', 0.00000000, '2024-04-04 04:46:12', '2024-04-04 04:46:12'),
	(29, NULL, 1, 'Zalo Balance', 0.00000000, '2024-04-04 04:46:32', '2024-04-04 04:46:32'),
	(30, NULL, 2, 'Viettel pay Balance', 0.00000000, '2024-04-04 04:46:32', '2024-04-04 04:46:32'),
	(31, NULL, 3, 'Payout Balance', 0.00000000, '2024-04-04 04:46:32', '2024-04-04 04:46:32'),
	(32, NULL, 4, 'Momo Balance', 0.00000000, '2024-04-04 04:46:32', '2024-04-04 04:46:32'),
	(33, NULL, 5, 'Online Balance', 0.00000000, '2024-04-04 04:46:32', '2024-04-04 04:46:32'),
	(34, NULL, 6, 'USDT number', 0.00000000, '2024-04-04 04:46:32', '2024-04-04 04:46:32'),
	(35, NULL, 7, 'Recharge Balance', 0.00000000, '2024-04-04 04:46:32', '2024-04-04 04:46:32'),
	(36, NULL, 1, 'Zalo Balance', 0.00000000, '2024-04-04 04:47:53', '2024-04-04 04:47:53'),
	(37, NULL, 2, 'Viettel pay Balance', 0.00000000, '2024-04-04 04:47:53', '2024-04-04 04:47:53'),
	(38, NULL, 3, 'Payout Balance', 0.00000000, '2024-04-04 04:47:53', '2024-04-04 04:47:53'),
	(39, NULL, 4, 'Momo Balance', 0.00000000, '2024-04-04 04:47:53', '2024-04-04 04:47:53'),
	(40, NULL, 5, 'Online Balance', 0.00000000, '2024-04-04 04:47:53', '2024-04-04 04:47:53'),
	(41, NULL, 6, 'USDT number', 0.00000000, '2024-04-04 04:47:53', '2024-04-04 04:47:53'),
	(42, NULL, 7, 'Recharge Balance', 0.00000000, '2024-04-04 04:47:53', '2024-04-04 04:47:53'),
	(43, 7, 1, 'Zalo Balance', 0.00000000, '2024-04-04 08:15:38', '2024-04-04 08:15:38'),
	(44, 7, 2, 'Viettel pay Balance', 0.00000000, '2024-04-04 08:15:38', '2024-04-04 08:15:38'),
	(45, 7, 3, 'Payout Balance', 0.00000000, '2024-04-04 08:15:38', '2024-04-04 08:15:38'),
	(46, 7, 4, 'Momo Balance', 229640.00000000, '2024-04-04 08:15:38', '2024-04-27 03:54:29'),
	(47, 7, 5, 'Online Balance', 0.00000000, '2024-04-04 08:15:38', '2024-04-04 08:15:38'),
	(48, 7, 6, 'USDT number', 0.00000000, '2024-04-04 08:15:38', '2024-04-04 08:15:38'),
	(49, 7, 7, 'Recharge Balance', 0.00000000, '2024-04-04 08:15:38', '2024-04-04 08:15:38'),
	(50, 8, 1, 'Zalo Balance', 0.00000000, '2024-04-04 08:19:17', '2024-04-04 08:19:17'),
	(51, 8, 2, 'Viettel pay Balance', 0.00000000, '2024-04-04 08:19:17', '2024-04-04 08:19:17'),
	(52, 8, 3, 'Payout Balance', 0.00000000, '2024-04-04 08:19:17', '2024-04-04 08:19:17'),
	(53, 8, 4, 'Momo Balance', 0.00000000, '2024-04-04 08:19:17', '2024-04-04 08:19:17'),
	(54, 8, 5, 'Online Balance', 0.00000000, '2024-04-04 08:19:17', '2024-04-04 08:19:17'),
	(55, 8, 6, 'USDT number', 0.00000000, '2024-04-04 08:19:17', '2024-04-04 08:19:17'),
	(56, 8, 7, 'Recharge Balance', 0.00000000, '2024-04-04 08:19:17', '2024-04-04 08:19:17'),
	(57, 9, 1, 'Zalo Balance', 0.00000000, '2024-04-05 07:50:44', '2024-04-05 07:50:44'),
	(58, 9, 2, 'Viettel pay Balance', 0.00000000, '2024-04-05 07:50:44', '2024-04-05 07:50:44'),
	(59, 9, 3, 'Payout Balance', 0.00000000, '2024-04-05 07:50:44', '2024-04-05 07:50:44'),
	(60, 9, 4, 'Momo Balance', 0.00000000, '2024-04-05 07:50:44', '2024-04-05 07:50:44'),
	(61, 9, 5, 'Online Balance', 0.00000000, '2024-04-05 07:50:44', '2024-04-05 07:50:44'),
	(62, 9, 6, 'USDT number', 0.00000000, '2024-04-05 07:50:44', '2024-04-05 07:50:44'),
	(63, 9, 7, 'Recharge Balance', 0.00000000, '2024-04-05 07:50:44', '2024-04-05 07:50:44'),
	(64, 10, 1, 'Zalo Balance', 0.00000000, '2024-04-05 13:13:36', '2024-04-05 13:13:36'),
	(65, 10, 2, 'Viettel pay Balance', 0.00000000, '2024-04-05 13:13:36', '2024-04-05 13:13:36'),
	(66, 10, 3, 'Payout Balance', 0.00000000, '2024-04-05 13:13:36', '2024-04-05 13:13:36'),
	(67, 10, 4, 'Momo Balance', 0.00000000, '2024-04-05 13:13:36', '2024-04-05 13:13:36'),
	(68, 10, 5, 'Online Balance', 0.00000000, '2024-04-05 13:13:36', '2024-04-05 13:13:36'),
	(69, 10, 6, 'USDT number', 0.00000000, '2024-04-05 13:13:36', '2024-04-05 13:13:36'),
	(70, 10, 7, 'Recharge Balance', 0.00000000, '2024-04-05 13:13:36', '2024-04-05 13:13:36'),
	(71, 11, 1, 'Zalo Balance', 0.00000000, '2024-04-05 13:14:38', '2024-04-05 13:14:38'),
	(72, 11, 2, 'Viettel pay Balance', 0.00000000, '2024-04-05 13:14:38', '2024-04-05 13:14:38'),
	(73, 11, 3, 'Payout Balance', 0.00000000, '2024-04-05 13:14:38', '2024-04-05 13:14:38'),
	(74, 11, 4, 'Momo Balance', 0.00000000, '2024-04-05 13:14:38', '2024-04-05 13:14:38'),
	(75, 11, 5, 'Online Balance', 0.00000000, '2024-04-05 13:14:38', '2024-04-05 13:14:38'),
	(76, 11, 6, 'USDT number', 0.00000000, '2024-04-05 13:14:38', '2024-04-05 13:14:38'),
	(77, 11, 7, 'Recharge Balance', 0.00000000, '2024-04-05 13:14:38', '2024-04-05 13:14:38'),
	(78, 12, 1, 'Zalo Balance', 0.00000000, '2024-04-05 13:18:45', '2024-04-05 13:18:45'),
	(79, 12, 2, 'Viettel pay Balance', 0.00000000, '2024-04-05 13:18:45', '2024-04-05 13:18:45'),
	(80, 12, 3, 'Payout Balance', 0.00000000, '2024-04-05 13:18:45', '2024-04-05 13:18:45'),
	(81, 12, 4, 'Momo Balance', 0.00000000, '2024-04-05 13:18:45', '2024-04-05 13:18:45'),
	(82, 12, 5, 'Online Balance', 0.00000000, '2024-04-05 13:18:45', '2024-04-05 13:18:45'),
	(83, 12, 6, 'USDT number', 0.00000000, '2024-04-05 13:18:45', '2024-04-05 13:18:45'),
	(84, 12, 7, 'Recharge Balance', 0.00000000, '2024-04-05 13:18:45', '2024-04-05 13:18:45'),
	(85, 13, 1, 'Zalo Balance', 0.00000000, '2024-04-05 13:19:00', '2024-04-05 13:19:00'),
	(86, 13, 2, 'Viettel pay Balance', 0.00000000, '2024-04-05 13:19:00', '2024-04-05 13:19:00'),
	(87, 13, 3, 'Payout Balance', 0.00000000, '2024-04-05 13:19:00', '2024-04-05 13:19:00'),
	(88, 13, 4, 'Momo Balance', 0.00000000, '2024-04-05 13:19:00', '2024-04-05 13:19:00'),
	(89, 13, 5, 'Online Balance', 0.00000000, '2024-04-05 13:19:00', '2024-04-05 13:19:00'),
	(90, 13, 6, 'USDT number', 0.00000000, '2024-04-05 13:19:01', '2024-04-05 13:19:01'),
	(91, 13, 7, 'Recharge Balance', 0.00000000, '2024-04-05 13:19:01', '2024-04-05 13:19:01'),
	(92, 14, 1, 'Zalo Balance', 0.00000000, '2024-04-05 13:58:00', '2024-04-05 13:58:00'),
	(93, 14, 2, 'Viettel pay Balance', 0.00000000, '2024-04-05 13:58:00', '2024-04-05 13:58:00'),
	(94, 14, 3, 'Payout Balance', 0.00000000, '2024-04-05 13:58:00', '2024-04-05 13:58:00'),
	(95, 14, 4, 'Momo Balance', 0.00000000, '2024-04-05 13:58:00', '2024-04-05 13:58:00'),
	(96, 14, 5, 'Online Balance', 0.00000000, '2024-04-05 13:58:00', '2024-04-05 13:58:00'),
	(97, 14, 6, 'USDT number', 0.00000000, '2024-04-05 13:58:00', '2024-04-05 13:58:00'),
	(98, 14, 7, 'Recharge Balance', 0.00000000, '2024-04-05 13:58:00', '2024-04-05 13:58:00'),
	(99, 15, 1, 'Zalo Balance', 0.00000000, '2024-04-05 13:58:19', '2024-04-05 13:58:19'),
	(100, 15, 2, 'Viettel pay Balance', 0.00000000, '2024-04-05 13:58:19', '2024-04-05 13:58:19'),
	(101, 15, 3, 'Payout Balance', 0.00000000, '2024-04-05 13:58:19', '2024-04-05 13:58:19'),
	(102, 15, 4, 'Momo Balance', 0.00000000, '2024-04-05 13:58:19', '2024-04-05 13:58:19'),
	(103, 15, 5, 'Online Balance', 0.00000000, '2024-04-05 13:58:19', '2024-04-05 13:58:19'),
	(104, 15, 6, 'USDT number', 0.00000000, '2024-04-05 13:58:19', '2024-04-05 13:58:19'),
	(105, 15, 7, 'Recharge Balance', 0.00000000, '2024-04-05 13:58:19', '2024-04-05 13:58:19'),
	(106, 16, 1, 'Zalo Balance', 0.00000000, '2024-04-05 13:58:25', '2024-04-05 13:58:25'),
	(107, 16, 2, 'Viettel pay Balance', 0.00000000, '2024-04-05 13:58:25', '2024-04-05 13:58:25'),
	(108, 16, 3, 'Payout Balance', 0.00000000, '2024-04-05 13:58:25', '2024-04-05 13:58:25'),
	(109, 16, 4, 'Momo Balance', 0.00000000, '2024-04-05 13:58:25', '2024-04-05 13:58:25'),
	(110, 16, 5, 'Online Balance', 0.00000000, '2024-04-05 13:58:25', '2024-04-05 13:58:25'),
	(111, 16, 6, 'USDT number', 0.00000000, '2024-04-05 13:58:25', '2024-04-05 13:58:25'),
	(112, 16, 7, 'Recharge Balance', 0.00000000, '2024-04-05 13:58:25', '2024-04-05 13:58:25'),
	(113, 17, 1, 'Zalo Balance', 0.00000000, '2024-04-05 14:00:55', '2024-04-05 14:00:55'),
	(114, 17, 2, 'Viettel pay Balance', 0.00000000, '2024-04-05 14:00:55', '2024-04-05 14:00:55'),
	(115, 17, 3, 'Payout Balance', 0.00000000, '2024-04-05 14:00:55', '2024-04-05 14:00:55'),
	(116, 17, 4, 'Momo Balance', 0.00000000, '2024-04-05 14:00:55', '2024-04-05 14:00:55'),
	(117, 17, 5, 'Online Balance', 0.00000000, '2024-04-05 14:00:55', '2024-04-05 14:00:55'),
	(118, 17, 6, 'USDT number', 0.00000000, '2024-04-05 14:00:55', '2024-04-05 14:00:55'),
	(119, 17, 7, 'Recharge Balance', 0.00000000, '2024-04-05 14:00:55', '2024-04-05 14:00:55'),
	(120, 18, 1, 'Zalo Balance', 0.00000000, '2024-04-05 14:01:18', '2024-04-05 14:01:18'),
	(121, 18, 2, 'Viettel pay Balance', 0.00000000, '2024-04-05 14:01:18', '2024-04-05 14:01:18'),
	(122, 18, 3, 'Payout Balance', 0.00000000, '2024-04-05 14:01:18', '2024-04-05 14:01:18'),
	(123, 18, 4, 'Momo Balance', 0.00000000, '2024-04-05 14:01:18', '2024-04-05 14:01:18'),
	(124, 18, 5, 'Online Balance', 0.00000000, '2024-04-05 14:01:18', '2024-04-05 14:01:18'),
	(125, 18, 6, 'USDT number', 0.00000000, '2024-04-05 14:01:18', '2024-04-05 14:01:18'),
	(126, 18, 7, 'Recharge Balance', 0.00000000, '2024-04-05 14:01:18', '2024-04-05 14:01:18'),
	(127, 19, 1, 'Zalo Balance', 0.00000000, '2024-04-05 14:33:07', '2024-04-05 14:33:07'),
	(128, 19, 2, 'Viettel pay Balance', 0.00000000, '2024-04-05 14:33:07', '2024-04-05 14:33:07'),
	(129, 19, 3, 'Payout Balance', 0.00000000, '2024-04-05 14:33:07', '2024-04-05 14:33:07'),
	(130, 19, 4, 'Momo Balance', 0.00000000, '2024-04-05 14:33:07', '2024-04-05 14:33:07'),
	(131, 19, 5, 'Online Balance', 0.00000000, '2024-04-05 14:33:07', '2024-04-05 14:33:07'),
	(132, 19, 6, 'USDT number', 0.00000000, '2024-04-05 14:33:07', '2024-04-05 14:33:07'),
	(133, 19, 7, 'Recharge Balance', 0.00000000, '2024-04-05 14:33:07', '2024-04-05 14:33:07'),
	(134, 20, 1, 'Zalo Balance', 0.00000000, '2024-04-05 14:35:04', '2024-04-05 14:35:04'),
	(135, 20, 2, 'Viettel pay Balance', 0.00000000, '2024-04-05 14:35:04', '2024-04-05 14:35:04'),
	(136, 20, 3, 'Payout Balance', 0.00000000, '2024-04-05 14:35:04', '2024-04-05 14:35:04'),
	(137, 20, 4, 'Momo Balance', 0.00000000, '2024-04-05 14:35:04', '2024-04-05 14:35:04'),
	(138, 20, 5, 'Online Balance', 0.00000000, '2024-04-05 14:35:04', '2024-04-05 14:35:04'),
	(139, 20, 6, 'USDT number', 0.00000000, '2024-04-05 14:35:04', '2024-04-05 14:35:04'),
	(140, 20, 7, 'Recharge Balance', 0.00000000, '2024-04-05 14:35:04', '2024-04-05 14:35:04'),
	(141, 21, 1, 'Zalo Balance', 0.00000000, '2024-04-06 16:59:39', '2024-04-06 16:59:39'),
	(142, 21, 2, 'Viettel pay Balance', 0.00000000, '2024-04-06 16:59:39', '2024-04-06 16:59:39'),
	(143, 21, 3, 'Payout Balance', 0.00000000, '2024-04-06 16:59:39', '2024-04-06 16:59:39'),
	(144, 21, 4, 'Momo Balance', 0.00000000, '2024-04-06 16:59:39', '2024-04-06 16:59:39'),
	(145, 21, 5, 'Online Balance', 0.00000000, '2024-04-06 16:59:39', '2024-04-06 16:59:39'),
	(146, 21, 6, 'USDT number', 0.00000000, '2024-04-06 16:59:39', '2024-04-06 16:59:39'),
	(147, 21, 7, 'Recharge Balance', 0.00000000, '2024-04-06 16:59:39', '2024-04-06 16:59:39'),
	(148, 22, 1, 'Zalo Balance', 0.00000000, '2024-04-06 18:10:58', '2024-04-06 18:10:58'),
	(149, 22, 2, 'Viettel pay Balance', 0.00000000, '2024-04-06 18:10:58', '2024-04-06 18:10:58'),
	(150, 22, 3, 'Payout Balance', 0.00000000, '2024-04-06 18:10:58', '2024-04-06 18:10:58'),
	(151, 22, 4, 'Momo Balance', 0.00000000, '2024-04-06 18:10:58', '2024-04-06 18:10:58'),
	(152, 22, 5, 'Online Balance', 0.00000000, '2024-04-06 18:10:58', '2024-04-06 18:10:58'),
	(153, 22, 6, 'USDT number', 0.00000000, '2024-04-06 18:10:58', '2024-04-06 18:10:58'),
	(154, 22, 7, 'Recharge Balance', 0.00000000, '2024-04-06 18:10:58', '2024-04-06 18:10:58'),
	(155, 23, 1, 'Zalo Balance', 0.00000000, '2024-04-06 18:11:38', '2024-04-06 18:11:38'),
	(156, 23, 2, 'Viettel pay Balance', 0.00000000, '2024-04-06 18:11:38', '2024-04-06 18:11:38'),
	(157, 23, 3, 'Payout Balance', 0.00000000, '2024-04-06 18:11:38', '2024-04-06 18:11:38'),
	(158, 23, 4, 'Momo Balance', 0.00000000, '2024-04-06 18:11:38', '2024-04-06 18:11:38'),
	(159, 23, 5, 'Online Balance', 0.00000000, '2024-04-06 18:11:38', '2024-04-06 18:11:38'),
	(160, 23, 6, 'USDT number', 0.00000000, '2024-04-06 18:11:38', '2024-04-06 18:11:38'),
	(161, 23, 7, 'Recharge Balance', 0.00000000, '2024-04-06 18:11:38', '2024-04-06 18:11:38'),
	(162, 24, 1, 'Zalo Balance', 0.00000000, '2024-04-07 02:53:42', '2024-04-07 02:53:42'),
	(163, 24, 2, 'Viettel pay Balance', 0.00000000, '2024-04-07 02:53:42', '2024-04-07 02:53:42'),
	(164, 24, 3, 'Payout Balance', 0.00000000, '2024-04-07 02:53:42', '2024-04-07 02:53:42'),
	(165, 24, 4, 'Momo Balance', 0.00000000, '2024-04-07 02:53:42', '2024-04-07 02:53:42'),
	(166, 24, 5, 'Online Balance', 0.00000000, '2024-04-07 02:53:42', '2024-04-07 02:53:42'),
	(167, 24, 6, 'USDT number', 0.00000000, '2024-04-07 02:53:42', '2024-04-07 02:53:42'),
	(168, 24, 7, 'Recharge Balance', 0.00000000, '2024-04-07 02:53:42', '2024-04-07 02:53:42'),
	(169, 25, 1, 'Zalo Balance', 0.00000000, '2024-04-07 03:22:51', '2024-04-07 03:22:51'),
	(170, 25, 2, 'Viettel pay Balance', 0.00000000, '2024-04-07 03:22:51', '2024-04-07 03:22:51'),
	(171, 25, 3, 'Payout Balance', 0.00000000, '2024-04-07 03:22:51', '2024-04-07 03:22:51'),
	(172, 25, 4, 'Momo Balance', 0.00000000, '2024-04-07 03:22:51', '2024-04-07 03:22:51'),
	(173, 25, 5, 'Online Balance', 0.00000000, '2024-04-07 03:22:51', '2024-04-07 03:22:51'),
	(174, 25, 6, 'USDT number', 0.00000000, '2024-04-07 03:22:51', '2024-04-07 03:22:51'),
	(175, 25, 7, 'Recharge Balance', 0.00000000, '2024-04-07 03:22:51', '2024-04-07 03:22:51'),
	(176, 26, 1, 'Zalo Balance', 0.00000000, '2024-04-07 03:25:29', '2024-04-07 03:25:29'),
	(177, 26, 2, 'Viettel pay Balance', 0.00000000, '2024-04-07 03:25:29', '2024-04-07 03:25:29'),
	(178, 26, 3, 'Payout Balance', 0.00000000, '2024-04-07 03:25:29', '2024-04-07 03:25:29'),
	(179, 26, 4, 'Momo Balance', 39520.00000000, '2024-04-07 03:25:29', '2024-04-26 03:31:04'),
	(180, 26, 5, 'Online Balance', 0.00000000, '2024-04-07 03:25:29', '2024-04-07 03:25:29'),
	(181, 26, 6, 'USDT number', 0.00000000, '2024-04-07 03:25:29', '2024-04-07 03:25:29'),
	(182, 26, 7, 'Recharge Balance', 0.00000000, '2024-04-07 03:25:29', '2024-04-07 03:25:29'),
	(183, 27, 1, 'Zalo Balance', 0.00000000, '2024-04-07 03:27:51', '2024-04-07 03:27:51'),
	(184, 27, 2, 'Viettel pay Balance', 0.00000000, '2024-04-07 03:27:51', '2024-04-07 03:27:51'),
	(185, 27, 3, 'Payout Balance', 0.00000000, '2024-04-07 03:27:51', '2024-04-07 03:27:51'),
	(186, 27, 4, 'Momo Balance', 0.00000000, '2024-04-07 03:27:51', '2024-04-07 03:27:51'),
	(187, 27, 5, 'Online Balance', 0.00000000, '2024-04-07 03:27:51', '2024-04-07 03:27:51'),
	(188, 27, 6, 'USDT number', 0.00000000, '2024-04-07 03:27:51', '2024-04-07 03:27:51'),
	(189, 27, 7, 'Recharge Balance', 0.00000000, '2024-04-07 03:27:51', '2024-04-07 03:27:51'),
	(190, 28, 1, 'Zalo Balance', 0.00000000, '2024-04-07 09:40:39', '2024-04-07 09:40:39'),
	(191, 28, 2, 'Viettel pay Balance', 0.00000000, '2024-04-07 09:40:39', '2024-04-07 09:40:39'),
	(192, 28, 3, 'Payout Balance', 0.00000000, '2024-04-07 09:40:39', '2024-04-07 09:40:39'),
	(193, 28, 4, 'Momo Balance', 0.00000000, '2024-04-07 09:40:39', '2024-04-07 09:40:39'),
	(194, 28, 5, 'Online Balance', 0.00000000, '2024-04-07 09:40:39', '2024-04-07 09:40:39'),
	(195, 28, 6, 'USDT number', 0.00000000, '2024-04-07 09:40:39', '2024-04-07 09:40:39'),
	(196, 28, 7, 'Recharge Balance', 0.00000000, '2024-04-07 09:40:39', '2024-04-07 09:40:39'),
	(197, 29, 1, 'Zalo Balance', 0.00000000, '2024-04-12 03:17:48', '2024-04-12 03:17:48'),
	(198, 29, 2, 'Viettel pay Balance', 0.00000000, '2024-04-12 03:17:48', '2024-04-12 03:17:48'),
	(199, 29, 3, 'Payout Balance', 0.00000000, '2024-04-12 03:17:48', '2024-04-12 03:17:48'),
	(200, 29, 4, 'Momo Balance', 0.00000000, '2024-04-12 03:17:48', '2024-04-12 03:17:48'),
	(201, 29, 5, 'Online Balance', 0.00000000, '2024-04-12 03:17:48', '2024-04-12 03:17:48'),
	(202, 29, 6, 'USDT number', 0.00000000, '2024-04-12 03:17:48', '2024-04-12 03:17:48'),
	(203, 29, 7, 'Recharge Balance', 0.00000000, '2024-04-12 03:17:48', '2024-04-12 03:17:48'),
	(204, 30, 1, 'Zalo Balance', 0.00000000, '2024-04-12 03:18:35', '2024-04-12 03:18:35'),
	(205, 30, 2, 'Viettel pay Balance', 0.00000000, '2024-04-12 03:18:35', '2024-04-12 03:18:35'),
	(206, 30, 3, 'Payout Balance', 0.00000000, '2024-04-12 03:18:35', '2024-04-12 03:18:35'),
	(207, 30, 4, 'Momo Balance', 0.00000000, '2024-04-12 03:18:35', '2024-04-12 03:18:35'),
	(208, 30, 5, 'Online Balance', 0.00000000, '2024-04-12 03:18:35', '2024-04-12 03:18:35'),
	(209, 30, 6, 'USDT number', 0.00000000, '2024-04-12 03:18:35', '2024-04-12 03:18:35'),
	(210, 30, 7, 'Recharge Balance', 0.00000000, '2024-04-12 03:18:35', '2024-04-12 03:18:35'),
	(211, 31, 1, 'Zalo Balance', 0.00000000, '2024-04-12 03:20:49', '2024-04-12 03:20:49'),
	(212, 31, 2, 'Viettel pay Balance', 0.00000000, '2024-04-12 03:20:49', '2024-04-12 03:20:49'),
	(213, 31, 3, 'Payout Balance', 0.00000000, '2024-04-12 03:20:49', '2024-04-12 03:20:49'),
	(214, 31, 4, 'Momo Balance', 0.00000000, '2024-04-12 03:20:49', '2024-04-12 03:20:49'),
	(215, 31, 5, 'Online Balance', 0.00000000, '2024-04-12 03:20:49', '2024-04-12 03:20:49'),
	(216, 31, 6, 'USDT number', 0.00000000, '2024-04-12 03:20:49', '2024-04-12 03:20:49'),
	(217, 31, 7, 'Recharge Balance', 0.00000000, '2024-04-12 03:20:49', '2024-04-12 03:20:49'),
	(218, 32, 1, 'Zalo Balance', 0.00000000, '2024-04-12 03:20:51', '2024-04-12 03:20:51'),
	(219, 32, 2, 'Viettel pay Balance', 0.00000000, '2024-04-12 03:20:51', '2024-04-12 03:20:51'),
	(220, 32, 3, 'Payout Balance', 0.00000000, '2024-04-12 03:20:51', '2024-04-12 03:20:51'),
	(221, 32, 4, 'Momo Balance', 0.00000000, '2024-04-12 03:20:51', '2024-04-12 03:20:51'),
	(222, 32, 5, 'Online Balance', 0.00000000, '2024-04-12 03:20:51', '2024-04-12 03:20:51'),
	(223, 32, 6, 'USDT number', 0.00000000, '2024-04-12 03:20:51', '2024-04-12 03:20:51'),
	(224, 32, 7, 'Recharge Balance', 0.00000000, '2024-04-12 03:20:51', '2024-04-12 03:20:51'),
	(225, 33, 1, 'Zalo Balance', 0.00000000, '2024-04-12 03:20:56', '2024-04-12 03:20:56'),
	(226, 33, 2, 'Viettel pay Balance', 0.00000000, '2024-04-12 03:20:56', '2024-04-12 03:20:56'),
	(227, 33, 3, 'Payout Balance', 0.00000000, '2024-04-12 03:20:56', '2024-04-12 03:20:56'),
	(228, 33, 4, 'Momo Balance', 0.00000000, '2024-04-12 03:20:56', '2024-04-12 03:20:56'),
	(229, 33, 5, 'Online Balance', 0.00000000, '2024-04-12 03:20:56', '2024-04-12 03:20:56'),
	(230, 33, 6, 'USDT number', 0.00000000, '2024-04-12 03:20:56', '2024-04-12 03:20:56'),
	(231, 33, 7, 'Recharge Balance', 0.00000000, '2024-04-12 03:20:56', '2024-04-12 03:20:56'),
	(232, 34, 1, 'Zalo Balance', 0.00000000, '2024-04-13 07:23:24', '2024-04-13 07:23:24'),
	(233, 34, 2, 'Viettel pay Balance', 0.00000000, '2024-04-13 07:23:24', '2024-04-13 07:23:24'),
	(234, 34, 3, 'Payout Balance', 0.00000000, '2024-04-13 07:23:24', '2024-04-13 07:23:24'),
	(235, 34, 4, 'Momo Balance', 0.00000000, '2024-04-13 07:23:24', '2024-04-13 07:23:24'),
	(236, 34, 5, 'Online Balance', 0.00000000, '2024-04-13 07:23:24', '2024-04-13 07:23:24'),
	(237, 34, 6, 'USDT number', 0.00000000, '2024-04-13 07:23:24', '2024-04-13 07:23:24'),
	(238, 34, 7, 'Recharge Balance', 0.00000000, '2024-04-13 07:23:24', '2024-04-13 07:23:24'),
	(239, 35, 1, 'Zalo Balance', 0.00000000, '2024-04-13 12:31:16', '2024-04-13 12:31:16'),
	(240, 35, 2, 'Viettel pay Balance', 0.00000000, '2024-04-13 12:31:16', '2024-04-13 12:31:16'),
	(241, 35, 3, 'Payout Balance', 0.00000000, '2024-04-13 12:31:16', '2024-04-13 12:31:16'),
	(242, 35, 4, 'Momo Balance', 0.00000000, '2024-04-13 12:31:16', '2024-04-13 12:31:16'),
	(243, 35, 5, 'Online Balance', 0.00000000, '2024-04-13 12:31:16', '2024-04-13 12:31:16'),
	(244, 35, 6, 'USDT number', 0.00000000, '2024-04-13 12:31:16', '2024-04-13 12:31:16'),
	(245, 35, 7, 'Recharge Balance', 0.00000000, '2024-04-13 12:31:16', '2024-04-13 12:31:16'),
	(246, 36, 1, 'Zalo Balance', 0.00000000, '2024-04-15 09:31:35', '2024-04-15 09:31:35'),
	(247, 36, 2, 'Viettel pay Balance', 0.00000000, '2024-04-15 09:31:35', '2024-04-15 09:31:35'),
	(248, 36, 3, 'Payout Balance', 0.00000000, '2024-04-15 09:31:35', '2024-04-15 09:31:35'),
	(249, 36, 4, 'Momo Balance', 0.00000000, '2024-04-15 09:31:35', '2024-04-15 09:31:35'),
	(250, 36, 5, 'Online Balance', 0.00000000, '2024-04-15 09:31:35', '2024-04-15 09:31:35'),
	(251, 36, 6, 'USDT number', 0.00000000, '2024-04-15 09:31:35', '2024-04-15 09:31:35'),
	(252, 36, 7, 'Recharge Balance', 0.00000000, '2024-04-15 09:31:35', '2024-04-15 09:31:35'),
	(253, 37, 1, 'Zalo Balance', 0.00000000, '2024-04-15 10:01:47', '2024-04-15 10:01:47'),
	(254, 37, 2, 'Viettel pay Balance', 0.00000000, '2024-04-15 10:01:47', '2024-04-15 10:01:47'),
	(255, 37, 3, 'Payout Balance', 0.00000000, '2024-04-15 10:01:47', '2024-04-15 10:01:47'),
	(256, 37, 4, 'Momo Balance', 0.00000000, '2024-04-15 10:01:47', '2024-04-15 10:01:47'),
	(257, 37, 5, 'Online Balance', 0.00000000, '2024-04-15 10:01:47', '2024-04-15 10:01:47'),
	(258, 37, 6, 'USDT number', 0.00000000, '2024-04-15 10:01:47', '2024-04-15 10:01:47'),
	(259, 37, 7, 'Recharge Balance', 0.00000000, '2024-04-15 10:01:47', '2024-04-15 10:01:47'),
	(260, 38, 1, 'Zalo Balance', 0.00000000, '2024-04-15 10:01:50', '2024-04-15 10:01:50'),
	(261, 38, 2, 'Viettel pay Balance', 0.00000000, '2024-04-15 10:01:50', '2024-04-15 10:01:50'),
	(262, 38, 3, 'Payout Balance', 0.00000000, '2024-04-15 10:01:50', '2024-04-15 10:01:50'),
	(263, 38, 4, 'Momo Balance', 0.00000000, '2024-04-15 10:01:50', '2024-04-15 10:01:50'),
	(264, 38, 5, 'Online Balance', 0.00000000, '2024-04-15 10:01:50', '2024-04-15 10:01:50'),
	(265, 38, 6, 'USDT number', 0.00000000, '2024-04-15 10:01:50', '2024-04-15 10:01:50'),
	(266, 38, 7, 'Recharge Balance', 0.00000000, '2024-04-15 10:01:50', '2024-04-15 10:01:50');

-- Dumping structure for table winboss_api_pipay.wallet_types
CREATE TABLE IF NOT EXISTS `wallet_types` (
  `id` int NOT NULL AUTO_INCREMENT,
  `name` varchar(256) CHARACTER SET utf8mb4 COLLATE utf8mb4_unicode_ci DEFAULT NULL,
  `slug` varchar(256) CHARACTER SET utf8mb4 COLLATE utf8mb4_unicode_ci DEFAULT NULL,
  `is_add` int NOT NULL DEFAULT '0',
  `order_no` int NOT NULL DEFAULT '0',
  `created_at` datetime NOT NULL DEFAULT CURRENT_TIMESTAMP,
  `updated_at` datetime DEFAULT NULL,
  `is_default` int DEFAULT '0',
  PRIMARY KEY (`id`)
) ENGINE=InnoDB AUTO_INCREMENT=15 DEFAULT CHARSET=utf8mb4 COLLATE=utf8mb4_unicode_ci;

-- Dumping data for table winboss_api_pipay.wallet_types: ~7 rows (approximately)
INSERT INTO `wallet_types` (`id`, `name`, `slug`, `is_add`, `order_no`, `created_at`, `updated_at`, `is_default`) VALUES
	(1, 'Zalo Balance', 'zalo', 1, 0, '2024-04-01 11:00:41', NULL, 0),
	(2, 'Viettel pay Balance', 'viettel', 1, 0, '2024-04-01 11:00:47', NULL, 0),
	(3, 'Payout Balance', 'payout', 1, 0, '2024-04-01 11:05:56', NULL, 0),
	(4, 'Momo Balance', 'momo', 1, 0, '2024-04-01 11:06:04', NULL, 0),
	(5, 'Online Balance', 'online', 1, 0, '2024-04-01 11:06:28', NULL, 1),
	(6, 'USDT number', 'usdt', 1, 0, '2024-04-01 11:06:34', NULL, 0),
	(7, 'Recharge Balance', 'recharge', 1, 0, '2024-04-01 11:06:44', NULL, 0);

-- Dumping structure for table winboss_api_pipay.withdraw_transactions
CREATE TABLE IF NOT EXISTS `withdraw_transactions` (
  `id` int NOT NULL AUTO_INCREMENT,
  `transaction_id` varchar(255) CHARACTER SET utf8mb4 COLLATE utf8mb4_0900_ai_ci DEFAULT '0',
  `merchant_id` varchar(255) CHARACTER SET utf8mb4 COLLATE utf8mb4_0900_ai_ci DEFAULT '0',
  `channel_id` int DEFAULT '0',
  `channel_slug` varchar(50) NOT NULL DEFAULT '0',
  `amount` decimal(20,6) NOT NULL DEFAULT '0.000000',
  `fee` decimal(20,6) NOT NULL DEFAULT '0.000000',
  `status` varchar(50) CHARACTER SET utf8mb4 COLLATE utf8mb4_0900_ai_ci NOT NULL DEFAULT 'pending',
  `reject_reason` longtext CHARACTER SET utf8mb4 COLLATE utf8mb4_0900_ai_ci,
  `note` longtext CHARACTER SET utf8mb4 COLLATE utf8mb4_0900_ai_ci,
  `created_at` datetime NOT NULL,
  `updated_at` datetime NOT NULL,
  `wallet_type_id` int DEFAULT NULL,
  `order_id` varchar(256) DEFAULT NULL,
  PRIMARY KEY (`id`)
) ENGINE=InnoDB AUTO_INCREMENT=23 DEFAULT CHARSET=utf8mb4 COLLATE=utf8mb4_0900_ai_ci;

-- Dumping data for table winboss_api_pipay.withdraw_transactions: ~3 rows (approximately)
INSERT INTO `withdraw_transactions` (`id`, `transaction_id`, `merchant_id`, `channel_id`, `channel_slug`, `amount`, `fee`, `status`, `reject_reason`, `note`, `created_at`, `updated_at`, `wallet_type_id`, `order_id`) VALUES
	(19, 'c789de34-06f7-4e33-b142-549be725061e', 'pipay418948', 1, 'momo_qr', 2000.000000, 1.000000, 'pending', NULL, NULL, '2024-04-27 03:49:48', '2024-04-27 03:49:48', 4, '20'),
	(20, 'fa6397d4-15bf-4214-8e52-091433297cdd', 'pipay418948', 1, 'momo_qr', 2000.000000, 1.000000, 'pending', NULL, NULL, '2024-05-22 03:39:06', '2024-05-22 03:39:06', 4, '20'),
	(21, '7926fd1a-930b-4e1a-8fab-844808152b85', 'pipay418948', 1, 'momo_qr', 2000.000000, 1.000000, 'pending', NULL, NULL, '2024-05-22 03:39:12', '2024-05-22 03:39:12', 4, '20'),
	(22, '3a04adb0-86d0-48db-bf7b-6703750929be', 'pipay418948', 1, 'momo_qr', 50000.000000, 1.000000, 'pending', NULL, NULL, '2024-05-22 08:22:55', '2024-05-22 08:22:55', 4, '5f61cf4f41e2b411212mm15');

/*!40103 SET TIME_ZONE=IFNULL(@OLD_TIME_ZONE, 'system') */;
/*!40101 SET SQL_MODE=IFNULL(@OLD_SQL_MODE, '') */;
/*!40014 SET FOREIGN_KEY_CHECKS=IFNULL(@OLD_FOREIGN_KEY_CHECKS, 1) */;
/*!40101 SET CHARACTER_SET_CLIENT=@OLD_CHARACTER_SET_CLIENT */;
/*!40111 SET SQL_NOTES=IFNULL(@OLD_SQL_NOTES, 1) */;
